﻿<?xml version="1.0" encoding="utf-8"?>
<deployment>
  <id>e03370f50029ed6e9948ac01900d9646428d84ec1759639217694</id>
  <author>Satoshi-Niina</author>
  <deployer>GitHub</deployer>
  <authorEmail />
  <message>{"type":"Deployment","sha":"e03370f50029ed6e9948ac01900d9646428d84ec","repoName":"Satoshi-Niina/Emergency-Assistance","actor":"Satoshi-Niina","slotName":"production"}</message>
  <progress />
  <status>Success</status>
  <statusText />
  <lastSuccessEndTime>2025-10-05T04:40:17.8564875Z</lastSuccessEndTime>
  <receivedTime>2025-10-05T04:40:17.8564875Z</receivedTime>
  <startTime>2025-10-05T04:40:17.8564875Z</startTime>
  <endTime>2025-10-05T04:40:17.8564875Z</endTime>
  <complete>True</complete>
  <is_temp>False</is_temp>
  <is_readonly>True</is_readonly>
  <buildSummary />
</deployment>