<step title="Incoming Request" date="2025-07-02T07:02:17.357" instance="345353" url="/api/deployments/latest?deployer=OneDeploy&amp;time=2025-07-02_06-59-57Z" method="GET" type="request" pid="820,1,18" Host="emergency-backend-api-efg6gaawcjdmaggy.scm.japanwest-01.azurewebsites.net" User-Agent="GITHUBACTIONS_DeployWebAppToAzure_6afaea893f47a147fa5dac857d1041ffd4a8f022e29971635168cd4dcb90f2c0" Authorization="Bea..." Content-Type="application/json; charset=utf-8" Cookie="ARRAffinity=345353a6e2e5ca1cb44ba615462d7ac6ac166df501ae2807c92c9581cdccacea;Path=/;HttpOnly;Secure;Domain=emergency-backend-api-efg6gaawcjdmaggy.scm.japanwest-01.azurewebsites.net; ARRAffinitySameSite=345353a6e2e5ca1cb44ba615462d7ac6ac166df501ae2807c92c9581cdccacea;Path=/;HttpOnly;SameSite=None;Secure;Domain=emergency-backend-api-efg6gaawcjdmaggy.scm.japanwest-01.azurewebsites.net" Content-Length="0" X-ARR-LOG-ID="80fea6fa-19da-45f1-ad0c-0b4e91995ca8" CLIENT-IP="20.230.67.101:1025" X-SITE-DEPLOYMENT-ID="emergency-backend-api" WAS-DEFAULT-HOSTNAME="emergency-backend-api-efg6gaawcjdmaggy.scm.japanwest-01.azurewebsites.net" X-Forwarded-Proto="https" X-AppService-Proto="https" X-Forwarded-TlsVersion="1.3" X-WAWS-Unencoded-URL="/api/deployments/latest?deployer=OneDeploy&amp;time=2025-07-02_06-59-57Z" X-Client-IP="20.230.67.101" X-Client-Port="1025" >
  <step title="Cleanup Xml Logs" date="2025-07-02T07:02:17.359" >
    <step title="Cleanup Infos" date="2025-07-02T07:02:17.377" totalFiles="249" totalCleanup="89" /><!-- duration: 18ms -->
  </step><!-- duration: 38ms -->
  <step title="DeploymentService.GetResult" date="2025-07-02T07:02:17.417" >
    <step title="DeploymentService.GetLatestDeployment" date="2025-07-02T07:02:17.418" >
      <step title="DeploymentManager.GetResults" date="2025-07-02T07:02:17.426" /><!-- duration: 511ms -->
    </step><!-- duration: 548ms -->
  </step><!-- duration: 551ms -->
  <step title="Outgoing response" date="2025-07-02T07:02:17.985" type="response" statusCode="202" statusText="Accepted" /><!-- duration: 1ms -->
</step><!-- duration: 629ms -->
