<step title="Incoming Request" date="2025-11-08T07:44:54.152" instance="22b10c" url="/api/deployments/latest?deployer=OneDeploy&amp;time=2025-11-08_07-43-15Z" method="GET" type="request" pid="831,1,38" Host="emergency-assistance-bfckhjejb3fbf9du.scm.japanwest-01.azurewebsites.net" User-Agent="GITHUBACTIONS_DeployWebAppToAzure_6afaea893f47a147fa5dac857d1041ffd4a8f022e29971635168cd4dcb90f2c0" Authorization="Bas..." Content-Type="application/json; charset=utf-8" Cookie="ARRAffinity=22b10c938bfb8149b35fcbcb38624f0710e5df8fb4c8f5ac3083a96e2b0cc607;Path=/;HttpOnly;Secure;Domain=emergency-assistance-bfckhjejb3fbf9du.scm.japanwest-01.azurewebsites.net; ARRAffinitySameSite=22b10c938bfb8149b35fcbcb38624f0710e5df8fb4c8f5ac3083a96e2b0cc607;Path=/;HttpOnly;SameSite=None;Secure;Domain=emergency-assistance-bfckhjejb3fbf9du.scm.japanwest-01.azurewebsites.net" Content-Length="0" X-ARR-LOG-ID="54b81834-a918-4358-acca-70689e4415dc" CLIENT-IP="52.225.25.48:64448" X-SITE-DEPLOYMENT-ID="Emergency-Assistance" WAS-DEFAULT-HOSTNAME="emergency-assistance-bfckhjejb3fbf9du.scm.japanwest-01.azurewebsites.net" X-Forwarded-Proto="https" X-AppService-Proto="https" X-Forwarded-TlsVersion="1.3" X-WAWS-Unencoded-URL="/api/deployments/latest?deployer=OneDeploy&amp;time=2025-11-08_07-43-15Z" X-Client-IP="52.225.25.48" X-Client-Port="64448" >
  <step title="Cleanup Xml Logs" date="2025-11-08T07:44:54.170" >
    <step title="Cleanup Infos" date="2025-11-08T07:44:54.189" totalFiles="237" totalCleanup="77" /><!-- duration: 17ms -->
  </step><!-- duration: 46ms -->
  <step title="DeploymentService.GetResult" date="2025-11-08T07:44:54.267" >
    <step title="DeploymentService.GetLatestDeployment" date="2025-11-08T07:44:54.308" >
      <step title="DeploymentManager.GetResults" date="2025-11-08T07:44:54.329" /><!-- duration: 985ms -->
    </step><!-- duration: 1034ms -->
  </step><!-- duration: 1084ms -->
  <step title="Outgoing response" date="2025-11-08T07:44:55.364" type="response" statusCode="202" statusText="Accepted" /><!-- duration: 20ms -->
</step><!-- duration: 1250ms -->
