<step title="Incoming Request" date="2025-11-08T08:30:06.578" instance="22b10c" url="/api/deployments/latest?deployer=OneDeploy&amp;time=2025-11-08_08-28-04Z" method="GET" type="request" pid="833,1,22" Host="emergency-assistance-bfckhjejb3fbf9du.scm.japanwest-01.azurewebsites.net" User-Agent="GITHUBACTIONS_DeployWebAppToAzure_6afaea893f47a147fa5dac857d1041ffd4a8f022e29971635168cd4dcb90f2c0" Authorization="Bas..." Content-Type="application/json; charset=utf-8" Cookie="ARRAffinity=22b10c938bfb8149b35fcbcb38624f0710e5df8fb4c8f5ac3083a96e2b0cc607;Path=/;HttpOnly;Secure;Domain=emergency-assistance-bfckhjejb3fbf9du.scm.japanwest-01.azurewebsites.net; ARRAffinitySameSite=22b10c938bfb8149b35fcbcb38624f0710e5df8fb4c8f5ac3083a96e2b0cc607;Path=/;HttpOnly;SameSite=None;Secure;Domain=emergency-assistance-bfckhjejb3fbf9du.scm.japanwest-01.azurewebsites.net" Content-Length="0" X-ARR-LOG-ID="6ec378d0-881a-4aac-b761-a0b67f836e9e" CLIENT-IP="64.236.140.177:18442" X-SITE-DEPLOYMENT-ID="Emergency-Assistance" WAS-DEFAULT-HOSTNAME="emergency-assistance-bfckhjejb3fbf9du.scm.japanwest-01.azurewebsites.net" X-Forwarded-Proto="https" X-AppService-Proto="https" X-Forwarded-TlsVersion="1.3" X-WAWS-Unencoded-URL="/api/deployments/latest?deployer=OneDeploy&amp;time=2025-11-08_08-28-04Z" X-Client-IP="64.236.140.177" X-Client-Port="18442" >
  <step title="Cleanup Xml Logs" date="2025-11-08T08:30:06.607" >
    <step title="Cleanup Infos" date="2025-11-08T08:30:06.697" totalFiles="296" totalCleanup="136" /><!-- duration: 51ms -->
  </step><!-- duration: 162ms -->
  <step title="DeploymentService.GetResult" date="2025-11-08T08:30:06.837" >
    <step title="DeploymentService.GetLatestDeployment" date="2025-11-08T08:30:06.846" >
      <step title="DeploymentManager.GetResults" date="2025-11-08T08:30:06.855" /><!-- duration: 2159ms -->
    </step><!-- duration: 2220ms -->
  </step><!-- duration: 2278ms -->
  <step title="Outgoing response" date="2025-11-08T08:30:09.165" type="response" statusCode="202" statusText="Accepted" /><!-- duration: 30ms -->
</step><!-- duration: 2687ms -->
