<step title="BackgroundTrace" date="2025-11-08T01:39:53.052" instance="22b10c" url="/api/publish" method="POST" >
  <step title="Creating temporary deployment - FetchDeploymentManager" date="2025-11-08T01:39:53.147" /><!-- duration: 3ms -->
  <step title="Creating temporary deployment" date="2025-11-08T01:39:53.155" /><!-- duration: 104ms -->
  <step title="Performing fetch based deployment" date="2025-11-08T01:39:53.297" >
    <step title="Cleaning up temp folders from previous zip deployments and extracting pushed zip file /tmp/zipdeploy/0d9fd5ee-e8ed-49ce-b36c-4dcb1f20dfb7.zip (41.95 MB) to /tmp/zipdeploy/extracted" date="2025-11-08T01:39:54.483" >
      <step title="ChmodRecursive Process exited with total time taken in ms: 97" date="2025-11-08T01:39:56.763" /><!-- duration: 4ms -->
    </step><!-- duration: 2289ms -->
    <step title="Deployment timer started" date="2025-11-08T01:39:58.798" >
      <step title="DeploymentManager.Deploy(id:c9f4b453-a11a-4f6d-90e6-96b0bb3a5ad0)" date="2025-11-08T01:39:58.807" >
        <step title="Collecting changeset information" date="2025-11-08T01:39:58.858" /><!-- duration: 104ms -->
        <step title="Updating submodules" date="2025-11-08T01:39:58.971" /><!-- duration: 1140ms -->
        <step title="Determining deployment builder" date="2025-11-08T01:40:00.611" >
          <step title="Builder is OneDeployBuilder" date="2025-11-08T01:40:00.638" /><!-- duration: 4ms -->
        </step><!-- duration: 35ms -->
        <step title="PreDeployment: context.CleanOutputPath False" date="2025-11-08T01:40:00.714" >
          <step title="PreDeployment: context.OutputPath /home/site/wwwroot" date="2025-11-08T01:40:00.876" >
            <step title="Building" date="2025-11-08T01:40:01.075" >
              <step title="Executing external process" date="2025-11-08T01:40:02.487" type="process" path="starter.sh" arguments="/opt/Kudu/Scripts/absoluteTar.sh /tmp/zipdeploy/extracted/node_modules /tmp/zipdeploy/extracted/node_modules.tar.gz" /><!-- duration: 2983ms -->
              <step title="Executing external process" date="2025-11-08T01:40:05.806" type="process" path="starter.sh" arguments="/opt/Kudu/Scripts/parallel_rsync.sh /tmp/zipdeploy/extracted /home/site/wwwroot 8 /tmp/ False False node_modules " /><!-- duration: 10796ms -->
              <step title="Modified file to trigger a restart of the app container." date="2025-11-08T01:40:17.496" /><!-- duration: 5ms -->
              <step title="Skip function trigger and logicapp sync because function is not enabled." date="2025-11-08T01:40:17.510" /><!-- duration: 18ms -->
            </step><!-- duration: 17322ms -->
          </step><!-- duration: 17532ms -->
          <step title="Cleaning up temp files" date="2025-11-08T01:40:18.411" /><!-- duration: 5ms -->
          <step title="Cleaning up temp files" date="2025-11-08T01:40:18.427" /><!-- duration: 528ms -->
          <step title="Reloading status file with latest updates" date="2025-11-08T01:40:19.018" >
            <step title="WebHooksManager.PublishEventAsync: PostDeployment" date="2025-11-08T01:40:19.023" /><!-- duration: 98ms -->
          </step><!-- duration: 107ms -->
          <step title="Cleaning up temporary deployment - fetch deployment was successful" date="2025-11-08T01:40:19.132" /><!-- duration: 4ms -->
        </step><!-- duration: 18490ms -->
      </step><!-- duration: 20416ms -->
