<step title="Incoming Request" date="2025-11-08T10:48:28.318" instance="22b10c" url="/api/deployments/latest?deployer=OneDeploy&amp;time=2025-11-08_10-46-43Z" method="GET" type="request" pid="831,1,20" Host="emergency-assistance-bfckhjejb3fbf9du.scm.japanwest-01.azurewebsites.net" User-Agent="GITHUBACTIONS_DeployWebAppToAzure_6afaea893f47a147fa5dac857d1041ffd4a8f022e29971635168cd4dcb90f2c0" Authorization="Bas..." Content-Type="application/json; charset=utf-8" Cookie="ARRAffinity=22b10c938bfb8149b35fcbcb38624f0710e5df8fb4c8f5ac3083a96e2b0cc607;Path=/;HttpOnly;Secure;Domain=emergency-assistance-bfckhjejb3fbf9du.scm.japanwest-01.azurewebsites.net; ARRAffinitySameSite=22b10c938bfb8149b35fcbcb38624f0710e5df8fb4c8f5ac3083a96e2b0cc607;Path=/;HttpOnly;SameSite=None;Secure;Domain=emergency-assistance-bfckhjejb3fbf9du.scm.japanwest-01.azurewebsites.net" Content-Length="0" X-ARR-LOG-ID="3efa5747-6449-4d7d-bd18-205088256653" CLIENT-IP="172.184.220.146:9217" X-SITE-DEPLOYMENT-ID="Emergency-Assistance" WAS-DEFAULT-HOSTNAME="emergency-assistance-bfckhjejb3fbf9du.scm.japanwest-01.azurewebsites.net" X-Forwarded-Proto="https" X-AppService-Proto="https" X-Forwarded-TlsVersion="1.3" X-WAWS-Unencoded-URL="/api/deployments/latest?deployer=OneDeploy&amp;time=2025-11-08_10-46-43Z" X-Client-IP="172.184.220.146" X-Client-Port="9217" >
  <step title="Cleanup Xml Logs" date="2025-11-08T10:48:28.332" >
    <step title="Cleanup Infos" date="2025-11-08T10:48:28.369" totalFiles="440" totalCleanup="280" /><!-- duration: 11ms -->
  </step><!-- duration: 57ms -->
  <step title="DeploymentService.GetResult" date="2025-11-08T10:48:28.404" >
    <step title="DeploymentService.GetLatestDeployment" date="2025-11-08T10:48:28.413" >
      <step title="DeploymentManager.GetResults" date="2025-11-08T10:48:28.422" /><!-- duration: 804ms -->
    </step><!-- duration: 833ms -->
  </step><!-- duration: 853ms -->
  <step title="Outgoing response" date="2025-11-08T10:48:29.273" type="response" statusCode="202" statusText="Accepted" /><!-- duration: 18ms -->
</step><!-- duration: 981ms -->
