<step title="Incoming Request" date="2025-11-08T08:05:38.115" instance="22b10c" url="/api/deployments/latest?deployer=OneDeploy&amp;time=2025-11-08_08-05-04Z" method="GET" type="request" pid="833,1,5" Host="emergency-assistance-bfckhjejb3fbf9du.scm.japanwest-01.azurewebsites.net" User-Agent="GITHUBACTIONS_DeployWebAppToAzure_6afaea893f47a147fa5dac857d1041ffd4a8f022e29971635168cd4dcb90f2c0" Authorization="Bas..." Content-Type="application/json; charset=utf-8" Cookie="ARRAffinity=22b10c938bfb8149b35fcbcb38624f0710e5df8fb4c8f5ac3083a96e2b0cc607;Path=/;HttpOnly;Secure;Domain=emergency-assistance-bfckhjejb3fbf9du.scm.japanwest-01.azurewebsites.net; ARRAffinitySameSite=22b10c938bfb8149b35fcbcb38624f0710e5df8fb4c8f5ac3083a96e2b0cc607;Path=/;HttpOnly;SameSite=None;Secure;Domain=emergency-assistance-bfckhjejb3fbf9du.scm.japanwest-01.azurewebsites.net" Content-Length="0" X-ARR-LOG-ID="03e10417-b6b5-494c-b450-0584990cc6e1" CLIENT-IP="172.182.213.65:14345" X-SITE-DEPLOYMENT-ID="Emergency-Assistance" WAS-DEFAULT-HOSTNAME="emergency-assistance-bfckhjejb3fbf9du.scm.japanwest-01.azurewebsites.net" X-Forwarded-Proto="https" X-AppService-Proto="https" X-Forwarded-TlsVersion="1.3" X-WAWS-Unencoded-URL="/api/deployments/latest?deployer=OneDeploy&amp;time=2025-11-08_08-05-04Z" X-Client-IP="172.182.213.65" X-Client-Port="14345" >
  <step title="Cleanup Xml Logs" date="2025-11-08T08:05:38.118" >
    <step title="Cleanup Infos" date="2025-11-08T08:05:38.141" totalFiles="249" totalCleanup="89" /><!-- duration: 17ms -->
  </step><!-- duration: 51ms -->
  <step title="DeploymentService.GetResult" date="2025-11-08T08:05:38.198" >
    <step title="DeploymentService.GetLatestDeployment" date="2025-11-08T08:05:38.207" >
      <step title="DeploymentManager.GetResults" date="2025-11-08T08:05:38.228" /><!-- duration: 1051ms -->
    </step><!-- duration: 1092ms -->
  </step><!-- duration: 1120ms -->
  <step title="Outgoing response" date="2025-11-08T08:05:39.340" type="response" statusCode="202" statusText="Accepted" /><!-- duration: 19ms -->
</step><!-- duration: 1256ms -->
