<step title="Incoming Request" date="2025-07-02T05:57:02.533" instance="345353" url="/api/deployments/latest?deployer=GITHUB_ZIP_DEPLOY&amp;time=2025-07-02_05-54-26Z" method="GET" type="request" pid="820,1,29" Host="emergency-backend-api-efg6gaawcjdmaggy.scm.japanwest-01.azurewebsites.net" User-Agent="GITHUBACTIONS_DeployWebAppToAzure_6afaea893f47a147fa5dac857d1041ffd4a8f022e29971635168cd4dcb90f2c0" Authorization="Bea..." Content-Type="application/json; charset=utf-8" Cookie="ARRAffinity=345353a6e2e5ca1cb44ba615462d7ac6ac166df501ae2807c92c9581cdccacea;Path=/;HttpOnly;Secure;Domain=emergency-backend-api-efg6gaawcjdmaggy.scm.japanwest-01.azurewebsites.net; ARRAffinitySameSite=345353a6e2e5ca1cb44ba615462d7ac6ac166df501ae2807c92c9581cdccacea;Path=/;HttpOnly;SameSite=None;Secure;Domain=emergency-backend-api-efg6gaawcjdmaggy.scm.japanwest-01.azurewebsites.net" Content-Length="0" X-ARR-LOG-ID="7e9ee9fc-20ee-4300-a663-e29325824b3d" CLIENT-IP="20.241.97.155:1024" X-SITE-DEPLOYMENT-ID="emergency-backend-api" WAS-DEFAULT-HOSTNAME="emergency-backend-api-efg6gaawcjdmaggy.scm.japanwest-01.azurewebsites.net" X-Forwarded-Proto="https" X-AppService-Proto="https" X-Forwarded-TlsVersion="1.3" X-WAWS-Unencoded-URL="/api/deployments/latest?deployer=GITHUB_ZIP_DEPLOY&amp;time=2025-07-02_05-54-26Z" X-Client-IP="20.241.97.155" X-Client-Port="1024" >
  <step title="Cleanup Xml Logs" date="2025-07-02T05:57:02.578" >
    <step title="Cleanup Infos" date="2025-07-02T05:57:02.581" totalFiles="221" totalCleanup="61" /><!-- duration: 1ms -->
  </step><!-- duration: 4ms -->
  <step title="DeploymentService.GetResult" date="2025-07-02T05:57:02.588" >
    <step title="DeploymentService.GetLatestDeployment" date="2025-07-02T05:57:02.590" >
      <step title="DeploymentManager.GetResults" date="2025-07-02T05:57:02.591" /><!-- duration: 2203ms -->
    </step><!-- duration: 2207ms -->
  </step><!-- duration: 2212ms -->
  <step title="Outgoing response" date="2025-07-02T05:57:04.820" type="response" statusCode="202" statusText="Accepted" /><!-- duration: 8ms -->
</step><!-- duration: 2296ms -->
