<step title="Incoming Request" date="2025-11-08T10:46:38.474" instance="22b10c" url="/api/publish?async=true&amp;deployer=GITHUB_ONE_DEPLOY&amp;type=zip&amp;message=%7B%22type%22%3A%22deployment%22%2C%22sha%22%3A%223a0ea526f7ff6f33d0f9416b66a97c0f348c63f3%22%2C%22repoName%22%3A%22Satoshi-Niina%2FEmergency-Assistance%22%2C%22actor%22%3A%22Satoshi-Niina%22%2C%22slotName%22%3A%22production%22%2C%22commitMessage%22%3A%22Clean%20up%3A%20Remove%2024%20obsolete%20markdown%20files%20and%20keep%20only%20essential%20documentation%5Cn%5Cn-%20Removed%20old%20troubleshooting%20guides%20(AZURE_503_DIAGNOSIS%2C%20CORS_FIX_GUIDE%2C%20etc.)%5Cn-%20Removed%20duplicate%20deployment%20guides%20(DEPLOYMENT_*%2C%20CLEAN_BUILD_GUIDE%2C%20etc.)%5Cn-%20Removed%20temporary%20analysis%20files%20(knowledge-base-*%2C%20ENV_VARIABLES_VALIDATION%2C%20etc.)%5Cn-%20Kept%20essential%20documentation%3A%20README.md%2C%20GITHUB_SECRETS_SETUP.md%2C%20ENVIRONMENT_VARIABLES_LIST.md%22%7D" method="POST" type="request" pid="831,1,20" Host="emergency-assistance-bfckhjejb3fbf9du.scm.japanwest-01.azurewebsites.net" User-Agent="GITHUBACTIONS_DeployWebAppToAzure_6afaea893f47a147fa5dac857d1041ffd4a8f022e29971635168cd4dcb90f2c0" Authorization="Bas..." Content-Type="application/octet-stream" Cookie="ARRAffinity=22b10c938bfb8149b35fcbcb38624f0710e5df8fb4c8f5ac3083a96e2b0cc607;Path=/;HttpOnly;Secure;Domain=emergency-assistance-bfckhjejb3fbf9du.scm.japanwest-01.azurewebsites.net; ARRAffinitySameSite=22b10c938bfb8149b35fcbcb38624f0710e5df8fb4c8f5ac3083a96e2b0cc607;Path=/;HttpOnly;SameSite=None;Secure;Domain=emergency-assistance-bfckhjejb3fbf9du.scm.japanwest-01.azurewebsites.net" Transfer-Encoding="chunked" X-ARR-LOG-ID="40308b37-6afd-463e-b0e8-416880440f23" CLIENT-IP="172.184.220.146:9216" X-SITE-DEPLOYMENT-ID="Emergency-Assistance" WAS-DEFAULT-HOSTNAME="emergency-assistance-bfckhjejb3fbf9du.scm.japanwest-01.azurewebsites.net" X-Forwarded-Proto="https" X-AppService-Proto="https" X-Forwarded-TlsVersion="1.3" X-WAWS-Unencoded-URL="/api/publish?async=true&amp;deployer=GITHUB_ONE_DEPLOY&amp;type=zip&amp;message=%7B%22type%22%3A%22deployment%22%2C%22sha%22%3A%223a0ea526f7ff6f33d0f9416b66a97c0f348c63f3%22%2C%22repoName%22%3A%22Satoshi-Niina%2FEmergency-Assistance%22%2C%22actor%22%3A%22Satoshi-Niina%22%2C%22slotName%22%3A%22production%22%2C%22commitMessage%22%3A%22Clean%20up%3A%20Remove%2024%20obsolete%20markdown%20files%20and%20keep%20only%20essential%20documentation%5Cn%5Cn-%20Removed%20old%20troubleshooting%20guides%20(AZURE_503_DIAGNOSIS%2C%20CORS_FIX_GUIDE%2C%20etc.)%5Cn-%20Removed%20duplicate%20deployment%20guides%20(DEPLOYMENT_*%2C%20CLEAN_BUILD_GUIDE%2C%20etc.)%5Cn-%20Removed%20temporary%20analysis%20files%20(knowledge-base-*%2C%20ENV_VARIABLES_VALIDATION%2C%20etc.)%5Cn-%20Kept%20essential%20documentation%3A%20README.md%2C%20GITHUB_SECRETS_SETUP.md%2C%20ENVIRONMENT_VARIABLES_LIST.md%22%7D" X-Client-IP="172.184.220.146" X-Client-Port="9216" >
  <step title="Cleanup Xml Logs" date="2025-11-08T10:46:38.500" >
    <step title="Cleanup Infos" date="2025-11-08T10:46:38.556" totalFiles="423" totalCleanup="263" /><!-- duration: 8ms -->
  </step><!-- duration: 68ms -->
  <step title="OneDeploy" date="2025-11-08T10:46:38.624" >
    <step title="Starting PushDeployAsync" date="2025-11-08T10:46:38.643" /><!-- duration: 30ms -->
    <step title="Removing node_modules symlink" date="2025-11-08T10:46:38.709" >
      <step title="Removing _del_node_modules symlink" date="2025-11-08T10:46:38.845" >
        <step title="Writing artifact to /tmp/zipdeploy/796d14b8-63fc-4b78-9343-b3330df577a6.zip" date="2025-11-08T10:46:38.891" >
          <step title="Writing multipart request body to /tmp/zipdeploy/796d14b8-63fc-4b78-9343-b3330df577a6.zip" date="2025-11-08T10:46:38.906" /><!-- duration: 12ms -->
        </step><!-- duration: 4043ms -->
        <step title="Start deployment in the background" date="2025-11-08T10:46:43.013" >
          <step title="Acquiring Deployment Lock" date="2025-11-08T10:46:43.155" /><!-- duration: 5ms -->
          <step title="Acquired Deployment Lock" date="2025-11-08T10:46:43.191" /><!-- duration: 7ms -->
        </step><!-- duration: 352ms -->
      </step><!-- duration: 4537ms -->
      <step title="Outgoing response" date="2025-11-08T10:46:43.388" type="response" statusCode="202" statusText="Accepted" /><!-- duration: 4ms -->
    </step><!-- duration: 4686ms -->
