<step title="Incoming Request" date="2025-11-08T04:11:42.010" instance="22b10c" url="/api/publish?async=true&amp;deployer=GITHUB_ONE_DEPLOY&amp;type=zip&amp;message=%7B%22type%22%3A%22deployment%22%2C%22sha%22%3A%22b9951e7fbc6a2be8991d968b20c436363f7efe72%22%2C%22repoName%22%3A%22Satoshi-Niina%2FEmergency-Assistance%22%2C%22actor%22%3A%22Satoshi-Niina%22%2C%22slotName%22%3A%22production%22%2C%22commitMessage%22%3A%22Add%20comprehensive%20503%20error%20mitigation%3A%20Fallback%20server%20and%20diagnostics%5Cn%5Cn-%20Created%20minimal%20fallback%20server%20for%20guaranteed%20startup%5Cn-%20Enhanced%20startup%20logic%20with%20multi-level%20fallback%20system%5Cn-%20Added%20Azure%20503%20error%20diagnosis%20guide%5Cn-%20Updated%20package.json%20with%20fallback%20start%20command%5Cn-%20Ensures%20at%20least%20basic%20server%20functionality%20in%20all%20scenarios%22%7D" method="POST" type="request" pid="831,1,21" Host="emergency-assistance-bfckhjejb3fbf9du.scm.japanwest-01.azurewebsites.net" User-Agent="GITHUBACTIONS_DeployWebAppToAzure_6afaea893f47a147fa5dac857d1041ffd4a8f022e29971635168cd4dcb90f2c0" Authorization="Bas..." Content-Type="application/octet-stream" Cookie="ARRAffinity=22b10c938bfb8149b35fcbcb38624f0710e5df8fb4c8f5ac3083a96e2b0cc607;Path=/;HttpOnly;Secure;Domain=emergency-assistance-bfckhjejb3fbf9du.scm.japanwest-01.azurewebsites.net; ARRAffinitySameSite=22b10c938bfb8149b35fcbcb38624f0710e5df8fb4c8f5ac3083a96e2b0cc607;Path=/;HttpOnly;SameSite=None;Secure;Domain=emergency-assistance-bfckhjejb3fbf9du.scm.japanwest-01.azurewebsites.net" Transfer-Encoding="chunked" X-ARR-LOG-ID="8dc1ee3e-f942-4b6e-9cfc-a198a0c047d4" CLIENT-IP="20.163.83.243:26624" X-SITE-DEPLOYMENT-ID="Emergency-Assistance" WAS-DEFAULT-HOSTNAME="emergency-assistance-bfckhjejb3fbf9du.scm.japanwest-01.azurewebsites.net" X-Forwarded-Proto="https" X-AppService-Proto="https" X-Forwarded-TlsVersion="1.3" X-WAWS-Unencoded-URL="/api/publish?async=true&amp;deployer=GITHUB_ONE_DEPLOY&amp;type=zip&amp;message=%7B%22type%22%3A%22deployment%22%2C%22sha%22%3A%22b9951e7fbc6a2be8991d968b20c436363f7efe72%22%2C%22repoName%22%3A%22Satoshi-Niina%2FEmergency-Assistance%22%2C%22actor%22%3A%22Satoshi-Niina%22%2C%22slotName%22%3A%22production%22%2C%22commitMessage%22%3A%22Add%20comprehensive%20503%20error%20mitigation%3A%20Fallback%20server%20and%20diagnostics%5Cn%5Cn-%20Created%20minimal%20fallback%20server%20for%20guaranteed%20startup%5Cn-%20Enhanced%20startup%20logic%20with%20multi-level%20fallback%20system%5Cn-%20Added%20Azure%20503%20error%20diagnosis%20guide%5Cn-%20Updated%20package.json%20with%20fallback%20start%20command%5Cn-%20Ensures%20at%20least%20basic%20server%20functionality%20in%20all%20scenarios%22%7D" X-Client-IP="20.163.83.243" X-Client-Port="26624" >
  <step title="Cleanup Xml Logs" date="2025-11-08T04:11:42.014" /><!-- duration: 10ms -->
  <step title="OneDeploy" date="2025-11-08T04:11:42.085" >
    <step title="Starting PushDeployAsync" date="2025-11-08T04:11:42.105" /><!-- duration: 4ms -->
    <step title="Removing node_modules symlink" date="2025-11-08T04:11:42.132" >
      <step title="Removing _del_node_modules symlink" date="2025-11-08T04:11:42.283" >
        <step title="Writing artifact to /tmp/zipdeploy/14fa5512-03fd-4325-89d6-348eb4f27a2d.zip" date="2025-11-08T04:11:42.326" >
          <step title="Writing multipart request body to /tmp/zipdeploy/14fa5512-03fd-4325-89d6-348eb4f27a2d.zip" date="2025-11-08T04:11:42.331" /><!-- duration: 15ms -->
        </step><!-- duration: 1910ms -->
        <step title="Start deployment in the background" date="2025-11-08T04:11:44.254" >
          <step title="Acquiring Deployment Lock" date="2025-11-08T04:11:44.282" /><!-- duration: 4ms -->
          <step title="Acquired Deployment Lock" date="2025-11-08T04:11:44.329" /><!-- duration: 4ms -->
        </step><!-- duration: 192ms -->
      </step><!-- duration: 2175ms -->
      <step title="Outgoing response" date="2025-11-08T04:11:44.466" type="response" statusCode="202" statusText="Accepted" /><!-- duration: 5ms -->
    </step><!-- duration: 2342ms -->
