<step title="Incoming Request" date="2025-11-08T08:54:44.766" instance="22b10c" url="/api/publish?async=true&amp;deployer=GITHUB_ONE_DEPLOY&amp;type=zip&amp;message=%7B%22type%22%3A%22deployment%22%2C%22sha%22%3A%22f7edbcbbc863fa65f19ced41ead6bca8e567cbd6%22%2C%22repoName%22%3A%22Satoshi-Niina%2FEmergency-Assistance%22%2C%22actor%22%3A%22Satoshi-Niina%22%2C%22slotName%22%3A%22production%22%2C%22commitMessage%22%3A%22Fix%3A%20Remove%20illegal%20return%20statement%20causing%20SyntaxError%22%7D" method="POST" type="request" pid="831,1,23" Host="emergency-assistance-bfckhjejb3fbf9du.scm.japanwest-01.azurewebsites.net" User-Agent="GITHUBACTIONS_DeployWebAppToAzure_6afaea893f47a147fa5dac857d1041ffd4a8f022e29971635168cd4dcb90f2c0" Authorization="Bas..." Content-Type="application/octet-stream" Cookie="ARRAffinity=22b10c938bfb8149b35fcbcb38624f0710e5df8fb4c8f5ac3083a96e2b0cc607;Path=/;HttpOnly;Secure;Domain=emergency-assistance-bfckhjejb3fbf9du.scm.japanwest-01.azurewebsites.net; ARRAffinitySameSite=22b10c938bfb8149b35fcbcb38624f0710e5df8fb4c8f5ac3083a96e2b0cc607;Path=/;HttpOnly;SameSite=None;Secure;Domain=emergency-assistance-bfckhjejb3fbf9du.scm.japanwest-01.azurewebsites.net" Transfer-Encoding="chunked" X-ARR-LOG-ID="6a73a528-7bcb-4f17-b83f-663331dea303" CLIENT-IP="145.132.102.178:15360" X-SITE-DEPLOYMENT-ID="Emergency-Assistance" WAS-DEFAULT-HOSTNAME="emergency-assistance-bfckhjejb3fbf9du.scm.japanwest-01.azurewebsites.net" X-Forwarded-Proto="https" X-AppService-Proto="https" X-Forwarded-TlsVersion="1.3" X-WAWS-Unencoded-URL="/api/publish?async=true&amp;deployer=GITHUB_ONE_DEPLOY&amp;type=zip&amp;message=%7B%22type%22%3A%22deployment%22%2C%22sha%22%3A%22f7edbcbbc863fa65f19ced41ead6bca8e567cbd6%22%2C%22repoName%22%3A%22Satoshi-Niina%2FEmergency-Assistance%22%2C%22actor%22%3A%22Satoshi-Niina%22%2C%22slotName%22%3A%22production%22%2C%22commitMessage%22%3A%22Fix%3A%20Remove%20illegal%20return%20statement%20causing%20SyntaxError%22%7D" X-Client-IP="145.132.102.178" X-Client-Port="15360" >
  <step title="Cleanup Xml Logs" date="2025-11-08T08:54:44.768" >
    <step title="Cleanup Infos" date="2025-11-08T08:54:44.798" totalFiles="333" totalCleanup="173" /><!-- duration: 5ms -->
  </step><!-- duration: 39ms -->
  <step title="OneDeploy" date="2025-11-08T08:54:44.855" >
    <step title="None repository commit" date="2025-11-08T08:54:44.871" >
      <step title="Commit id: ccb8d5d9-848f-4c3d-8dde-e99a3e26b20b" date="2025-11-08T08:54:44.876" Message="N/A" AuthorName="N/A" AuthorEmail="N/A" /><!-- duration: 4ms -->
    </step><!-- duration: 13ms -->
    <step title="Starting PushDeployAsync" date="2025-11-08T08:54:44.891" /><!-- duration: 4ms -->
    <step title="Removing node_modules symlink" date="2025-11-08T08:54:44.927" >
      <step title="Removing _del_node_modules symlink" date="2025-11-08T08:54:45.037" >
        <step title="Writing artifact to /tmp/zipdeploy/03e21aeb-192b-44fe-9f1c-30847eea3baa.zip" date="2025-11-08T08:54:45.077" >
          <step title="Writing multipart request body to /tmp/zipdeploy/03e21aeb-192b-44fe-9f1c-30847eea3baa.zip" date="2025-11-08T08:54:45.088" /><!-- duration: 9ms -->
        </step><!-- duration: 5826ms -->
        <step title="Start deployment in the background" date="2025-11-08T08:54:50.923" >
          <step title="Acquiring Deployment Lock" date="2025-11-08T08:54:50.992" /><!-- duration: 9ms -->
          <step title="Acquired Deployment Lock" date="2025-11-08T08:54:51.061" /><!-- duration: 4ms -->
        </step><!-- duration: 254ms -->
      </step><!-- duration: 6148ms -->
      <step title="Outgoing response" date="2025-11-08T08:54:51.194" type="response" statusCode="202" statusText="Accepted" /><!-- duration: 4ms -->
    </step><!-- duration: 6276ms -->
