<step title="BackgroundTrace" date="2025-07-02T07:23:42.611" instance="345353" url="/api/publish" method="POST" >
  <step title="Cleanup Xml Logs" date="2025-07-02T07:23:42.613" >
    <step title="Cleanup Infos" date="2025-07-02T07:23:42.622" totalFiles="302" totalCleanup="142" /><!-- duration: 1ms -->
  </step><!-- duration: 12ms -->
  <step title="Creating temporary deployment - FetchDeploymentManager" date="2025-07-02T07:23:42.670" /><!-- duration: 1ms -->
  <step title="Creating temporary deployment" date="2025-07-02T07:23:42.673" /><!-- duration: 81ms -->
  <step title="Performing fetch based deployment" date="2025-07-02T07:23:42.767" >
    <step title="Cleaning up temp folders from previous zip deployments and extracting pushed zip file /tmp/zipdeploy/004e9362-70ff-47d2-84f3-fcc6ad6ffd8b.zip (524.44 MB) to /tmp/zipdeploy/extracted" date="2025-07-02T07:23:43.885" >
      <step title="ChmodRecursive Process exited with total time taken in ms: 309" date="2025-07-02T07:24:24.868" /><!-- duration: 8ms -->
    </step><!-- duration: 41002ms -->
    <step title="Deployment timer started" date="2025-07-02T07:24:26.899" >
      <step title="DeploymentManager.Deploy(id:3e0576f1-8116-4d24-ad64-372b8253c3f7)" date="2025-07-02T07:24:26.907" >
        <step title="Collecting changeset information" date="2025-07-02T07:24:26.925" /><!-- duration: 71ms -->
        <step title="Updating submodules" date="2025-07-02T07:24:26.998" /><!-- duration: 1085ms -->
        <step title="Determining deployment builder" date="2025-07-02T07:24:28.204" >
          <step title="Builder is OneDeployBuilder" date="2025-07-02T07:24:28.207" /><!-- duration: 6ms -->
        </step><!-- duration: 11ms -->
        <step title="PreDeployment: context.CleanOutputPath False" date="2025-07-02T07:24:28.246" >
          <step title="PreDeployment: context.OutputPath /home/site/wwwroot" date="2025-07-02T07:24:28.313" >
            <step title="Building" date="2025-07-02T07:24:28.391" >
              <step title="Executing external process" date="2025-07-02T07:24:29.019" type="process" path="starter.sh" arguments="/opt/Kudu/Scripts/absoluteTar.sh /tmp/zipdeploy/extracted/node_modules /tmp/zipdeploy/extracted/node_modules.tar.gz" >
                <step title="Cpu: gzip(19278,48.080s)+sh(19277,0.000s)+tar(19276,2.620s)+absoluteTar.sh(19275,0.000s)=total(50.700s)" date="2025-07-02T07:25:29.199" /><!-- duration: 9ms -->
                <step title="starter.sh: no io activity for 60s, prev-cpu=-1.000s, current-cpu=50.700s" date="2025-07-02T07:25:29.227" /><!-- duration: 2ms -->
                <step title="Cpu: gzip(19278,93.920s)+sh(19277,0.000s)+tar(19276,5.350s)+absoluteTar.sh(19275,0.000s)=total(99.270s)" date="2025-07-02T07:26:29.444" /><!-- duration: 9ms -->
                <step title="starter.sh: no io activity for 120s, prev-cpu=50.700s, current-cpu=99.270s" date="2025-07-02T07:26:29.472" /><!-- duration: 9ms -->
              </step><!-- duration: 134754ms -->
              <step title="Executing external process" date="2025-07-02T07:26:43.948" type="process" path="starter.sh" arguments="/opt/Kudu/Scripts/parallel_rsync.sh /tmp/zipdeploy/extracted /home/site/wwwroot 8 /tmp/ False False node_modules " /><!-- duration: 26936ms -->
              <step title="Modified file to trigger a restart of the app container." date="2025-07-02T07:27:11.651" /><!-- duration: 11ms -->
              <step title="Skip function trigger and logicapp sync because function is not enabled." date="2025-07-02T07:27:11.671" /><!-- duration: 1ms -->
              <step title="Purge deployment items" date="2025-07-02T07:27:12.527" >
                <step title="Remove 3675be9f-, Success, received at 06/29/2025 04:32:28" date="2025-07-02T07:27:12.634" /><!-- duration: 2ms -->
              </step><!-- duration: 118ms -->
            </step><!-- duration: 164312ms -->
          </step><!-- duration: 164421ms -->
          <step title="Cleaning up temp files" date="2025-07-02T07:27:12.742" /><!-- duration: 60ms -->
          <step title="Cleaning up temp files" date="2025-07-02T07:27:12.803" /><!-- duration: 511ms -->
          <step title="Reloading status file with latest updates" date="2025-07-02T07:27:13.336" >
            <step title="WebHooksManager.PublishEventAsync: PostDeployment" date="2025-07-02T07:27:13.345" /><!-- duration: 109ms -->
          </step><!-- duration: 126ms -->
          <step title="Cleaning up temporary deployment - fetch deployment was successful" date="2025-07-02T07:27:13.465" /><!-- duration: 8ms -->
        </step><!-- duration: 165297ms -->
      </step><!-- duration: 166655ms -->
