<step title="Incoming Request" date="2025-11-08T10:37:41.443" instance="22b10c" url="/api/publish?async=true&amp;deployer=GITHUB_ONE_DEPLOY&amp;type=zip&amp;message=%7B%22type%22%3A%22deployment%22%2C%22sha%22%3A%22a0d4060d33372e6519839ba475f99f1633aca449%22%2C%22repoName%22%3A%22Satoshi-Niina%2FEmergency-Assistance%22%2C%22actor%22%3A%22Satoshi-Niina%22%2C%22slotName%22%3A%22production%22%2C%22commitMessage%22%3A%22Fix%3A%20Improve%20CORS%20configuration%20for%20Azure%20Static%20Web%20Apps%20in%20production%20server%22%7D" method="POST" type="request" pid="831,1,19" Host="emergency-assistance-bfckhjejb3fbf9du.scm.japanwest-01.azurewebsites.net" User-Agent="GITHUBACTIONS_DeployWebAppToAzure_6afaea893f47a147fa5dac857d1041ffd4a8f022e29971635168cd4dcb90f2c0" Authorization="Bas..." Content-Type="application/octet-stream" Cookie="ARRAffinity=22b10c938bfb8149b35fcbcb38624f0710e5df8fb4c8f5ac3083a96e2b0cc607;Path=/;HttpOnly;Secure;Domain=emergency-assistance-bfckhjejb3fbf9du.scm.japanwest-01.azurewebsites.net; ARRAffinitySameSite=22b10c938bfb8149b35fcbcb38624f0710e5df8fb4c8f5ac3083a96e2b0cc607;Path=/;HttpOnly;SameSite=None;Secure;Domain=emergency-assistance-bfckhjejb3fbf9du.scm.japanwest-01.azurewebsites.net" Transfer-Encoding="chunked" X-ARR-LOG-ID="246c68ef-7fde-4098-bc90-a2cf8fe2e57f" CLIENT-IP="4.227.174.176:56256" X-SITE-DEPLOYMENT-ID="Emergency-Assistance" WAS-DEFAULT-HOSTNAME="emergency-assistance-bfckhjejb3fbf9du.scm.japanwest-01.azurewebsites.net" X-Forwarded-Proto="https" X-AppService-Proto="https" X-Forwarded-TlsVersion="1.3" X-WAWS-Unencoded-URL="/api/publish?async=true&amp;deployer=GITHUB_ONE_DEPLOY&amp;type=zip&amp;message=%7B%22type%22%3A%22deployment%22%2C%22sha%22%3A%22a0d4060d33372e6519839ba475f99f1633aca449%22%2C%22repoName%22%3A%22Satoshi-Niina%2FEmergency-Assistance%22%2C%22actor%22%3A%22Satoshi-Niina%22%2C%22slotName%22%3A%22production%22%2C%22commitMessage%22%3A%22Fix%3A%20Improve%20CORS%20configuration%20for%20Azure%20Static%20Web%20Apps%20in%20production%20server%22%7D" X-Client-IP="4.227.174.176" X-Client-Port="56256" >
  <step title="Cleanup Xml Logs" date="2025-11-08T10:37:41.447" >
    <step title="Cleanup Infos" date="2025-11-08T10:37:41.470" totalFiles="403" totalCleanup="243" /><!-- duration: 16ms -->
  </step><!-- duration: 49ms -->
  <step title="OneDeploy" date="2025-11-08T10:37:41.545" >
    <step title="None repository commit" date="2025-11-08T10:37:41.560" >
      <step title="Commit id: ec5ff126-f028-45d5-a498-51f44364b67d" date="2025-11-08T10:37:41.564" Message="N/A" AuthorName="N/A" AuthorEmail="N/A" /><!-- duration: 4ms -->
    </step><!-- duration: 12ms -->
    <step title="Starting PushDeployAsync" date="2025-11-08T10:37:41.575" /><!-- duration: 4ms -->
    <step title="Removing node_modules symlink" date="2025-11-08T10:37:41.606" >
      <step title="Removing _del_node_modules symlink" date="2025-11-08T10:37:41.734" >
        <step title="Writing artifact to /tmp/zipdeploy/d9d955ea-d1a1-4fb5-940a-888a4f599d82.zip" date="2025-11-08T10:37:41.765" >
          <step title="Writing multipart request body to /tmp/zipdeploy/d9d955ea-d1a1-4fb5-940a-888a4f599d82.zip" date="2025-11-08T10:37:41.780" /><!-- duration: 4ms -->
        </step><!-- duration: 5046ms -->
        <step title="Start deployment in the background" date="2025-11-08T10:37:46.831" >
          <step title="Acquiring Deployment Lock" date="2025-11-08T10:37:47.016" /><!-- duration: 98ms -->
          <step title="Acquired Deployment Lock" date="2025-11-08T10:37:47.255" /><!-- duration: 20ms -->
        </step><!-- duration: 879ms -->
      </step><!-- duration: 6005ms -->
      <step title="Outgoing response" date="2025-11-08T10:37:47.770" type="response" statusCode="202" statusText="Accepted" /><!-- duration: 18ms -->
    </step><!-- duration: 6192ms -->
