<step title="Incoming Request" date="2025-11-08T02:52:07.279" instance="22b10c" url="/api/publish?async=true&amp;deployer=GITHUB_ONE_DEPLOY&amp;type=zip&amp;message=%7B%22type%22%3A%22deployment%22%2C%22sha%22%3A%22b10e34a39530c6b5c67168c0f021193d6e38fe77%22%2C%22repoName%22%3A%22Satoshi-Niina%2FEmergency-Assistance%22%2C%22actor%22%3A%22Satoshi-Niina%22%2C%22slotName%22%3A%22production%22%2C%22commitMessage%22%3A%22Force%20deployment%3A%20Environment%20variables%20configured%2C%20apply%20changes%20to%20server%22%7D" method="POST" type="request" pid="831,1,23" Host="emergency-assistance-bfckhjejb3fbf9du.scm.japanwest-01.azurewebsites.net" User-Agent="GITHUBACTIONS_DeployWebAppToAzure_6afaea893f47a147fa5dac857d1041ffd4a8f022e29971635168cd4dcb90f2c0" Authorization="Bas..." Content-Type="application/octet-stream" Cookie="ARRAffinity=22b10c938bfb8149b35fcbcb38624f0710e5df8fb4c8f5ac3083a96e2b0cc607;Path=/;HttpOnly;Secure;Domain=emergency-assistance-bfckhjejb3fbf9du.scm.japanwest-01.azurewebsites.net; ARRAffinitySameSite=22b10c938bfb8149b35fcbcb38624f0710e5df8fb4c8f5ac3083a96e2b0cc607;Path=/;HttpOnly;SameSite=None;Secure;Domain=emergency-assistance-bfckhjejb3fbf9du.scm.japanwest-01.azurewebsites.net" Transfer-Encoding="chunked" X-ARR-LOG-ID="8a08f15b-f9a5-4e6c-ae20-6d892637d223" CLIENT-IP="20.109.39.51:34840" X-SITE-DEPLOYMENT-ID="Emergency-Assistance" WAS-DEFAULT-HOSTNAME="emergency-assistance-bfckhjejb3fbf9du.scm.japanwest-01.azurewebsites.net" X-Forwarded-Proto="https" X-AppService-Proto="https" X-Forwarded-TlsVersion="1.3" X-WAWS-Unencoded-URL="/api/publish?async=true&amp;deployer=GITHUB_ONE_DEPLOY&amp;type=zip&amp;message=%7B%22type%22%3A%22deployment%22%2C%22sha%22%3A%22b10e34a39530c6b5c67168c0f021193d6e38fe77%22%2C%22repoName%22%3A%22Satoshi-Niina%2FEmergency-Assistance%22%2C%22actor%22%3A%22Satoshi-Niina%22%2C%22slotName%22%3A%22production%22%2C%22commitMessage%22%3A%22Force%20deployment%3A%20Environment%20variables%20configured%2C%20apply%20changes%20to%20server%22%7D" X-Client-IP="20.109.39.51" X-Client-Port="34840" >
  <step title="Cleanup Xml Logs" date="2025-11-08T02:52:07.282" /><!-- duration: 8ms -->
  <step title="OneDeploy" date="2025-11-08T02:52:07.436" >
    <step title="Starting PushDeployAsync" date="2025-11-08T02:52:07.455" /><!-- duration: 4ms -->
    <step title="Removing node_modules symlink" date="2025-11-08T02:52:07.469" >
      <step title="Removing _del_node_modules symlink" date="2025-11-08T02:52:07.550" >
        <step title="Writing artifact to /tmp/zipdeploy/fda1f826-66c2-4231-9d6e-53a57c0545ea.zip" date="2025-11-08T02:52:07.587" >
          <step title="Writing multipart request body to /tmp/zipdeploy/fda1f826-66c2-4231-9d6e-53a57c0545ea.zip" date="2025-11-08T02:52:07.592" /><!-- duration: 15ms -->
        </step><!-- duration: 2822ms -->
        <step title="Start deployment in the background" date="2025-11-08T02:52:10.517" >
          <step title="Acquiring Deployment Lock" date="2025-11-08T02:52:10.649" /><!-- duration: 20ms -->
          <step title="Acquired Deployment Lock" date="2025-11-08T02:52:10.738" /><!-- duration: 29ms -->
        </step><!-- duration: 772ms -->
      </step><!-- duration: 3809ms -->
      <step title="Outgoing response" date="2025-11-08T02:52:11.378" type="response" statusCode="202" statusText="Accepted" /><!-- duration: 10ms -->
    </step><!-- duration: 3930ms -->
