<step title="Incoming Request" date="2025-07-02T07:24:09.288" instance="345353" url="/api/deployments/latest?deployer=OneDeploy&amp;time=2025-07-02_07-23-42Z" method="GET" type="request" pid="820,1,22" Host="emergency-backend-api-efg6gaawcjdmaggy.scm.japanwest-01.azurewebsites.net" User-Agent="GITHUBACTIONS_DeployWebAppToAzure_6afaea893f47a147fa5dac857d1041ffd4a8f022e29971635168cd4dcb90f2c0" Authorization="Bea..." Content-Type="application/json; charset=utf-8" Cookie="ARRAffinity=345353a6e2e5ca1cb44ba615462d7ac6ac166df501ae2807c92c9581cdccacea;Path=/;HttpOnly;Secure;Domain=emergency-backend-api-efg6gaawcjdmaggy.scm.japanwest-01.azurewebsites.net; ARRAffinitySameSite=345353a6e2e5ca1cb44ba615462d7ac6ac166df501ae2807c92c9581cdccacea;Path=/;HttpOnly;SameSite=None;Secure;Domain=emergency-backend-api-efg6gaawcjdmaggy.scm.japanwest-01.azurewebsites.net" Content-Length="0" X-ARR-LOG-ID="9fe3adc1-16c8-4a26-8b91-7d00944944ae" CLIENT-IP="4.227.220.251:7104" X-SITE-DEPLOYMENT-ID="emergency-backend-api" WAS-DEFAULT-HOSTNAME="emergency-backend-api-efg6gaawcjdmaggy.scm.japanwest-01.azurewebsites.net" X-Forwarded-Proto="https" X-AppService-Proto="https" X-Forwarded-TlsVersion="1.3" X-WAWS-Unencoded-URL="/api/deployments/latest?deployer=OneDeploy&amp;time=2025-07-02_07-23-42Z" X-Client-IP="4.227.220.251" X-Client-Port="7104" >
  <step title="Cleanup Xml Logs" date="2025-07-02T07:24:09.296" >
    <step title="Cleanup Infos" date="2025-07-02T07:24:09.345" totalFiles="306" totalCleanup="146" /><!-- duration: 9ms -->
  </step><!-- duration: 59ms -->
  <step title="DeploymentService.GetResult" date="2025-07-02T07:24:09.364" >
    <step title="DeploymentService.GetLatestDeployment" date="2025-07-02T07:24:09.365" >
      <step title="DeploymentManager.GetResults" date="2025-07-02T07:24:09.373" /><!-- duration: 398ms -->
    </step><!-- duration: 414ms -->
  </step><!-- duration: 415ms -->
  <step title="Outgoing response" date="2025-07-02T07:24:09.790" type="response" statusCode="202" statusText="Accepted" /><!-- duration: 1ms -->
</step><!-- duration: 511ms -->
