<step title="Incoming Request" date="2025-11-08T10:29:07.473" instance="22b10c" url="/api/publish?async=true&amp;deployer=GITHUB_ONE_DEPLOY&amp;type=zip&amp;message=%7B%22type%22%3A%22deployment%22%2C%22sha%22%3A%226b668ad404b052c37cc0720ef1e5c3df99638b66%22%2C%22repoName%22%3A%22Satoshi-Niina%2FEmergency-Assistance%22%2C%22actor%22%3A%22Satoshi-Niina%22%2C%22slotName%22%3A%22production%22%2C%22commitMessage%22%3A%22Force%20production%20server%20startup%20to%20identify%20the%20root%20cause%20of%20errors%22%7D" method="POST" type="request" pid="833,1,22" Host="emergency-assistance-bfckhjejb3fbf9du.scm.japanwest-01.azurewebsites.net" User-Agent="GITHUBACTIONS_DeployWebAppToAzure_6afaea893f47a147fa5dac857d1041ffd4a8f022e29971635168cd4dcb90f2c0" Authorization="Bas..." Content-Type="application/octet-stream" Cookie="ARRAffinity=22b10c938bfb8149b35fcbcb38624f0710e5df8fb4c8f5ac3083a96e2b0cc607;Path=/;HttpOnly;Secure;Domain=emergency-assistance-bfckhjejb3fbf9du.scm.japanwest-01.azurewebsites.net; ARRAffinitySameSite=22b10c938bfb8149b35fcbcb38624f0710e5df8fb4c8f5ac3083a96e2b0cc607;Path=/;HttpOnly;SameSite=None;Secure;Domain=emergency-assistance-bfckhjejb3fbf9du.scm.japanwest-01.azurewebsites.net" Transfer-Encoding="chunked" X-ARR-LOG-ID="2298674f-1301-4144-85e2-c2ac27f9c70c" CLIENT-IP="172.184.210.34:33808" X-SITE-DEPLOYMENT-ID="Emergency-Assistance" WAS-DEFAULT-HOSTNAME="emergency-assistance-bfckhjejb3fbf9du.scm.japanwest-01.azurewebsites.net" X-Forwarded-Proto="https" X-AppService-Proto="https" X-Forwarded-TlsVersion="1.3" X-WAWS-Unencoded-URL="/api/publish?async=true&amp;deployer=GITHUB_ONE_DEPLOY&amp;type=zip&amp;message=%7B%22type%22%3A%22deployment%22%2C%22sha%22%3A%226b668ad404b052c37cc0720ef1e5c3df99638b66%22%2C%22repoName%22%3A%22Satoshi-Niina%2FEmergency-Assistance%22%2C%22actor%22%3A%22Satoshi-Niina%22%2C%22slotName%22%3A%22production%22%2C%22commitMessage%22%3A%22Force%20production%20server%20startup%20to%20identify%20the%20root%20cause%20of%20errors%22%7D" X-Client-IP="172.184.210.34" X-Client-Port="33808" >
  <step title="Cleanup Xml Logs" date="2025-11-08T10:29:07.516" >
    <step title="Cleanup Infos" date="2025-11-08T10:29:07.549" totalFiles="380" totalCleanup="220" /><!-- duration: 18ms -->
  </step><!-- duration: 81ms -->
  <step title="OneDeploy" date="2025-11-08T10:29:07.678" >
    <step title="Starting PushDeployAsync" date="2025-11-08T10:29:07.693" /><!-- duration: 5ms -->
    <step title="Removing node_modules symlink" date="2025-11-08T10:29:07.711" >
      <step title="Writing artifact to /tmp/zipdeploy/993dc9a1-c8aa-4f27-aba9-935325748aa8.zip" date="2025-11-08T10:29:07.781" >
        <step title="Writing multipart request body to /tmp/zipdeploy/993dc9a1-c8aa-4f27-aba9-935325748aa8.zip" date="2025-11-08T10:29:07.787" /><!-- duration: 19ms -->
      </step><!-- duration: 8489ms -->
      <step title="Start deployment in the background" date="2025-11-08T10:29:16.540" >
        <step title="Acquiring Deployment Lock" date="2025-11-08T10:29:16.755" /><!-- duration: 5ms -->
        <step title="Acquired Deployment Lock" date="2025-11-08T10:29:16.870" /><!-- duration: 10ms -->
      </step><!-- duration: 442ms -->
    </step><!-- duration: 9281ms -->
    <step title="Outgoing response" date="2025-11-08T10:29:17.000" type="response" statusCode="202" statusText="Accepted" /><!-- duration: 4ms -->
  </step><!-- duration: 9330ms -->
