<step title="Incoming Request" date="2025-11-08T08:27:58.456" instance="22b10c" url="/api/publish?async=true&amp;deployer=GITHUB_ONE_DEPLOY&amp;type=zip&amp;message=%7B%22type%22%3A%22deployment%22%2C%22sha%22%3A%22a5c0756863eecd9c26ef0e7a54ac5981b3f370c5%22%2C%22repoName%22%3A%22Satoshi-Niina%2FEmergency-Assistance%22%2C%22actor%22%3A%22Satoshi-Niina%22%2C%22slotName%22%3A%22production%22%2C%22commitMessage%22%3A%22Fix%3A%20Remove%20unnecessary%20Dockerfile%20and%20trigger%20deployment%20to%20resolve%20404%20endpoints%22%7D" method="POST" type="request" pid="833,1,15" Host="emergency-assistance-bfckhjejb3fbf9du.scm.japanwest-01.azurewebsites.net" User-Agent="GITHUBACTIONS_DeployWebAppToAzure_6afaea893f47a147fa5dac857d1041ffd4a8f022e29971635168cd4dcb90f2c0" Authorization="Bas..." Content-Type="application/octet-stream" Cookie="ARRAffinity=22b10c938bfb8149b35fcbcb38624f0710e5df8fb4c8f5ac3083a96e2b0cc607;Path=/;HttpOnly;Secure;Domain=emergency-assistance-bfckhjejb3fbf9du.scm.japanwest-01.azurewebsites.net; ARRAffinitySameSite=22b10c938bfb8149b35fcbcb38624f0710e5df8fb4c8f5ac3083a96e2b0cc607;Path=/;HttpOnly;SameSite=None;Secure;Domain=emergency-assistance-bfckhjejb3fbf9du.scm.japanwest-01.azurewebsites.net" Transfer-Encoding="chunked" X-ARR-LOG-ID="27e3c3aa-bdea-46ee-ad0f-6b8b98f89883" CLIENT-IP="64.236.140.177:18440" X-SITE-DEPLOYMENT-ID="Emergency-Assistance" WAS-DEFAULT-HOSTNAME="emergency-assistance-bfckhjejb3fbf9du.scm.japanwest-01.azurewebsites.net" X-Forwarded-Proto="https" X-AppService-Proto="https" X-Forwarded-TlsVersion="1.3" X-WAWS-Unencoded-URL="/api/publish?async=true&amp;deployer=GITHUB_ONE_DEPLOY&amp;type=zip&amp;message=%7B%22type%22%3A%22deployment%22%2C%22sha%22%3A%22a5c0756863eecd9c26ef0e7a54ac5981b3f370c5%22%2C%22repoName%22%3A%22Satoshi-Niina%2FEmergency-Assistance%22%2C%22actor%22%3A%22Satoshi-Niina%22%2C%22slotName%22%3A%22production%22%2C%22commitMessage%22%3A%22Fix%3A%20Remove%20unnecessary%20Dockerfile%20and%20trigger%20deployment%20to%20resolve%20404%20endpoints%22%7D" X-Client-IP="64.236.140.177" X-Client-Port="18440" >
  <step title="Cleanup Xml Logs" date="2025-11-08T08:27:58.460" >
    <step title="Cleanup Infos" date="2025-11-08T08:27:58.473" totalFiles="267" totalCleanup="107" /><!-- duration: 6ms -->
  </step><!-- duration: 24ms -->
  <step title="OneDeploy" date="2025-11-08T08:27:58.539" >
    <step title="None repository commit" date="2025-11-08T08:27:58.551" >
      <step title="Commit id: a39176dd-c551-4a1c-85cc-543e1dd46eb4" date="2025-11-08T08:27:58.555" Message="N/A" AuthorName="N/A" AuthorEmail="N/A" /><!-- duration: 4ms -->
    </step><!-- duration: 12ms -->
    <step title="Starting PushDeployAsync" date="2025-11-08T08:27:58.567" /><!-- duration: 6ms -->
    <step title="Removing node_modules symlink" date="2025-11-08T08:27:58.611" >
      <step title="Removing _del_node_modules symlink" date="2025-11-08T08:27:58.832" >
        <step title="Writing artifact to /tmp/zipdeploy/92e216b3-3086-4b21-9b14-37c18b608fa4.zip" date="2025-11-08T08:27:58.868" >
          <step title="Writing multipart request body to /tmp/zipdeploy/92e216b3-3086-4b21-9b14-37c18b608fa4.zip" date="2025-11-08T08:27:58.879" /><!-- duration: 19ms -->
        </step><!-- duration: 5400ms -->
        <step title="Start deployment in the background" date="2025-11-08T08:28:04.372" >
          <step title="Acquiring Deployment Lock" date="2025-11-08T08:28:04.461" /><!-- duration: 4ms -->
          <step title="Acquired Deployment Lock" date="2025-11-08T08:28:04.520" /><!-- duration: 3ms -->
        </step><!-- duration: 317ms -->
      </step><!-- duration: 5877ms -->
      <step title="Outgoing response" date="2025-11-08T08:28:04.717" type="response" statusCode="202" statusText="Accepted" /><!-- duration: 11ms -->
    </step><!-- duration: 6124ms -->
