<step title="Incoming Request" date="2025-11-08T10:31:09.031" instance="22b10c" url="/api/deployments/latest?deployer=OneDeploy&amp;time=2025-11-08_10-29-16Z" method="GET" type="request" pid="833,1,18" Host="emergency-assistance-bfckhjejb3fbf9du.scm.japanwest-01.azurewebsites.net" User-Agent="GITHUBACTIONS_DeployWebAppToAzure_6afaea893f47a147fa5dac857d1041ffd4a8f022e29971635168cd4dcb90f2c0" Authorization="Bas..." Content-Type="application/json; charset=utf-8" Cookie="ARRAffinity=22b10c938bfb8149b35fcbcb38624f0710e5df8fb4c8f5ac3083a96e2b0cc607;Path=/;HttpOnly;Secure;Domain=emergency-assistance-bfckhjejb3fbf9du.scm.japanwest-01.azurewebsites.net; ARRAffinitySameSite=22b10c938bfb8149b35fcbcb38624f0710e5df8fb4c8f5ac3083a96e2b0cc607;Path=/;HttpOnly;SameSite=None;Secure;Domain=emergency-assistance-bfckhjejb3fbf9du.scm.japanwest-01.azurewebsites.net" Content-Length="0" X-ARR-LOG-ID="f3c039fc-f499-4276-aa24-9017ce4bbe33" CLIENT-IP="172.184.210.34:33810" X-SITE-DEPLOYMENT-ID="Emergency-Assistance" WAS-DEFAULT-HOSTNAME="emergency-assistance-bfckhjejb3fbf9du.scm.japanwest-01.azurewebsites.net" X-Forwarded-Proto="https" X-AppService-Proto="https" X-Forwarded-TlsVersion="1.3" X-WAWS-Unencoded-URL="/api/deployments/latest?deployer=OneDeploy&amp;time=2025-11-08_10-29-16Z" X-Client-IP="172.184.210.34" X-Client-Port="33810" >
  <step title="Cleanup Xml Logs" date="2025-11-08T10:31:09.045" >
    <step title="Cleanup Infos" date="2025-11-08T10:31:09.082" totalFiles="398" totalCleanup="238" /><!-- duration: 19ms -->
  </step><!-- duration: 67ms -->
  <step title="DeploymentService.GetResult" date="2025-11-08T10:31:09.138" >
    <step title="DeploymentService.GetLatestDeployment" date="2025-11-08T10:31:09.146" >
      <step title="DeploymentManager.GetResults" date="2025-11-08T10:31:09.168" /><!-- duration: 827ms -->
    </step><!-- duration: 853ms -->
  </step><!-- duration: 865ms -->
  <step title="Outgoing response" date="2025-11-08T10:31:10.007" type="response" statusCode="202" statusText="Accepted" /><!-- duration: 5ms -->
</step><!-- duration: 985ms -->
