<step title="Incoming Request" date="2025-11-08T08:29:24.890" instance="22b10c" url="/api/deployments/latest?deployer=OneDeploy&amp;time=2025-11-08_08-28-04Z" method="GET" type="request" pid="833,1,21" Host="emergency-assistance-bfckhjejb3fbf9du.scm.japanwest-01.azurewebsites.net" User-Agent="GITHUBACTIONS_DeployWebAppToAzure_6afaea893f47a147fa5dac857d1041ffd4a8f022e29971635168cd4dcb90f2c0" Authorization="Bas..." Content-Type="application/json; charset=utf-8" Cookie="ARRAffinity=22b10c938bfb8149b35fcbcb38624f0710e5df8fb4c8f5ac3083a96e2b0cc607;Path=/;HttpOnly;Secure;Domain=emergency-assistance-bfckhjejb3fbf9du.scm.japanwest-01.azurewebsites.net; ARRAffinitySameSite=22b10c938bfb8149b35fcbcb38624f0710e5df8fb4c8f5ac3083a96e2b0cc607;Path=/;HttpOnly;SameSite=None;Secure;Domain=emergency-assistance-bfckhjejb3fbf9du.scm.japanwest-01.azurewebsites.net" Content-Length="0" X-ARR-LOG-ID="07d44225-5d4f-4368-a7db-40efefc3f75d" CLIENT-IP="64.236.140.177:18442" X-SITE-DEPLOYMENT-ID="Emergency-Assistance" WAS-DEFAULT-HOSTNAME="emergency-assistance-bfckhjejb3fbf9du.scm.japanwest-01.azurewebsites.net" X-Forwarded-Proto="https" X-AppService-Proto="https" X-Forwarded-TlsVersion="1.3" X-WAWS-Unencoded-URL="/api/deployments/latest?deployer=OneDeploy&amp;time=2025-11-08_08-28-04Z" X-Client-IP="64.236.140.177" X-Client-Port="18442" >
  <step title="Cleanup Xml Logs" date="2025-11-08T08:29:24.897" >
    <step title="Cleanup Infos" date="2025-11-08T08:29:24.943" totalFiles="287" totalCleanup="127" /><!-- duration: 13ms -->
  </step><!-- duration: 65ms -->
  <step title="DeploymentService.GetResult" date="2025-11-08T08:29:24.980" >
    <step title="DeploymentService.GetLatestDeployment" date="2025-11-08T08:29:25.011" >
      <step title="DeploymentManager.GetResults" date="2025-11-08T08:29:25.030" /><!-- duration: 948ms -->
    </step><!-- duration: 992ms -->
  </step><!-- duration: 1034ms -->
  <step title="Outgoing response" date="2025-11-08T08:29:26.022" type="response" statusCode="202" statusText="Accepted" /><!-- duration: 9ms -->
</step><!-- duration: 1151ms -->
