<step title="BackgroundTrace" date="2025-07-02T08:53:37.111" instance="345353" url="/api/publish" method="POST" >
  <step title="Cleanup Xml Logs" date="2025-07-02T08:53:37.112" >
    <step title="Cleanup Infos" date="2025-07-02T08:53:37.134" totalFiles="489" totalCleanup="329" /><!-- duration: 1ms -->
  </step><!-- duration: 23ms -->
  <step title="Creating temporary deployment - FetchDeploymentManager" date="2025-07-02T08:53:37.165" /><!-- duration: 1ms -->
  <step title="Creating temporary deployment" date="2025-07-02T08:53:37.167" /><!-- duration: 47ms -->
  <step title="Performing fetch based deployment" date="2025-07-02T08:53:37.258" >
    <step title="Cleaning up temp folders from previous zip deployments and extracting pushed zip file /tmp/zipdeploy/6a8c1338-bfa7-4c97-9dd6-5c9fc258c8f5.zip (524.44 MB) to /tmp/zipdeploy/extracted" date="2025-07-02T08:53:38.394" >
      <step title="ChmodRecursive Process exited with total time taken in ms: 326" date="2025-07-02T08:54:20.273" /><!-- duration: 2ms -->
    </step><!-- duration: 41889ms -->
    <step title="Deployment timer started" date="2025-07-02T08:54:22.311" >
      <step title="DeploymentManager.Deploy(id:47785108-0daf-4f7a-b04d-dadec3c83161)" date="2025-07-02T08:54:22.329" >
        <step title="Collecting changeset information" date="2025-07-02T08:54:22.341" /><!-- duration: 100ms -->
        <step title="Updating submodules" date="2025-07-02T08:54:22.443" /><!-- duration: 1080ms -->
        <step title="Determining deployment builder" date="2025-07-02T08:54:23.646" >
          <step title="Builder is OneDeployBuilder" date="2025-07-02T08:54:23.650" /><!-- duration: 1ms -->
        </step><!-- duration: 5ms -->
        <step title="PreDeployment: context.CleanOutputPath False" date="2025-07-02T08:54:23.701" >
          <step title="PreDeployment: context.OutputPath /home/site/wwwroot" date="2025-07-02T08:54:23.765" >
            <step title="Building" date="2025-07-02T08:54:23.828" >
              <step title="Executing external process" date="2025-07-02T08:54:24.214" type="process" path="starter.sh" arguments="/opt/Kudu/Scripts/absoluteTar.sh /tmp/zipdeploy/extracted/node_modules /tmp/zipdeploy/extracted/node_modules.tar.gz" >
                <step title="Cpu: gzip(20722,49.390s)+sh(20721,0.000s)+tar(20720,2.390s)+absoluteTar.sh(20719,0.020s)=total(51.790s)" date="2025-07-02T08:55:24.508" /><!-- duration: 10ms -->
                <step title="starter.sh: no io activity for 60s, prev-cpu=-1.000s, current-cpu=51.790s" date="2025-07-02T08:55:24.546" /><!-- duration: 1ms -->
                <step title="Cpu: gzip(20722,92.190s)+sh(20721,0.000s)+tar(20720,5.400s)+absoluteTar.sh(20719,0.020s)=total(97.610s)" date="2025-07-02T08:56:24.763" /><!-- duration: 9ms -->
                <step title="starter.sh: no io activity for 121s, prev-cpu=51.790s, current-cpu=97.610s" date="2025-07-02T08:56:24.802" /><!-- duration: 1ms -->
              </step><!-- duration: 137137ms -->
              <step title="Executing external process" date="2025-07-02T08:56:41.532" type="process" path="starter.sh" arguments="/opt/Kudu/Scripts/parallel_rsync.sh /tmp/zipdeploy/extracted /home/site/wwwroot 8 /tmp/ False False node_modules " /><!-- duration: 25670ms -->
              <step title="Modified file to trigger a restart of the app container." date="2025-07-02T08:57:07.899" /><!-- duration: 1ms -->
              <step title="Skip function trigger and logicapp sync because function is not enabled." date="2025-07-02T08:57:07.911" /><!-- duration: 2ms -->
              <step title="Purge deployment items" date="2025-07-02T08:57:09.035" >
                <step title="Remove 5ea1933d-, Success, received at 06/29/2025 12:01:33" date="2025-07-02T08:57:09.070" /><!-- duration: 1ms -->
              </step><!-- duration: 37ms -->
            </step><!-- duration: 165282ms -->
          </step><!-- duration: 165364ms -->
          <step title="Cleaning up temp files" date="2025-07-02T08:57:09.130" /><!-- duration: 9ms -->
          <step title="Cleaning up temp files" date="2025-07-02T08:57:09.140" /><!-- duration: 605ms -->
          <step title="Reloading status file with latest updates" date="2025-07-02T08:57:09.773" >
            <step title="WebHooksManager.PublishEventAsync: PostDeployment" date="2025-07-02T08:57:09.779" /><!-- duration: 85ms -->
          </step><!-- duration: 93ms -->
          <step title="Cleaning up temporary deployment - fetch deployment was successful" date="2025-07-02T08:57:09.875" /><!-- duration: 8ms -->
        </step><!-- duration: 166262ms -->
      </step><!-- duration: 167655ms -->
