<step title="BackgroundTrace" date="2025-11-08T04:17:12.614" instance="22b10c" url="/api/publish" method="POST" >
  <step title="Creating temporary deployment - FetchDeploymentManager" date="2025-11-08T04:17:12.842" /><!-- duration: 12ms -->
  <step title="Creating temporary deployment" date="2025-11-08T04:17:13.055" /><!-- duration: 132ms -->
  <step title="Performing fetch based deployment" date="2025-11-08T04:17:13.424" >
    <step title="Cleaning up temp folders from previous zip deployments and extracting pushed zip file /tmp/zipdeploy/a587a7fc-ed58-4c4f-b02c-e4093274d448.zip (41.96 MB) to /tmp/zipdeploy/extracted" date="2025-11-08T04:17:15.134" >
      <step title="ChmodRecursive Process exited with total time taken in ms: 101" date="2025-11-08T04:17:20.407" /><!-- duration: 20ms -->
    </step><!-- duration: 5297ms -->
    <step title="Deployment timer started" date="2025-11-08T04:17:22.448" >
      <step title="DeploymentManager.Deploy(id:dd0b82b7-3552-475a-897c-c0b57206d369)" date="2025-11-08T04:17:22.456" >
        <step title="Collecting changeset information" date="2025-11-08T04:17:22.499" /><!-- duration: 112ms -->
        <step title="Updating submodules" date="2025-11-08T04:17:22.617" /><!-- duration: 1174ms -->
        <step title="Determining deployment builder" date="2025-11-08T04:17:24.197" >
          <step title="Builder is OneDeployBuilder" date="2025-11-08T04:17:24.231" /><!-- duration: 18ms -->
        </step><!-- duration: 57ms -->
        <step title="PreDeployment: context.CleanOutputPath False" date="2025-11-08T04:17:24.328" >
          <step title="PreDeployment: context.OutputPath /home/site/wwwroot" date="2025-11-08T04:17:24.452" >
            <step title="Building" date="2025-11-08T04:17:24.612" >
              <step title="Executing external process" date="2025-11-08T04:17:25.518" type="process" path="starter.sh" arguments="/opt/Kudu/Scripts/absoluteTar.sh /tmp/zipdeploy/extracted/node_modules /tmp/zipdeploy/extracted/node_modules.tar.gz" /><!-- duration: 2019ms -->
              <step title="Executing external process" date="2025-11-08T04:17:28.317" type="process" path="starter.sh" arguments="/opt/Kudu/Scripts/parallel_rsync.sh /tmp/zipdeploy/extracted /home/site/wwwroot 8 /tmp/ False False node_modules " /><!-- duration: 13828ms -->
              <step title="Modified file to trigger a restart of the app container." date="2025-11-08T04:17:42.977" /><!-- duration: 4ms -->
              <step title="Skip function trigger and logicapp sync because function is not enabled." date="2025-11-08T04:17:42.986" /><!-- duration: 16ms -->
              <step title="Purge deployment items" date="2025-11-08T04:17:44.240" >
                <step title="Remove 93d65de4-, Success, received at 11/08/2025 01:26:15" date="2025-11-08T04:17:44.326" /><!-- duration: 3ms -->
              </step><!-- duration: 93ms -->
            </step><!-- duration: 19792ms -->
          </step><!-- duration: 19959ms -->
          <step title="Cleaning up temp files" date="2025-11-08T04:17:44.414" /><!-- duration: 5ms -->
          <step title="Cleaning up temp files" date="2025-11-08T04:17:44.427" /><!-- duration: 512ms -->
          <step title="Reloading status file with latest updates" date="2025-11-08T04:17:45.498" >
            <step title="WebHooksManager.PublishEventAsync: PostDeployment" date="2025-11-08T04:17:45.505" /><!-- duration: 48ms -->
          </step><!-- duration: 58ms -->
          <step title="Cleaning up temporary deployment - fetch deployment was successful" date="2025-11-08T04:17:45.588" /><!-- duration: 41ms -->
        </step><!-- duration: 21616ms -->
      </step><!-- duration: 23508ms -->
