<step title="Incoming Request" date="2025-11-08T08:28:11.407" instance="22b10c" url="/api/deployments/latest?deployer=OneDeploy&amp;time=2025-11-08_08-28-04Z" method="GET" type="request" pid="833,1,15" Host="emergency-assistance-bfckhjejb3fbf9du.scm.japanwest-01.azurewebsites.net" User-Agent="GITHUBACTIONS_DeployWebAppToAzure_6afaea893f47a147fa5dac857d1041ffd4a8f022e29971635168cd4dcb90f2c0" Authorization="Bas..." Content-Type="application/json; charset=utf-8" Cookie="ARRAffinity=22b10c938bfb8149b35fcbcb38624f0710e5df8fb4c8f5ac3083a96e2b0cc607;Path=/;HttpOnly;Secure;Domain=emergency-assistance-bfckhjejb3fbf9du.scm.japanwest-01.azurewebsites.net; ARRAffinitySameSite=22b10c938bfb8149b35fcbcb38624f0710e5df8fb4c8f5ac3083a96e2b0cc607;Path=/;HttpOnly;SameSite=None;Secure;Domain=emergency-assistance-bfckhjejb3fbf9du.scm.japanwest-01.azurewebsites.net" Content-Length="0" X-ARR-LOG-ID="8225379a-f3ba-4773-920e-11c403824dba" CLIENT-IP="64.236.140.177:18441" X-SITE-DEPLOYMENT-ID="Emergency-Assistance" WAS-DEFAULT-HOSTNAME="emergency-assistance-bfckhjejb3fbf9du.scm.japanwest-01.azurewebsites.net" X-Forwarded-Proto="https" X-AppService-Proto="https" X-Forwarded-TlsVersion="1.3" X-WAWS-Unencoded-URL="/api/deployments/latest?deployer=OneDeploy&amp;time=2025-11-08_08-28-04Z" X-Client-IP="64.236.140.177" X-Client-Port="18441" >
  <step title="Cleanup Xml Logs" date="2025-11-08T08:28:11.424" >
    <step title="Cleanup Infos" date="2025-11-08T08:28:11.450" totalFiles="270" totalCleanup="110" /><!-- duration: 17ms -->
  </step><!-- duration: 51ms -->
  <step title="DeploymentService.GetResult" date="2025-11-08T08:28:11.524" >
    <step title="DeploymentService.GetLatestDeployment" date="2025-11-08T08:28:11.535" >
      <step title="DeploymentManager.GetResults" date="2025-11-08T08:28:11.545" /><!-- duration: 1000ms -->
    </step><!-- duration: 1041ms -->
  </step><!-- duration: 1101ms -->
  <step title="Outgoing response" date="2025-11-08T08:28:12.657" type="response" statusCode="202" statusText="Accepted" /><!-- duration: 27ms -->
</step><!-- duration: 1289ms -->
