<step title="Incoming Request" date="2025-06-29T04:32:24.312" instance="345353" url="/api/zipdeploy?isAsync=true&amp;deployer=GITHUB_ZIP_DEPLOY&amp;message=%7B%22type%22%3A%22deployment%22%2C%22sha%22%3A%229e76dcb679a9579b74e22c523776a1b6e9f51b4f%22%2C%22repoName%22%3A%22Satoshi-Niina%2FEmergency-Assistance%22%2C%22actor%22%3A%22Satoshi-Niina%22%2C%22slotName%22%3A%22production%22%2C%22commitMessage%22%3A%22fix%3A%20add%20auth%20router%20to%20enable%20%2Fapi%2Fauth%2Flogin%20endpoint%20(fix%20405%20error)%22%7D" method="POST" type="request" pid="820,1,32" Host="emergency-backend-api-efg6gaawcjdmaggy.scm.japanwest-01.azurewebsites.net" User-Agent="GITHUBACTIONS_DeployWebAppToAzure_6afaea893f47a147fa5dac857d1041ffd4a8f022e29971635168cd4dcb90f2c0" Authorization="Bas..." Content-Type="application/octet-stream" Cookie="ARRAffinity=345353a6e2e5ca1cb44ba615462d7ac6ac166df501ae2807c92c9581cdccacea;Path=/;HttpOnly;Secure;Domain=emergency-backend-api-efg6gaawcjdmaggy.scm.japanwest-01.azurewebsites.net; ARRAffinitySameSite=345353a6e2e5ca1cb44ba615462d7ac6ac166df501ae2807c92c9581cdccacea;Path=/;HttpOnly;SameSite=None;Secure;Domain=emergency-backend-api-efg6gaawcjdmaggy.scm.japanwest-01.azurewebsites.net" Transfer-Encoding="chunked" X-ARR-LOG-ID="4b69ef19-eb69-46f3-ad94-5f13262dd07a" CLIENT-IP="104.42.22.4:1024" X-SITE-DEPLOYMENT-ID="emergency-backend-api" WAS-DEFAULT-HOSTNAME="emergency-backend-api-efg6gaawcjdmaggy.scm.japanwest-01.azurewebsites.net" X-Forwarded-Proto="https" X-AppService-Proto="https" X-Forwarded-TlsVersion="1.3" X-WAWS-Unencoded-URL="/api/zipdeploy?isAsync=true&amp;deployer=GITHUB_ZIP_DEPLOY&amp;message=%7B%22type%22%3A%22deployment%22%2C%22sha%22%3A%229e76dcb679a9579b74e22c523776a1b6e9f51b4f%22%2C%22repoName%22%3A%22Satoshi-Niina%2FEmergency-Assistance%22%2C%22actor%22%3A%22Satoshi-Niina%22%2C%22slotName%22%3A%22production%22%2C%22commitMessage%22%3A%22fix%3A%20add%20auth%20router%20to%20enable%20%2Fapi%2Fauth%2Flogin%20endpoint%20(fix%20405%20error)%22%7D" X-Client-IP="104.42.22.4" X-Client-Port="1024" >
  <step title="ZipPushDeploy" date="2025-06-29T04:32:24.332" >
    <step title="ZipDeploy. Extract zip." date="2025-06-29T04:32:24.335" /><!-- duration: 1ms -->
    <step title="Starting PushDeployAsync" date="2025-06-29T04:32:24.342" /><!-- duration: 1ms -->
    <step title="Writing artifact to /tmp/zipdeploy/cb482a5e-f0ac-4b40-a451-ed3f6855ab25.zip" date="2025-06-29T04:32:24.353" >
      <step title="Writing multipart request body to /tmp/zipdeploy/cb482a5e-f0ac-4b40-a451-ed3f6855ab25.zip" date="2025-06-29T04:32:24.354" /><!-- duration: 1ms -->
    </step><!-- duration: 266ms -->
    <step title="Start deployment in the background" date="2025-06-29T04:32:24.622" >
      <step title="Acquiring Deployment Lock" date="2025-06-29T04:32:24.640" /><!-- duration: 1ms -->
      <step title="Acquired Deployment Lock" date="2025-06-29T04:32:24.653" /><!-- duration: 1ms -->
    </step><!-- duration: 83ms -->
  </step><!-- duration: 376ms -->
  <step title="Outgoing response" date="2025-06-29T04:32:24.709" type="response" statusCode="202" statusText="Accepted" /><!-- duration: 1ms -->
</step><!-- duration: 399ms -->
