<step title="Incoming Request" date="2025-11-08T10:30:56.044" instance="22b10c" url="/api/deployments/latest?deployer=OneDeploy&amp;time=2025-11-08_10-29-16Z" method="GET" type="request" pid="833,1,22" Host="emergency-assistance-bfckhjejb3fbf9du.scm.japanwest-01.azurewebsites.net" User-Agent="GITHUBACTIONS_DeployWebAppToAzure_6afaea893f47a147fa5dac857d1041ffd4a8f022e29971635168cd4dcb90f2c0" Authorization="Bas..." Content-Type="application/json; charset=utf-8" Cookie="ARRAffinity=22b10c938bfb8149b35fcbcb38624f0710e5df8fb4c8f5ac3083a96e2b0cc607;Path=/;HttpOnly;Secure;Domain=emergency-assistance-bfckhjejb3fbf9du.scm.japanwest-01.azurewebsites.net; ARRAffinitySameSite=22b10c938bfb8149b35fcbcb38624f0710e5df8fb4c8f5ac3083a96e2b0cc607;Path=/;HttpOnly;SameSite=None;Secure;Domain=emergency-assistance-bfckhjejb3fbf9du.scm.japanwest-01.azurewebsites.net" Content-Length="0" X-ARR-LOG-ID="584e1b2a-588f-4754-8c2f-655c70d0eb5b" CLIENT-IP="172.184.210.34:33810" X-SITE-DEPLOYMENT-ID="Emergency-Assistance" WAS-DEFAULT-HOSTNAME="emergency-assistance-bfckhjejb3fbf9du.scm.japanwest-01.azurewebsites.net" X-Forwarded-Proto="https" X-AppService-Proto="https" X-Forwarded-TlsVersion="1.3" X-WAWS-Unencoded-URL="/api/deployments/latest?deployer=OneDeploy&amp;time=2025-11-08_10-29-16Z" X-Client-IP="172.184.210.34" X-Client-Port="33810" >
  <step title="Cleanup Xml Logs" date="2025-11-08T10:30:56.053" >
    <step title="Cleanup Infos" date="2025-11-08T10:30:56.083" totalFiles="396" totalCleanup="236" /><!-- duration: 14ms -->
  </step><!-- duration: 53ms -->
  <step title="DeploymentService.GetResult" date="2025-11-08T10:30:56.137" >
    <step title="DeploymentService.GetLatestDeployment" date="2025-11-08T10:30:56.154" >
      <step title="DeploymentManager.GetResults" date="2025-11-08T10:30:56.164" /><!-- duration: 845ms -->
    </step><!-- duration: 860ms -->
  </step><!-- duration: 892ms -->
  <step title="Outgoing response" date="2025-11-08T10:30:57.038" type="response" statusCode="202" statusText="Accepted" /><!-- duration: 11ms -->
</step><!-- duration: 1017ms -->
