<step title="Incoming Request" date="2025-11-08T10:38:22.489" instance="22b10c" url="/api/deployments/latest?deployer=OneDeploy&amp;time=2025-11-08_10-37-47Z" method="GET" type="request" pid="831,1,17" Host="emergency-assistance-bfckhjejb3fbf9du.scm.japanwest-01.azurewebsites.net" User-Agent="GITHUBACTIONS_DeployWebAppToAzure_6afaea893f47a147fa5dac857d1041ffd4a8f022e29971635168cd4dcb90f2c0" Authorization="Bas..." Content-Type="application/json; charset=utf-8" Cookie="ARRAffinity=22b10c938bfb8149b35fcbcb38624f0710e5df8fb4c8f5ac3083a96e2b0cc607;Path=/;HttpOnly;Secure;Domain=emergency-assistance-bfckhjejb3fbf9du.scm.japanwest-01.azurewebsites.net; ARRAffinitySameSite=22b10c938bfb8149b35fcbcb38624f0710e5df8fb4c8f5ac3083a96e2b0cc607;Path=/;HttpOnly;SameSite=None;Secure;Domain=emergency-assistance-bfckhjejb3fbf9du.scm.japanwest-01.azurewebsites.net" Content-Length="0" X-ARR-LOG-ID="32d41800-44b2-4012-8ab1-07f49c649cab" CLIENT-IP="4.227.174.176:56257" X-SITE-DEPLOYMENT-ID="Emergency-Assistance" WAS-DEFAULT-HOSTNAME="emergency-assistance-bfckhjejb3fbf9du.scm.japanwest-01.azurewebsites.net" X-Forwarded-Proto="https" X-AppService-Proto="https" X-Forwarded-TlsVersion="1.3" X-WAWS-Unencoded-URL="/api/deployments/latest?deployer=OneDeploy&amp;time=2025-11-08_10-37-47Z" X-Client-IP="4.227.174.176" X-Client-Port="56257" >
  <step title="Cleanup Xml Logs" date="2025-11-08T10:38:22.498" >
    <step title="Cleanup Infos" date="2025-11-08T10:38:22.546" totalFiles="410" totalCleanup="250" /><!-- duration: 20ms -->
  </step><!-- duration: 82ms -->
  <step title="DeploymentService.GetResult" date="2025-11-08T10:38:22.617" >
    <step title="DeploymentService.GetLatestDeployment" date="2025-11-08T10:38:22.627" >
      <step title="DeploymentManager.GetResults" date="2025-11-08T10:38:22.646" /><!-- duration: 1090ms -->
    </step><!-- duration: 1131ms -->
  </step><!-- duration: 1152ms -->
  <step title="Outgoing response" date="2025-11-08T10:38:23.787" type="response" statusCode="202" statusText="Accepted" /><!-- duration: 12ms -->
</step><!-- duration: 1327ms -->
