<step title="Incoming Request" date="2025-11-08T05:58:53.525" instance="22b10c" url="/api/deployments/latest?deployer=OneDeploy&amp;time=2025-11-08_05-57-56Z" method="GET" type="request" pid="831,1,25" Host="emergency-assistance-bfckhjejb3fbf9du.scm.japanwest-01.azurewebsites.net" User-Agent="GITHUBACTIONS_DeployWebAppToAzure_6afaea893f47a147fa5dac857d1041ffd4a8f022e29971635168cd4dcb90f2c0" Authorization="Bas..." Content-Type="application/json; charset=utf-8" Cookie="ARRAffinity=22b10c938bfb8149b35fcbcb38624f0710e5df8fb4c8f5ac3083a96e2b0cc607;Path=/;HttpOnly;Secure;Domain=emergency-assistance-bfckhjejb3fbf9du.scm.japanwest-01.azurewebsites.net; ARRAffinitySameSite=22b10c938bfb8149b35fcbcb38624f0710e5df8fb4c8f5ac3083a96e2b0cc607;Path=/;HttpOnly;SameSite=None;Secure;Domain=emergency-assistance-bfckhjejb3fbf9du.scm.japanwest-01.azurewebsites.net" Content-Length="0" X-ARR-LOG-ID="b73fff61-5d0c-4b69-800e-a83079cef1ea" CLIENT-IP="135.232.201.240:62464" X-SITE-DEPLOYMENT-ID="Emergency-Assistance" WAS-DEFAULT-HOSTNAME="emergency-assistance-bfckhjejb3fbf9du.scm.japanwest-01.azurewebsites.net" X-Forwarded-Proto="https" X-AppService-Proto="https" X-Forwarded-TlsVersion="1.3" X-WAWS-Unencoded-URL="/api/deployments/latest?deployer=OneDeploy&amp;time=2025-11-08_05-57-56Z" X-Client-IP="135.232.201.240" X-Client-Port="62464" >
  <step title="Cleanup Xml Logs" date="2025-11-08T05:58:53.541" >
    <step title="Cleanup Infos" date="2025-11-08T05:58:53.575" totalFiles="200" totalCleanup="40" /><!-- duration: 33ms -->
  </step><!-- duration: 96ms -->
  <step title="DeploymentService.GetResult" date="2025-11-08T05:58:53.665" >
    <step title="DeploymentService.GetLatestDeployment" date="2025-11-08T05:58:53.671" >
      <step title="DeploymentManager.GetResults" date="2025-11-08T05:58:53.699" /><!-- duration: 1015ms -->
    </step><!-- duration: 1061ms -->
  </step><!-- duration: 1082ms -->
  <step title="Outgoing response" date="2025-11-08T05:58:54.754" type="response" statusCode="202" statusText="Accepted" /><!-- duration: 11ms -->
</step><!-- duration: 1249ms -->
