<step title="BackgroundTrace" date="2025-11-08T03:43:34.267" instance="22b10c" url="/api/publish" method="POST" >
  <step title="Creating temporary deployment - FetchDeploymentManager" date="2025-11-08T03:43:34.447" /><!-- duration: 3ms -->
  <step title="Creating temporary deployment" date="2025-11-08T03:43:34.465" /><!-- duration: 112ms -->
  <step title="Performing fetch based deployment" date="2025-11-08T03:43:34.617" >
    <step title="Cleaning up temp folders from previous zip deployments and extracting pushed zip file /tmp/zipdeploy/b57bbea5-629c-489b-85ae-8c9d82719baa.zip (41.96 MB) to /tmp/zipdeploy/extracted" date="2025-11-08T03:43:35.830" >
      <step title="ChmodRecursive Process exited with total time taken in ms: 77" date="2025-11-08T03:43:38.725" /><!-- duration: 5ms -->
    </step><!-- duration: 2904ms -->
    <step title="Deployment timer started" date="2025-11-08T03:43:40.759" >
      <step title="DeploymentManager.Deploy(id:de16f1e3-0d03-496c-91c3-74a2e70c30af)" date="2025-11-08T03:43:40.768" >
        <step title="Collecting changeset information" date="2025-11-08T03:43:40.797" /><!-- duration: 144ms -->
        <step title="Updating submodules" date="2025-11-08T03:43:40.949" /><!-- duration: 1186ms -->
        <step title="Determining deployment builder" date="2025-11-08T03:43:42.390" >
          <step title="Builder is OneDeployBuilder" date="2025-11-08T03:43:42.418" /><!-- duration: 8ms -->
        </step><!-- duration: 42ms -->
        <step title="PreDeployment: context.CleanOutputPath False" date="2025-11-08T03:43:42.539" >
          <step title="PreDeployment: context.OutputPath /home/site/wwwroot" date="2025-11-08T03:43:42.714" >
            <step title="Building" date="2025-11-08T03:43:42.882" >
              <step title="Executing external process" date="2025-11-08T03:43:44.642" type="process" path="starter.sh" arguments="/opt/Kudu/Scripts/absoluteTar.sh /tmp/zipdeploy/extracted/node_modules /tmp/zipdeploy/extracted/node_modules.tar.gz" /><!-- duration: 1220ms -->
              <step title="Executing external process" date="2025-11-08T03:43:46.199" type="process" path="starter.sh" arguments="/opt/Kudu/Scripts/parallel_rsync.sh /tmp/zipdeploy/extracted /home/site/wwwroot 8 /tmp/ False False node_modules " /><!-- duration: 10874ms -->
              <step title="Modified file to trigger a restart of the app container." date="2025-11-08T03:43:58.483" /><!-- duration: 4ms -->
              <step title="Skip function trigger and logicapp sync because function is not enabled." date="2025-11-08T03:43:58.492" /><!-- duration: 13ms -->
            </step><!-- duration: 16839ms -->
          </step><!-- duration: 17014ms -->
          <step title="Cleaning up temp files" date="2025-11-08T03:43:59.731" /><!-- duration: 4ms -->
          <step title="Cleaning up temp files" date="2025-11-08T03:43:59.741" /><!-- duration: 513ms -->
          <step title="Reloading status file with latest updates" date="2025-11-08T03:44:00.279" >
            <step title="WebHooksManager.PublishEventAsync: PostDeployment" date="2025-11-08T03:44:00.283" /><!-- duration: 49ms -->
          </step><!-- duration: 57ms -->
          <step title="Cleaning up temporary deployment - fetch deployment was successful" date="2025-11-08T03:44:00.343" /><!-- duration: 4ms -->
        </step><!-- duration: 17894ms -->
      </step><!-- duration: 19681ms -->
