<step title="Incoming Request" date="2025-06-28T07:37:10.224" instance="345353" url="/api/zipdeploy?isAsync=true&amp;deployer=GITHUB_ZIP_DEPLOY&amp;message=%7B%22type%22%3A%22deployment%22%2C%22sha%22%3A%22b3145b7c6e2f0e35cf8e599a90acc49ec53e6ae9%22%2C%22repoName%22%3A%22Satoshi-Niina%2FEmergency-Assistance%22%2C%22actor%22%3A%22Satoshi-Niina%22%2C%22slotName%22%3A%22production%22%2C%22commitMessage%22%3A%22Azure%E3%83%95%E3%83%AD%E3%83%B3%E3%83%88%E3%81%A8%E3%82%B5%E3%83%BC%E3%83%90%E3%83%BC%E6%8E%A5%E7%B6%9A%E8%A8%AD%E5%AE%9A%22%7D" method="POST" type="request" pid="820,1,20" Host="emergency-backend-api-efg6gaawcjdmaggy.scm.japanwest-01.azurewebsites.net" User-Agent="GITHUBACTIONS_DeployWebAppToAzure_6afaea893f47a147fa5dac857d1041ffd4a8f022e29971635168cd4dcb90f2c0" Authorization="Bas..." Content-Type="application/octet-stream" Cookie="ARRAffinity=345353a6e2e5ca1cb44ba615462d7ac6ac166df501ae2807c92c9581cdccacea;Path=/;HttpOnly;Secure;Domain=emergency-backend-api-efg6gaawcjdmaggy.scm.japanwest-01.azurewebsites.net; ARRAffinitySameSite=345353a6e2e5ca1cb44ba615462d7ac6ac166df501ae2807c92c9581cdccacea;Path=/;HttpOnly;SameSite=None;Secure;Domain=emergency-backend-api-efg6gaawcjdmaggy.scm.japanwest-01.azurewebsites.net" Transfer-Encoding="chunked" X-ARR-LOG-ID="aeb92f45-dcc7-4b6e-9359-8b8eefe8d53d" CLIENT-IP="40.71.201.110:1984" X-SITE-DEPLOYMENT-ID="emergency-backend-api" WAS-DEFAULT-HOSTNAME="emergency-backend-api-efg6gaawcjdmaggy.scm.japanwest-01.azurewebsites.net" X-Forwarded-Proto="https" X-AppService-Proto="https" X-Forwarded-TlsVersion="1.3" X-WAWS-Unencoded-URL="/api/zipdeploy?isAsync=true&amp;deployer=GITHUB_ZIP_DEPLOY&amp;message=%7B%22type%22%3A%22deployment%22%2C%22sha%22%3A%22b3145b7c6e2f0e35cf8e599a90acc49ec53e6ae9%22%2C%22repoName%22%3A%22Satoshi-Niina%2FEmergency-Assistance%22%2C%22actor%22%3A%22Satoshi-Niina%22%2C%22slotName%22%3A%22production%22%2C%22commitMessage%22%3A%22Azure%E3%83%95%E3%83%AD%E3%83%B3%E3%83%88%E3%81%A8%E3%82%B5%E3%83%BC%E3%83%90%E3%83%BC%E6%8E%A5%E7%B6%9A%E8%A8%AD%E5%AE%9A%22%7D" X-Client-IP="40.71.201.110" X-Client-Port="1984" >
  <step title="ZipPushDeploy" date="2025-06-28T07:37:10.273" >
    <step title="ZipDeploy. Extract zip." date="2025-06-28T07:37:10.283" /><!-- duration: 2ms -->
    <step title="Starting PushDeployAsync" date="2025-06-28T07:37:10.293" /><!-- duration: 1ms -->
    <step title="Writing artifact to /tmp/zipdeploy/27acb8ba-7f18-4afe-aa5c-cce81947d722.zip" date="2025-06-28T07:37:10.304" >
      <step title="Writing multipart request body to /tmp/zipdeploy/27acb8ba-7f18-4afe-aa5c-cce81947d722.zip" date="2025-06-28T07:37:10.305" /><!-- duration: 1ms -->
    </step><!-- duration: 190ms -->
    <step title="Start deployment in the background" date="2025-06-28T07:37:10.514" >
      <step title="Acquiring Deployment Lock" date="2025-06-28T07:37:10.576" /><!-- duration: 4ms -->
      <step title="Acquired Deployment Lock" date="2025-06-28T07:37:10.628" /><!-- duration: 1ms -->
    </step><!-- duration: 353ms -->
  </step><!-- duration: 597ms -->
  <step title="Outgoing response" date="2025-06-28T07:37:10.873" type="response" statusCode="202" statusText="Accepted" /><!-- duration: 1ms -->
</step><!-- duration: 650ms -->
