<step title="Incoming Request" date="2025-07-02T07:26:08.398" instance="345353" url="/api/deployments/latest?deployer=OneDeploy&amp;time=2025-07-02_07-23-42Z" method="GET" type="request" pid="820,1,3" Host="emergency-backend-api-efg6gaawcjdmaggy.scm.japanwest-01.azurewebsites.net" User-Agent="GITHUBACTIONS_DeployWebAppToAzure_6afaea893f47a147fa5dac857d1041ffd4a8f022e29971635168cd4dcb90f2c0" Authorization="Bea..." Content-Type="application/json; charset=utf-8" Cookie="ARRAffinity=345353a6e2e5ca1cb44ba615462d7ac6ac166df501ae2807c92c9581cdccacea;Path=/;HttpOnly;Secure;Domain=emergency-backend-api-efg6gaawcjdmaggy.scm.japanwest-01.azurewebsites.net; ARRAffinitySameSite=345353a6e2e5ca1cb44ba615462d7ac6ac166df501ae2807c92c9581cdccacea;Path=/;HttpOnly;SameSite=None;Secure;Domain=emergency-backend-api-efg6gaawcjdmaggy.scm.japanwest-01.azurewebsites.net" Content-Length="0" X-ARR-LOG-ID="30fa9c86-ef48-4ca0-b09a-b582b7f076d7" CLIENT-IP="4.227.220.251:7105" X-SITE-DEPLOYMENT-ID="emergency-backend-api" WAS-DEFAULT-HOSTNAME="emergency-backend-api-efg6gaawcjdmaggy.scm.japanwest-01.azurewebsites.net" X-Forwarded-Proto="https" X-AppService-Proto="https" X-Forwarded-TlsVersion="1.3" X-WAWS-Unencoded-URL="/api/deployments/latest?deployer=OneDeploy&amp;time=2025-07-02_07-23-42Z" X-Client-IP="4.227.220.251" X-Client-Port="7105" >
  <step title="Cleanup Xml Logs" date="2025-07-02T07:26:08.400" >
    <step title="Cleanup Infos" date="2025-07-02T07:26:08.409" totalFiles="323" totalCleanup="163" /><!-- duration: 1ms -->
  </step><!-- duration: 18ms -->
  <step title="DeploymentService.GetResult" date="2025-07-02T07:26:08.427" >
    <step title="DeploymentService.GetLatestDeployment" date="2025-07-02T07:26:08.428" >
      <step title="DeploymentManager.GetResults" date="2025-07-02T07:26:08.429" /><!-- duration: 476ms -->
    </step><!-- duration: 486ms -->
  </step><!-- duration: 488ms -->
  <step title="Outgoing response" date="2025-07-02T07:26:08.924" type="response" statusCode="202" statusText="Accepted" /><!-- duration: 1ms -->
</step><!-- duration: 527ms -->
