<step title="Incoming Request" date="2025-11-08T08:28:53.836" instance="22b10c" url="/api/deployments/latest?deployer=OneDeploy&amp;time=2025-11-08_08-28-04Z" method="GET" type="request" pid="833,1,5" Host="emergency-assistance-bfckhjejb3fbf9du.scm.japanwest-01.azurewebsites.net" User-Agent="GITHUBACTIONS_DeployWebAppToAzure_6afaea893f47a147fa5dac857d1041ffd4a8f022e29971635168cd4dcb90f2c0" Authorization="Bas..." Content-Type="application/json; charset=utf-8" Cookie="ARRAffinity=22b10c938bfb8149b35fcbcb38624f0710e5df8fb4c8f5ac3083a96e2b0cc607;Path=/;HttpOnly;Secure;Domain=emergency-assistance-bfckhjejb3fbf9du.scm.japanwest-01.azurewebsites.net; ARRAffinitySameSite=22b10c938bfb8149b35fcbcb38624f0710e5df8fb4c8f5ac3083a96e2b0cc607;Path=/;HttpOnly;SameSite=None;Secure;Domain=emergency-assistance-bfckhjejb3fbf9du.scm.japanwest-01.azurewebsites.net" Content-Length="0" X-ARR-LOG-ID="fe07a56d-d0cb-463b-94f1-09bc247a8948" CLIENT-IP="64.236.140.177:18441" X-SITE-DEPLOYMENT-ID="Emergency-Assistance" WAS-DEFAULT-HOSTNAME="emergency-assistance-bfckhjejb3fbf9du.scm.japanwest-01.azurewebsites.net" X-Forwarded-Proto="https" X-AppService-Proto="https" X-Forwarded-TlsVersion="1.3" X-WAWS-Unencoded-URL="/api/deployments/latest?deployer=OneDeploy&amp;time=2025-11-08_08-28-04Z" X-Client-IP="64.236.140.177" X-Client-Port="18441" >
  <step title="Cleanup Xml Logs" date="2025-11-08T08:28:53.846" >
    <step title="Cleanup Infos" date="2025-11-08T08:28:53.895" totalFiles="279" totalCleanup="119" /><!-- duration: 70ms -->
  </step><!-- duration: 148ms -->
  <step title="DeploymentService.GetResult" date="2025-11-08T08:28:54.025" >
    <step title="DeploymentService.GetLatestDeployment" date="2025-11-08T08:28:54.037" >
      <step title="DeploymentManager.GetResults" date="2025-11-08T08:28:54.047" /><!-- duration: 1637ms -->
    </step><!-- duration: 1676ms -->
  </step><!-- duration: 1728ms -->
  <step title="Outgoing response" date="2025-11-08T08:28:55.833" type="response" statusCode="202" statusText="Accepted" /><!-- duration: 70ms -->
</step><!-- duration: 2087ms -->
