<step title="Incoming Request" date="2025-11-08T08:29:45.694" instance="22b10c" url="/api/deployments/latest?deployer=OneDeploy&amp;time=2025-11-08_08-28-04Z" method="GET" type="request" pid="833,1,5" Host="emergency-assistance-bfckhjejb3fbf9du.scm.japanwest-01.azurewebsites.net" User-Agent="GITHUBACTIONS_DeployWebAppToAzure_6afaea893f47a147fa5dac857d1041ffd4a8f022e29971635168cd4dcb90f2c0" Authorization="Bas..." Content-Type="application/json; charset=utf-8" Cookie="ARRAffinity=22b10c938bfb8149b35fcbcb38624f0710e5df8fb4c8f5ac3083a96e2b0cc607;Path=/;HttpOnly;Secure;Domain=emergency-assistance-bfckhjejb3fbf9du.scm.japanwest-01.azurewebsites.net; ARRAffinitySameSite=22b10c938bfb8149b35fcbcb38624f0710e5df8fb4c8f5ac3083a96e2b0cc607;Path=/;HttpOnly;SameSite=None;Secure;Domain=emergency-assistance-bfckhjejb3fbf9du.scm.japanwest-01.azurewebsites.net" Content-Length="0" X-ARR-LOG-ID="9a4db4d5-8ad9-48ed-830a-f41ab9e1f83a" CLIENT-IP="64.236.140.177:18440" X-SITE-DEPLOYMENT-ID="Emergency-Assistance" WAS-DEFAULT-HOSTNAME="emergency-assistance-bfckhjejb3fbf9du.scm.japanwest-01.azurewebsites.net" X-Forwarded-Proto="https" X-AppService-Proto="https" X-Forwarded-TlsVersion="1.3" X-WAWS-Unencoded-URL="/api/deployments/latest?deployer=OneDeploy&amp;time=2025-11-08_08-28-04Z" X-Client-IP="64.236.140.177" X-Client-Port="18440" >
  <step title="Cleanup Xml Logs" date="2025-11-08T08:29:45.700" >
    <step title="Cleanup Infos" date="2025-11-08T08:29:45.720" totalFiles="291" totalCleanup="131" /><!-- duration: 9ms -->
  </step><!-- duration: 40ms -->
  <step title="DeploymentService.GetResult" date="2025-11-08T08:29:45.766" >
    <step title="DeploymentService.GetLatestDeployment" date="2025-11-08T08:29:45.776" >
      <step title="DeploymentManager.GetResults" date="2025-11-08T08:29:45.796" /><!-- duration: 960ms -->
    </step><!-- duration: 998ms -->
  </step><!-- duration: 1023ms -->
  <step title="Outgoing response" date="2025-11-08T08:29:46.822" type="response" statusCode="202" statusText="Accepted" /><!-- duration: 15ms -->
</step><!-- duration: 1160ms -->
