<step title="Incoming Request" date="2025-07-02T08:43:38.939" instance="345353" url="/api/deployments/latest?deployer=OneDeploy&amp;time=2025-07-02_08-42-48Z" method="GET" type="request" pid="820,1,26" Host="emergency-backend-api-efg6gaawcjdmaggy.scm.japanwest-01.azurewebsites.net" User-Agent="GITHUBACTIONS_DeployWebAppToAzure_6afaea893f47a147fa5dac857d1041ffd4a8f022e29971635168cd4dcb90f2c0" Authorization="Bea..." Content-Type="application/json; charset=utf-8" Cookie="ARRAffinity=345353a6e2e5ca1cb44ba615462d7ac6ac166df501ae2807c92c9581cdccacea;Path=/;HttpOnly;Secure;Domain=emergency-backend-api-efg6gaawcjdmaggy.scm.japanwest-01.azurewebsites.net; ARRAffinitySameSite=345353a6e2e5ca1cb44ba615462d7ac6ac166df501ae2807c92c9581cdccacea;Path=/;HttpOnly;SameSite=None;Secure;Domain=emergency-backend-api-efg6gaawcjdmaggy.scm.japanwest-01.azurewebsites.net" Content-Length="0" X-ARR-LOG-ID="d5822ed9-b4c2-4bfe-8fcc-ada73a98f3b6" CLIENT-IP="40.112.255.120:1024" X-SITE-DEPLOYMENT-ID="emergency-backend-api" WAS-DEFAULT-HOSTNAME="emergency-backend-api-efg6gaawcjdmaggy.scm.japanwest-01.azurewebsites.net" X-Forwarded-Proto="https" X-AppService-Proto="https" X-Forwarded-TlsVersion="1.3" X-WAWS-Unencoded-URL="/api/deployments/latest?deployer=OneDeploy&amp;time=2025-07-02_08-42-48Z" X-Client-IP="40.112.255.120" X-Client-Port="1024" >
  <step title="Cleanup Xml Logs" date="2025-07-02T08:43:38.940" >
    <step title="Cleanup Infos" date="2025-07-02T08:43:38.959" totalFiles="460" totalCleanup="300" /><!-- duration: 2ms -->
  </step><!-- duration: 28ms -->
  <step title="DeploymentService.GetResult" date="2025-07-02T08:43:38.989" >
    <step title="DeploymentService.GetLatestDeployment" date="2025-07-02T08:43:38.990" >
      <step title="DeploymentManager.GetResults" date="2025-07-02T08:43:38.998" /><!-- duration: 508ms -->
    </step><!-- duration: 525ms -->
  </step><!-- duration: 526ms -->
  <step title="Outgoing response" date="2025-07-02T08:43:39.524" type="response" statusCode="202" statusText="Accepted" /><!-- duration: 1ms -->
</step><!-- duration: 588ms -->
