<step title="Incoming Request" date="2025-07-02T07:01:18.605" instance="345353" url="/api/deployments/latest?deployer=OneDeploy&amp;time=2025-07-02_06-59-57Z" method="GET" type="request" pid="820,1,18" Host="emergency-backend-api-efg6gaawcjdmaggy.scm.japanwest-01.azurewebsites.net" User-Agent="GITHUBACTIONS_DeployWebAppToAzure_6afaea893f47a147fa5dac857d1041ffd4a8f022e29971635168cd4dcb90f2c0" Authorization="Bea..." Content-Type="application/json; charset=utf-8" Cookie="ARRAffinity=345353a6e2e5ca1cb44ba615462d7ac6ac166df501ae2807c92c9581cdccacea;Path=/;HttpOnly;Secure;Domain=emergency-backend-api-efg6gaawcjdmaggy.scm.japanwest-01.azurewebsites.net; ARRAffinitySameSite=345353a6e2e5ca1cb44ba615462d7ac6ac166df501ae2807c92c9581cdccacea;Path=/;HttpOnly;SameSite=None;Secure;Domain=emergency-backend-api-efg6gaawcjdmaggy.scm.japanwest-01.azurewebsites.net" Content-Length="0" X-ARR-LOG-ID="d18c0448-1fbf-4416-bcdc-eb27b41c6bd2" CLIENT-IP="20.230.67.101:1024" X-SITE-DEPLOYMENT-ID="emergency-backend-api" WAS-DEFAULT-HOSTNAME="emergency-backend-api-efg6gaawcjdmaggy.scm.japanwest-01.azurewebsites.net" X-Forwarded-Proto="https" X-AppService-Proto="https" X-Forwarded-TlsVersion="1.3" X-WAWS-Unencoded-URL="/api/deployments/latest?deployer=OneDeploy&amp;time=2025-07-02_06-59-57Z" X-Client-IP="20.230.67.101" X-Client-Port="1024" >
  <step title="Cleanup Xml Logs" date="2025-07-02T07:01:18.615" >
    <step title="Cleanup Infos" date="2025-07-02T07:01:18.632" totalFiles="240" totalCleanup="80" /><!-- duration: 1ms -->
  </step><!-- duration: 33ms -->
  <step title="DeploymentService.GetResult" date="2025-07-02T07:01:18.656" >
    <step title="DeploymentService.GetLatestDeployment" date="2025-07-02T07:01:18.657" >
      <step title="DeploymentManager.GetResults" date="2025-07-02T07:01:18.665" /><!-- duration: 467ms -->
    </step><!-- duration: 484ms -->
  </step><!-- duration: 486ms -->
  <step title="Outgoing response" date="2025-07-02T07:01:19.150" type="response" statusCode="202" statusText="Accepted" /><!-- duration: 1ms -->
</step><!-- duration: 549ms -->
