<step title="Incoming Request" date="2025-07-01T01:43:03.423" instance="345353" url="/api/zipdeploy?isAsync=true&amp;deployer=GITHUB_ZIP_DEPLOY&amp;message=%7B%22type%22%3A%22deployment%22%2C%22sha%22%3A%2204b31ac27b7494fd97c460d158331052395842ce%22%2C%22repoName%22%3A%22Satoshi-Niina%2FEmergency-Assistance%22%2C%22actor%22%3A%22Satoshi-Niina%22%2C%22slotName%22%3A%22production%22%2C%22commitMessage%22%3A%22Fix%3A%20405%E3%82%A8%E3%83%A9%E3%83%BC%E8%A7%A3%E6%B6%88%E3%80%81CORS%E6%94%B9%E5%96%84%E3%80%81%E7%92%B0%E5%A2%83%E5%A4%89%E6%95%B0%E3%83%87%E3%83%97%E3%83%AD%E3%82%A4%E6%89%8B%E9%A0%86%E3%83%87%E3%83%90%E3%83%83%E3%82%B0%E5%BC%B7%E5%8C%96%EF%BC%88feature%2F2.10%EF%BC%89%22%7D" method="POST" type="request" pid="823,1,28" Host="emergency-backend-api-efg6gaawcjdmaggy.scm.japanwest-01.azurewebsites.net" User-Agent="GITHUBACTIONS_DeployWebAppToAzure_6afaea893f47a147fa5dac857d1041ffd4a8f022e29971635168cd4dcb90f2c0" Authorization="Bas..." Content-Type="application/octet-stream" Cookie="ARRAffinity=345353a6e2e5ca1cb44ba615462d7ac6ac166df501ae2807c92c9581cdccacea;Path=/;HttpOnly;Secure;Domain=emergency-backend-api-efg6gaawcjdmaggy.scm.japanwest-01.azurewebsites.net; ARRAffinitySameSite=345353a6e2e5ca1cb44ba615462d7ac6ac166df501ae2807c92c9581cdccacea;Path=/;HttpOnly;SameSite=None;Secure;Domain=emergency-backend-api-efg6gaawcjdmaggy.scm.japanwest-01.azurewebsites.net" Transfer-Encoding="chunked" X-ARR-LOG-ID="94dc0995-745b-462a-b94e-f5df588947af" CLIENT-IP="51.57.62.128:1024" X-SITE-DEPLOYMENT-ID="emergency-backend-api" WAS-DEFAULT-HOSTNAME="emergency-backend-api-efg6gaawcjdmaggy.scm.japanwest-01.azurewebsites.net" X-Forwarded-Proto="https" X-AppService-Proto="https" X-Forwarded-TlsVersion="1.3" X-WAWS-Unencoded-URL="/api/zipdeploy?isAsync=true&amp;deployer=GITHUB_ZIP_DEPLOY&amp;message=%7B%22type%22%3A%22deployment%22%2C%22sha%22%3A%2204b31ac27b7494fd97c460d158331052395842ce%22%2C%22repoName%22%3A%22Satoshi-Niina%2FEmergency-Assistance%22%2C%22actor%22%3A%22Satoshi-Niina%22%2C%22slotName%22%3A%22production%22%2C%22commitMessage%22%3A%22Fix%3A%20405%E3%82%A8%E3%83%A9%E3%83%BC%E8%A7%A3%E6%B6%88%E3%80%81CORS%E6%94%B9%E5%96%84%E3%80%81%E7%92%B0%E5%A2%83%E5%A4%89%E6%95%B0%E3%83%87%E3%83%97%E3%83%AD%E3%82%A4%E6%89%8B%E9%A0%86%E3%83%87%E3%83%90%E3%83%83%E3%82%B0%E5%BC%B7%E5%8C%96%EF%BC%88feature%2F2.10%EF%BC%89%22%7D" X-Client-IP="51.57.62.128" X-Client-Port="1024" >
  <step title="ZipPushDeploy" date="2025-07-01T01:43:03.500" >
    <step title="ZipDeploy. Extract zip." date="2025-07-01T01:43:03.508" /><!-- duration: 1ms -->
    <step title="None repository commit" date="2025-07-01T01:43:03.517" >
      <step title="Commit id: 5ff922a4-7171-490c-91a6-2705f32bfd0f" date="2025-07-01T01:43:03.518" Message="N/A" AuthorName="N/A" AuthorEmail="N/A" /><!-- duration: 1ms -->
    </step><!-- duration: 4ms -->
    <step title="Starting PushDeployAsync" date="2025-07-01T01:43:03.522" /><!-- duration: 1ms -->
    <step title="Writing artifact to /tmp/zipdeploy/0e65f9a2-70bb-4152-a173-579bff04e995.zip" date="2025-07-01T01:43:03.561" >
      <step title="Writing multipart request body to /tmp/zipdeploy/0e65f9a2-70bb-4152-a173-579bff04e995.zip" date="2025-07-01T01:43:03.569" /><!-- duration: 1ms -->
    </step><!-- duration: 235ms -->
    <step title="Start deployment in the background" date="2025-07-01T01:43:03.824" >
      <step title="Acquiring Deployment Lock" date="2025-07-01T01:43:03.896" /><!-- duration: 2ms -->
      <step title="Acquired Deployment Lock" date="2025-07-01T01:43:03.972" /><!-- duration: 1ms -->
    </step><!-- duration: 229ms -->
  </step><!-- duration: 573ms -->
  <step title="Outgoing response" date="2025-07-01T01:43:04.084" type="response" statusCode="202" statusText="Accepted" /><!-- duration: 2ms -->
</step><!-- duration: 663ms -->
