<step title="Incoming Request" date="2025-11-08T05:28:48.758" instance="22b10c" url="/api/publish?async=true&amp;deployer=GITHUB_ONE_DEPLOY&amp;type=zip&amp;message=%7B%22type%22%3A%22deployment%22%2C%22sha%22%3A%22487a0953c2eecaf7b1efacdeea0a880a958b4f49%22%2C%22repoName%22%3A%22Satoshi-Niina%2FEmergency-Assistance%22%2C%22actor%22%3A%22Satoshi-Niina%22%2C%22slotName%22%3A%22production%22%2C%22commitMessage%22%3A%22%20Fix%20Express%20validation%20logic%20-%20Use%20npm%20list%20instead%20of%20directory%20check%22%7D" method="POST" type="request" pid="831,1,29" Host="emergency-assistance-bfckhjejb3fbf9du.scm.japanwest-01.azurewebsites.net" User-Agent="GITHUBACTIONS_DeployWebAppToAzure_6afaea893f47a147fa5dac857d1041ffd4a8f022e29971635168cd4dcb90f2c0" Authorization="Bas..." Content-Type="application/octet-stream" Cookie="ARRAffinity=22b10c938bfb8149b35fcbcb38624f0710e5df8fb4c8f5ac3083a96e2b0cc607;Path=/;HttpOnly;Secure;Domain=emergency-assistance-bfckhjejb3fbf9du.scm.japanwest-01.azurewebsites.net; ARRAffinitySameSite=22b10c938bfb8149b35fcbcb38624f0710e5df8fb4c8f5ac3083a96e2b0cc607;Path=/;HttpOnly;SameSite=None;Secure;Domain=emergency-assistance-bfckhjejb3fbf9du.scm.japanwest-01.azurewebsites.net" Transfer-Encoding="chunked" X-ARR-LOG-ID="a27d3e83-ec55-430f-a290-94162662f80b" CLIENT-IP="172.184.210.34:60432" X-SITE-DEPLOYMENT-ID="Emergency-Assistance" WAS-DEFAULT-HOSTNAME="emergency-assistance-bfckhjejb3fbf9du.scm.japanwest-01.azurewebsites.net" X-Forwarded-Proto="https" X-AppService-Proto="https" X-Forwarded-TlsVersion="1.3" X-WAWS-Unencoded-URL="/api/publish?async=true&amp;deployer=GITHUB_ONE_DEPLOY&amp;type=zip&amp;message=%7B%22type%22%3A%22deployment%22%2C%22sha%22%3A%22487a0953c2eecaf7b1efacdeea0a880a958b4f49%22%2C%22repoName%22%3A%22Satoshi-Niina%2FEmergency-Assistance%22%2C%22actor%22%3A%22Satoshi-Niina%22%2C%22slotName%22%3A%22production%22%2C%22commitMessage%22%3A%22%20Fix%20Express%20validation%20logic%20-%20Use%20npm%20list%20instead%20of%20directory%20check%22%7D" X-Client-IP="172.184.210.34" X-Client-Port="60432" >
  <step title="Cleanup Xml Logs" date="2025-11-08T05:28:48.762" /><!-- duration: 13ms -->
  <step title="OneDeploy" date="2025-11-08T05:28:48.883" >
    <step title="Starting PushDeployAsync" date="2025-11-08T05:28:48.902" /><!-- duration: 3ms -->
    <step title="Removing node_modules symlink" date="2025-11-08T05:28:48.925" >
      <step title="Removing _del_node_modules symlink" date="2025-11-08T05:28:49.048" >
        <step title="Writing artifact to /tmp/zipdeploy/9097d71a-5089-4d4a-b45a-7328ac7a2e87.zip" date="2025-11-08T05:28:49.084" >
          <step title="Writing multipart request body to /tmp/zipdeploy/9097d71a-5089-4d4a-b45a-7328ac7a2e87.zip" date="2025-11-08T05:28:49.091" /><!-- duration: 41ms -->
        </step><!-- duration: 2148ms -->
        <step title="Start deployment in the background" date="2025-11-08T05:28:51.264" >
          <step title="Acquiring Deployment Lock" date="2025-11-08T05:28:51.291" /><!-- duration: 5ms -->
          <step title="Acquired Deployment Lock" date="2025-11-08T05:28:51.325" /><!-- duration: 4ms -->
        </step><!-- duration: 169ms -->
      </step><!-- duration: 2420ms -->
      <step title="Outgoing response" date="2025-11-08T05:28:51.505" type="response" statusCode="202" statusText="Accepted" /><!-- duration: 5ms -->
    </step><!-- duration: 2594ms -->
