<step title="Incoming Request" date="2025-11-08T01:39:50.124" instance="22b10c" url="/api/publish?async=true&amp;deployer=GITHUB_ONE_DEPLOY&amp;type=zip&amp;message=%7B%22type%22%3A%22deployment%22%2C%22sha%22%3A%22de033d003f95be4d62f817f6026839b9d1a2dac6%22%2C%22repoName%22%3A%22Satoshi-Niina%2FEmergency-Assistance%22%2C%22actor%22%3A%22Satoshi-Niina%22%2C%22slotName%22%3A%22production%22%2C%22commitMessage%22%3A%22Fix%20node_modules%20deployment%20-%20Add%20stronger%20node_modules%20copy%20with%20verification%20steps%22%7D" method="POST" type="request" pid="831,1,20" Host="emergency-assistance-bfckhjejb3fbf9du.scm.japanwest-01.azurewebsites.net" User-Agent="GITHUBACTIONS_DeployWebAppToAzure_6afaea893f47a147fa5dac857d1041ffd4a8f022e29971635168cd4dcb90f2c0" Authorization="Bea..." Content-Type="application/octet-stream" Cookie="ARRAffinity=22b10c938bfb8149b35fcbcb38624f0710e5df8fb4c8f5ac3083a96e2b0cc607;Path=/;HttpOnly;Secure;Domain=emergency-assistance-bfckhjejb3fbf9du.scm.japanwest-01.azurewebsites.net; ARRAffinitySameSite=22b10c938bfb8149b35fcbcb38624f0710e5df8fb4c8f5ac3083a96e2b0cc607;Path=/;HttpOnly;SameSite=None;Secure;Domain=emergency-assistance-bfckhjejb3fbf9du.scm.japanwest-01.azurewebsites.net" Transfer-Encoding="chunked" X-ARR-LOG-ID="f1b05340-90d3-4d7e-9882-3c08637d71ad" CLIENT-IP="172.172.87.81:55304" X-SITE-DEPLOYMENT-ID="Emergency-Assistance" WAS-DEFAULT-HOSTNAME="emergency-assistance-bfckhjejb3fbf9du.scm.japanwest-01.azurewebsites.net" X-Forwarded-Proto="https" X-AppService-Proto="https" X-Forwarded-TlsVersion="1.3" X-WAWS-Unencoded-URL="/api/publish?async=true&amp;deployer=GITHUB_ONE_DEPLOY&amp;type=zip&amp;message=%7B%22type%22%3A%22deployment%22%2C%22sha%22%3A%22de033d003f95be4d62f817f6026839b9d1a2dac6%22%2C%22repoName%22%3A%22Satoshi-Niina%2FEmergency-Assistance%22%2C%22actor%22%3A%22Satoshi-Niina%22%2C%22slotName%22%3A%22production%22%2C%22commitMessage%22%3A%22Fix%20node_modules%20deployment%20-%20Add%20stronger%20node_modules%20copy%20with%20verification%20steps%22%7D" X-Client-IP="172.172.87.81" X-Client-Port="55304" >
  <step title="Cleanup Xml Logs" date="2025-11-08T01:39:50.146" /><!-- duration: 9ms -->
  <step title="OneDeploy" date="2025-11-08T01:39:50.258" >
    <step title="None repository commit" date="2025-11-08T01:39:50.276" >
      <step title="Commit id: c9f4b453-a11a-4f6d-90e6-96b0bb3a5ad0" date="2025-11-08T01:39:50.281" Message="N/A" AuthorName="N/A" AuthorEmail="N/A" /><!-- duration: 4ms -->
    </step><!-- duration: 12ms -->
    <step title="Starting PushDeployAsync" date="2025-11-08T01:39:50.293" /><!-- duration: 3ms -->
    <step title="Removing node_modules symlink" date="2025-11-08T01:39:50.328" >
      <step title="Removing _del_node_modules symlink" date="2025-11-08T01:39:50.414" >
        <step title="Writing artifact to /tmp/zipdeploy/0d9fd5ee-e8ed-49ce-b36c-4dcb1f20dfb7.zip" date="2025-11-08T01:39:50.450" >
          <step title="Writing multipart request body to /tmp/zipdeploy/0d9fd5ee-e8ed-49ce-b36c-4dcb1f20dfb7.zip" date="2025-11-08T01:39:50.467" /><!-- duration: 4ms -->
        </step><!-- duration: 2581ms -->
        <step title="Start deployment in the background" date="2025-11-08T01:39:53.047" >
          <step title="Acquiring Deployment Lock" date="2025-11-08T01:39:53.078" /><!-- duration: 11ms -->
          <step title="Acquired Deployment Lock" date="2025-11-08T01:39:53.140" /><!-- duration: 3ms -->
        </step><!-- duration: 217ms -->
      </step><!-- duration: 2859ms -->
      <step title="Outgoing response" date="2025-11-08T01:39:53.280" type="response" statusCode="202" statusText="Accepted" /><!-- duration: 4ms -->
    </step><!-- duration: 2959ms -->
