<step title="Incoming Request" date="2025-07-02T07:27:04.155" instance="345353" url="/api/deployments/latest?deployer=OneDeploy&amp;time=2025-07-02_07-23-42Z" method="GET" type="request" pid="820,1,23" Host="emergency-backend-api-efg6gaawcjdmaggy.scm.japanwest-01.azurewebsites.net" User-Agent="GITHUBACTIONS_DeployWebAppToAzure_6afaea893f47a147fa5dac857d1041ffd4a8f022e29971635168cd4dcb90f2c0" Authorization="Bea..." Content-Type="application/json; charset=utf-8" Cookie="ARRAffinity=345353a6e2e5ca1cb44ba615462d7ac6ac166df501ae2807c92c9581cdccacea;Path=/;HttpOnly;Secure;Domain=emergency-backend-api-efg6gaawcjdmaggy.scm.japanwest-01.azurewebsites.net; ARRAffinitySameSite=345353a6e2e5ca1cb44ba615462d7ac6ac166df501ae2807c92c9581cdccacea;Path=/;HttpOnly;SameSite=None;Secure;Domain=emergency-backend-api-efg6gaawcjdmaggy.scm.japanwest-01.azurewebsites.net" Content-Length="0" X-ARR-LOG-ID="a4dc36c4-4a78-4a3e-a61f-5158cab3a1fd" CLIENT-IP="4.227.220.251:7106" X-SITE-DEPLOYMENT-ID="emergency-backend-api" WAS-DEFAULT-HOSTNAME="emergency-backend-api-efg6gaawcjdmaggy.scm.japanwest-01.azurewebsites.net" X-Forwarded-Proto="https" X-AppService-Proto="https" X-Forwarded-TlsVersion="1.3" X-WAWS-Unencoded-URL="/api/deployments/latest?deployer=OneDeploy&amp;time=2025-07-02_07-23-42Z" X-Client-IP="4.227.220.251" X-Client-Port="7106" >
  <step title="Cleanup Xml Logs" date="2025-07-02T07:27:04.157" >
    <step title="Cleanup Infos" date="2025-07-02T07:27:04.160" totalFiles="330" totalCleanup="170" /><!-- duration: 1ms -->
  </step><!-- duration: 5ms -->
  <step title="DeploymentService.GetResult" date="2025-07-02T07:27:04.164" >
    <step title="DeploymentService.GetLatestDeployment" date="2025-07-02T07:27:04.164" >
      <step title="DeploymentManager.GetResults" date="2025-07-02T07:27:04.165" /><!-- duration: 340ms -->
    </step><!-- duration: 342ms -->
  </step><!-- duration: 343ms -->
  <step title="Outgoing response" date="2025-07-02T07:27:04.510" type="response" statusCode="202" statusText="Accepted" /><!-- duration: 1ms -->
</step><!-- duration: 356ms -->
