<step title="Incoming Request" date="2025-07-02T08:46:01.392" instance="345353" url="/api/deployments/latest?deployer=OneDeploy&amp;time=2025-07-02_08-42-48Z" method="GET" type="request" pid="820,1,28" Host="emergency-backend-api-efg6gaawcjdmaggy.scm.japanwest-01.azurewebsites.net" User-Agent="GITHUBACTIONS_DeployWebAppToAzure_6afaea893f47a147fa5dac857d1041ffd4a8f022e29971635168cd4dcb90f2c0" Authorization="Bea..." Content-Type="application/json; charset=utf-8" Cookie="ARRAffinity=345353a6e2e5ca1cb44ba615462d7ac6ac166df501ae2807c92c9581cdccacea;Path=/;HttpOnly;Secure;Domain=emergency-backend-api-efg6gaawcjdmaggy.scm.japanwest-01.azurewebsites.net; ARRAffinitySameSite=345353a6e2e5ca1cb44ba615462d7ac6ac166df501ae2807c92c9581cdccacea;Path=/;HttpOnly;SameSite=None;Secure;Domain=emergency-backend-api-efg6gaawcjdmaggy.scm.japanwest-01.azurewebsites.net" Content-Length="0" X-ARR-LOG-ID="3b43944a-4ddc-4702-a5e0-46b8f8fa2b05" CLIENT-IP="40.112.255.120:1025" X-SITE-DEPLOYMENT-ID="emergency-backend-api" WAS-DEFAULT-HOSTNAME="emergency-backend-api-efg6gaawcjdmaggy.scm.japanwest-01.azurewebsites.net" X-Forwarded-Proto="https" X-AppService-Proto="https" X-Forwarded-TlsVersion="1.3" X-WAWS-Unencoded-URL="/api/deployments/latest?deployer=OneDeploy&amp;time=2025-07-02_08-42-48Z" X-Client-IP="40.112.255.120" X-Client-Port="1025" >
  <step title="Cleanup Xml Logs" date="2025-07-02T08:46:01.399" >
    <step title="Cleanup Infos" date="2025-07-02T08:46:01.429" totalFiles="483" totalCleanup="323" /><!-- duration: 1ms -->
  </step><!-- duration: 39ms -->
  <step title="DeploymentService.GetResult" date="2025-07-02T08:46:01.448" >
    <step title="DeploymentService.GetLatestDeployment" date="2025-07-02T08:46:01.450" >
      <step title="DeploymentManager.GetResults" date="2025-07-02T08:46:01.457" /><!-- duration: 1533ms -->
    </step><!-- duration: 1561ms -->
  </step><!-- duration: 1582ms -->
  <step title="Outgoing response" date="2025-07-02T08:46:03.038" type="response" statusCode="202" statusText="Accepted" /><!-- duration: 1ms -->
</step><!-- duration: 1649ms -->
