<step title="BackgroundTrace" date="2025-06-29T04:24:32.821" instance="345353" url="/api/zipdeploy" method="POST" >
  <step title="Creating temporary deployment - FetchDeploymentManager" date="2025-06-29T04:24:32.896" /><!-- duration: 1ms -->
  <step title="Creating temporary deployment" date="2025-06-29T04:24:32.902" /><!-- duration: 86ms -->
  <step title="Performing fetch based deployment" date="2025-06-29T04:24:33.014" >
    <step title="Cleaning up temp folders from previous zip deployments and extracting pushed zip file /tmp/zipdeploy/00c4437f-8433-4a0a-8d2c-fe3a4e3b79a3.zip (0.33 MB) to /tmp/zipdeploy/extracted" date="2025-06-29T04:24:34.155" >
      <step title="ChmodRecursive Process exited with total time taken in ms: 69" date="2025-06-29T04:24:34.355" /><!-- duration: 2ms -->
    </step><!-- duration: 204ms -->
    <step title="Deployment timer started" date="2025-06-29T04:24:36.371" >
      <step title="DeploymentManager.Deploy(id:d55bdd6f-a6ef-4337-9adb-05a25bb6ba69)" date="2025-06-29T04:24:36.389" >
        <step title="Collecting changeset information" date="2025-06-29T04:24:36.408" /><!-- duration: 74ms -->
        <step title="Updating submodules" date="2025-06-29T04:24:36.484" /><!-- duration: 1063ms -->
        <step title="Determining deployment builder" date="2025-06-29T04:24:37.679" >
          <step title="Builder is BasicBuilder" date="2025-06-29T04:24:37.689" /><!-- duration: 8ms -->
        </step><!-- duration: 19ms -->
        <step title="PreDeployment: context.CleanOutputPath False" date="2025-06-29T04:24:37.728" >
          <step title="PreDeployment: context.OutputPath /home/site/wwwroot" date="2025-06-29T04:24:37.788" >
            <step title="Building" date="2025-06-29T04:24:37.885" >
              <step title="Executing external process" date="2025-06-29T04:24:38.042" type="process" path="starter.sh" arguments="/opt/Kudu/Scripts/parallel_rsync.sh /tmp/zipdeploy/extracted /home/site/wwwroot 8 /tmp/ False True  " /><!-- duration: 3352ms -->
              <step title="Triggering recycle (preview mode disabled)." date="2025-06-29T04:24:41.624" /><!-- duration: 1ms -->
              <step title="Modified file to trigger a restart of the app container." date="2025-06-29T04:24:41.654" /><!-- duration: 1ms -->
              <step title="Skip function trigger and logicapp sync because function is not enabled." date="2025-06-29T04:24:41.665" /><!-- duration: 1ms -->
              <step title="Purge deployment items" date="2025-06-29T04:24:42.336" >
                <step title="Remove adcef9d4-, Success, received at 06/26/2025 10:41:12" date="2025-06-29T04:24:42.368" /><!-- duration: 1ms -->
              </step><!-- duration: 34ms -->
            </step><!-- duration: 4524ms -->
          </step><!-- duration: 4623ms -->
          <step title="Cleaning up temp files" date="2025-06-29T04:24:42.412" /><!-- duration: 1ms -->
          <step title="Cleaning up temp files" date="2025-06-29T04:24:42.414" /><!-- duration: 505ms -->
          <step title="Reloading status file with latest updates" date="2025-06-29T04:24:42.940" >
            <step title="WebHooksManager.PublishEventAsync: PostDeployment" date="2025-06-29T04:24:42.952" /><!-- duration: 61ms -->
          </step><!-- duration: 75ms -->
          <step title="Cleaning up temporary deployment - fetch deployment was successful" date="2025-06-29T04:24:43.016" /><!-- duration: 1ms -->
        </step><!-- duration: 5337ms -->
      </step><!-- duration: 6680ms -->
