<step title="BackgroundTrace" date="2025-11-08T10:29:16.659" instance="22b10c" url="/api/publish" method="POST" >
  <step title="Cleanup Xml Logs" date="2025-11-08T10:29:16.663" >
    <step title="Cleanup Infos" date="2025-11-08T10:29:16.683" totalFiles="381" totalCleanup="221" /><!-- duration: 7ms -->
  </step><!-- duration: 37ms -->
  <step title="Creating temporary deployment - FetchDeploymentManager" date="2025-11-08T10:29:16.887" /><!-- duration: 4ms -->
  <step title="Creating temporary deployment" date="2025-11-08T10:29:16.902" /><!-- duration: 75ms -->
  <step title="Performing fetch based deployment" date="2025-11-08T10:29:17.018" >
    <step title="Cleaning up temp folders from previous zip deployments and extracting pushed zip file /tmp/zipdeploy/993dc9a1-c8aa-4f27-aba9-935325748aa8.zip (112.69 MB) to /tmp/zipdeploy/extracted" date="2025-11-08T10:29:18.240" >
      <step title="ChmodRecursive Process exited with total time taken in ms: 720" date="2025-11-08T10:29:37.069" /><!-- duration: 4ms -->
    </step><!-- duration: 18838ms -->
    <step title="Deployment timer started" date="2025-11-08T10:29:39.100" >
      <step title="DeploymentManager.Deploy(id:1c4a08ad-9a9c-4d99-9e71-fb3686707f17)" date="2025-11-08T10:29:39.106" >
        <step title="Collecting changeset information" date="2025-11-08T10:29:39.172" /><!-- duration: 115ms -->
        <step title="Updating submodules" date="2025-11-08T10:29:39.296" /><!-- duration: 1127ms -->
        <step title="Determining deployment builder" date="2025-11-08T10:29:40.637" >
          <step title="Builder is OneDeployBuilder" date="2025-11-08T10:29:40.689" /><!-- duration: 18ms -->
        </step><!-- duration: 81ms -->
        <step title="PreDeployment: context.CleanOutputPath False" date="2025-11-08T10:29:40.793" >
          <step title="PreDeployment: context.OutputPath /home/site/wwwroot" date="2025-11-08T10:29:40.953" >
            <step title="Building" date="2025-11-08T10:29:41.144" >
              <step title="Executing external process" date="2025-11-08T10:29:41.940" type="process" path="starter.sh" arguments="/opt/Kudu/Scripts/absoluteTar.sh /tmp/zipdeploy/extracted/node_modules /tmp/zipdeploy/extracted/node_modules.tar.gz" /><!-- duration: 43973ms -->
              <step title="Executing external process" date="2025-11-08T10:30:26.287" type="process" path="starter.sh" arguments="/opt/Kudu/Scripts/parallel_rsync.sh /tmp/zipdeploy/extracted /home/site/wwwroot 8 /tmp/ False False node_modules " /><!-- duration: 44695ms -->
              <step title="Modified file to trigger a restart of the app container." date="2025-11-08T10:31:11.850" /><!-- duration: 4ms -->
              <step title="Skip function trigger and logicapp sync because function is not enabled." date="2025-11-08T10:31:11.866" /><!-- duration: 20ms -->
              <step title="Purge deployment items" date="2025-11-08T10:31:13.063" >
                <step title="Remove dd0b82b7-, Success, received at 11/08/2025 04:17:22" date="2025-11-08T10:31:13.131" /><!-- duration: 4ms -->
              </step><!-- duration: 77ms -->
            </step><!-- duration: 92073ms -->
          </step><!-- duration: 92298ms -->
          <step title="Cleaning up temp files" date="2025-11-08T10:31:13.257" /><!-- duration: 19ms -->
          <step title="Cleaning up temp files" date="2025-11-08T10:31:13.290" /><!-- duration: 516ms -->
          <step title="Reloading status file with latest updates" date="2025-11-08T10:31:13.877" >
            <step title="WebHooksManager.PublishEventAsync: PostDeployment" date="2025-11-08T10:31:13.907" /><!-- duration: 101ms -->
          </step><!-- duration: 151ms -->
          <step title="Cleaning up temporary deployment - fetch deployment was successful" date="2025-11-08T10:31:14.077" /><!-- duration: 33ms -->
        </step><!-- duration: 93495ms -->
      </step><!-- duration: 95262ms -->
