<step title="Incoming Request" date="2025-07-02T05:54:05.734" instance="345353" url="/api/zipdeploy?isAsync=true&amp;deployer=GITHUB_ZIP_DEPLOY&amp;message=%7B%22type%22%3A%22deployment%22%2C%22sha%22%3A%222da0bd4bb2c69bdbeb44a20f7c5c4c9d3ae488f9%22%2C%22repoName%22%3A%22Satoshi-Niina%2FEmergency-Assistance%22%2C%22actor%22%3A%22Satoshi-Niina%22%2C%22slotName%22%3A%22production%22%2C%22commitMessage%22%3A%22Trigger%20redeploy%20after%20role%20assignment%22%7D" method="POST" type="request" pid="820,1,32" Host="emergency-backend-api-efg6gaawcjdmaggy.scm.japanwest-01.azurewebsites.net" User-Agent="GITHUBACTIONS_DeployWebAppToAzure_6afaea893f47a147fa5dac857d1041ffd4a8f022e29971635168cd4dcb90f2c0" Authorization="Bea..." Content-Type="application/octet-stream" Cookie="ARRAffinity=345353a6e2e5ca1cb44ba615462d7ac6ac166df501ae2807c92c9581cdccacea;Path=/;HttpOnly;Secure;Domain=emergency-backend-api-efg6gaawcjdmaggy.scm.japanwest-01.azurewebsites.net; ARRAffinitySameSite=345353a6e2e5ca1cb44ba615462d7ac6ac166df501ae2807c92c9581cdccacea;Path=/;HttpOnly;SameSite=None;Secure;Domain=emergency-backend-api-efg6gaawcjdmaggy.scm.japanwest-01.azurewebsites.net" Transfer-Encoding="chunked" X-ARR-LOG-ID="f5017d32-82e6-42f3-89a9-ce2b329e91c1" CLIENT-IP="20.241.97.155:1024" X-SITE-DEPLOYMENT-ID="emergency-backend-api" WAS-DEFAULT-HOSTNAME="emergency-backend-api-efg6gaawcjdmaggy.scm.japanwest-01.azurewebsites.net" X-Forwarded-Proto="https" X-AppService-Proto="https" X-Forwarded-TlsVersion="1.3" X-WAWS-Unencoded-URL="/api/zipdeploy?isAsync=true&amp;deployer=GITHUB_ZIP_DEPLOY&amp;message=%7B%22type%22%3A%22deployment%22%2C%22sha%22%3A%222da0bd4bb2c69bdbeb44a20f7c5c4c9d3ae488f9%22%2C%22repoName%22%3A%22Satoshi-Niina%2FEmergency-Assistance%22%2C%22actor%22%3A%22Satoshi-Niina%22%2C%22slotName%22%3A%22production%22%2C%22commitMessage%22%3A%22Trigger%20redeploy%20after%20role%20assignment%22%7D" X-Client-IP="20.241.97.155" X-Client-Port="1024" >
  <step title="Cleanup Xml Logs" date="2025-07-02T05:54:05.735" /><!-- duration: 4ms -->
  <step title="ZipPushDeploy" date="2025-07-02T05:54:05.805" >
    <step title="ZipDeploy. Extract zip." date="2025-07-02T05:54:05.814" /><!-- duration: 1ms -->
    <step title="None repository commit" date="2025-07-02T05:54:05.823" >
      <step title="Commit id: 351dbfdb-66ef-4772-a40c-0c8ab351046e" date="2025-07-02T05:54:05.824" Message="N/A" AuthorName="N/A" AuthorEmail="N/A" /><!-- duration: 1ms -->
    </step><!-- duration: 3ms -->
    <step title="Starting PushDeployAsync" date="2025-07-02T05:54:05.827" /><!-- duration: 1ms -->
    <step title="Writing artifact to /tmp/zipdeploy/8a72ca9b-60d8-4afb-a0b2-e4968e895740.zip" date="2025-07-02T05:54:05.870" >
      <step title="Writing multipart request body to /tmp/zipdeploy/8a72ca9b-60d8-4afb-a0b2-e4968e895740.zip" date="2025-07-02T05:54:05.878" /><!-- duration: 1ms -->
    </step><!-- duration: 20057ms -->
    <step title="Start deployment in the background" date="2025-07-02T05:54:25.942" >
      <step title="Acquiring Deployment Lock" date="2025-07-02T05:54:25.996" /><!-- duration: 1ms -->
      <step title="Acquired Deployment Lock" date="2025-07-02T05:54:26.053" /><!-- duration: 1ms -->
    </step><!-- duration: 195ms -->
  </step><!-- duration: 20358ms -->
  <step title="Outgoing response" date="2025-07-02T05:54:26.192" type="response" statusCode="202" statusText="Accepted" /><!-- duration: 2ms -->
</step><!-- duration: 20460ms -->
