<step title="BackgroundTrace" date="2025-06-27T06:19:20.072" instance="345353" url="/api/zipdeploy" method="POST" >
  <step title="Creating temporary deployment - FetchDeploymentManager" date="2025-06-27T06:19:20.132" /><!-- duration: 1ms -->
  <step title="Creating temporary deployment" date="2025-06-27T06:19:20.141" /><!-- duration: 57ms -->
  <step title="Performing fetch based deployment" date="2025-06-27T06:19:20.226" >
    <step title="Cleaning up temp folders from previous zip deployments and extracting pushed zip file /tmp/zipdeploy/4a09a98c-b37a-4f38-81ba-5434ae71a699.zip (0.33 MB) to /tmp/zipdeploy/extracted" date="2025-06-27T06:19:21.335" >
      <step title="ChmodRecursive Process exited with total time taken in ms: 61" date="2025-06-27T06:19:21.605" /><!-- duration: 1ms -->
    </step><!-- duration: 272ms -->
    <step title="Deployment timer started" date="2025-06-27T06:19:23.625" >
      <step title="DeploymentManager.Deploy(id:8f3d83cf-f4c9-4ea2-ba93-bb28125db610)" date="2025-06-27T06:19:23.635" >
        <step title="Collecting changeset information" date="2025-06-27T06:19:23.664" /><!-- duration: 100ms -->
        <step title="Updating submodules" date="2025-06-27T06:19:23.773" /><!-- duration: 1071ms -->
        <step title="Determining deployment builder" date="2025-06-27T06:19:24.984" >
          <step title="Builder is BasicBuilder" date="2025-06-27T06:19:24.997" /><!-- duration: 8ms -->
        </step><!-- duration: 21ms -->
        <step title="PreDeployment: context.CleanOutputPath False" date="2025-06-27T06:19:25.036" >
          <step title="PreDeployment: context.OutputPath /home/site/wwwroot" date="2025-06-27T06:19:25.125" >
            <step title="Building" date="2025-06-27T06:19:25.204" >
              <step title="Executing external process" date="2025-06-27T06:19:25.352" type="process" path="starter.sh" arguments="/opt/Kudu/Scripts/parallel_rsync.sh /tmp/zipdeploy/extracted /home/site/wwwroot 8 /tmp/ False True  " /><!-- duration: 3828ms -->
              <step title="Triggering recycle (preview mode disabled)." date="2025-06-27T06:19:29.560" /><!-- duration: 1ms -->
              <step title="Modified file to trigger a restart of the app container." date="2025-06-27T06:19:29.597" /><!-- duration: 8ms -->
              <step title="Skip function trigger and logicapp sync because function is not enabled." date="2025-06-27T06:19:29.608" /><!-- duration: 18ms -->
            </step><!-- duration: 4884ms -->
          </step><!-- duration: 4965ms -->
          <step title="Cleaning up temp files" date="2025-06-27T06:19:30.090" /><!-- duration: 8ms -->
          <step title="Cleaning up temp files" date="2025-06-27T06:19:30.100" /><!-- duration: 510ms -->
          <step title="Reloading status file with latest updates" date="2025-06-27T06:19:30.629" >
            <step title="WebHooksManager.PublishEventAsync: PostDeployment" date="2025-06-27T06:19:30.631" /><!-- duration: 42ms -->
          </step><!-- duration: 45ms -->
          <step title="Cleaning up temporary deployment - fetch deployment was successful" date="2025-06-27T06:19:30.675" /><!-- duration: 1ms -->
        </step><!-- duration: 5684ms -->
      </step><!-- duration: 7089ms -->
