<step title="Incoming Request" date="2025-11-08T07:06:52.217" instance="22b10c" url="/api/deployments/latest?deployer=OneDeploy&amp;time=2025-11-08_07-06-04Z" method="GET" type="request" pid="831,1,17" Host="emergency-assistance-bfckhjejb3fbf9du.scm.japanwest-01.azurewebsites.net" User-Agent="GITHUBACTIONS_DeployWebAppToAzure_6afaea893f47a147fa5dac857d1041ffd4a8f022e29971635168cd4dcb90f2c0" Authorization="Bas..." Content-Type="application/json; charset=utf-8" Cookie="ARRAffinity=22b10c938bfb8149b35fcbcb38624f0710e5df8fb4c8f5ac3083a96e2b0cc607;Path=/;HttpOnly;Secure;Domain=emergency-assistance-bfckhjejb3fbf9du.scm.japanwest-01.azurewebsites.net; ARRAffinitySameSite=22b10c938bfb8149b35fcbcb38624f0710e5df8fb4c8f5ac3083a96e2b0cc607;Path=/;HttpOnly;SameSite=None;Secure;Domain=emergency-assistance-bfckhjejb3fbf9du.scm.japanwest-01.azurewebsites.net" Content-Length="0" X-ARR-LOG-ID="62d0de5a-0639-4790-b5ff-eeb3e5c242e8" CLIENT-IP="48.214.55.51:49176" X-SITE-DEPLOYMENT-ID="Emergency-Assistance" WAS-DEFAULT-HOSTNAME="emergency-assistance-bfckhjejb3fbf9du.scm.japanwest-01.azurewebsites.net" X-Forwarded-Proto="https" X-AppService-Proto="https" X-Forwarded-TlsVersion="1.3" X-WAWS-Unencoded-URL="/api/deployments/latest?deployer=OneDeploy&amp;time=2025-11-08_07-06-04Z" X-Client-IP="48.214.55.51" X-Client-Port="49176" >
  <step title="Cleanup Xml Logs" date="2025-11-08T07:06:52.228" >
    <step title="Cleanup Infos" date="2025-11-08T07:06:52.251" totalFiles="214" totalCleanup="54" /><!-- duration: 27ms -->
  </step><!-- duration: 56ms -->
  <step title="DeploymentService.GetResult" date="2025-11-08T07:06:52.326" >
    <step title="DeploymentService.GetLatestDeployment" date="2025-11-08T07:06:52.336" >
      <step title="DeploymentManager.GetResults" date="2025-11-08T07:06:52.347" /><!-- duration: 995ms -->
    </step><!-- duration: 1036ms -->
  </step><!-- duration: 1075ms -->
  <step title="Outgoing response" date="2025-11-08T07:06:53.510" type="response" statusCode="202" statusText="Accepted" /><!-- duration: 17ms -->
</step><!-- duration: 1317ms -->
