<step title="Incoming Request" date="2025-07-02T08:44:10.313" instance="345353" url="/api/deployments/latest?deployer=OneDeploy&amp;time=2025-07-02_08-42-48Z" method="GET" type="request" pid="820,1,26" Host="emergency-backend-api-efg6gaawcjdmaggy.scm.japanwest-01.azurewebsites.net" User-Agent="GITHUBACTIONS_DeployWebAppToAzure_6afaea893f47a147fa5dac857d1041ffd4a8f022e29971635168cd4dcb90f2c0" Authorization="Bea..." Content-Type="application/json; charset=utf-8" Cookie="ARRAffinity=345353a6e2e5ca1cb44ba615462d7ac6ac166df501ae2807c92c9581cdccacea;Path=/;HttpOnly;Secure;Domain=emergency-backend-api-efg6gaawcjdmaggy.scm.japanwest-01.azurewebsites.net; ARRAffinitySameSite=345353a6e2e5ca1cb44ba615462d7ac6ac166df501ae2807c92c9581cdccacea;Path=/;HttpOnly;SameSite=None;Secure;Domain=emergency-backend-api-efg6gaawcjdmaggy.scm.japanwest-01.azurewebsites.net" Content-Length="0" X-ARR-LOG-ID="e4baec3e-f030-4f81-a2f9-653814980afe" CLIENT-IP="40.112.255.120:1025" X-SITE-DEPLOYMENT-ID="emergency-backend-api" WAS-DEFAULT-HOSTNAME="emergency-backend-api-efg6gaawcjdmaggy.scm.japanwest-01.azurewebsites.net" X-Forwarded-Proto="https" X-AppService-Proto="https" X-Forwarded-TlsVersion="1.3" X-WAWS-Unencoded-URL="/api/deployments/latest?deployer=OneDeploy&amp;time=2025-07-02_08-42-48Z" X-Client-IP="40.112.255.120" X-Client-Port="1025" >
  <step title="Cleanup Xml Logs" date="2025-07-02T08:44:10.330" >
    <step title="Cleanup Infos" date="2025-07-02T08:44:10.340" totalFiles="465" totalCleanup="305" /><!-- duration: 17ms -->
  </step><!-- duration: 29ms -->
  <step title="DeploymentService.GetResult" date="2025-07-02T08:44:10.378" >
    <step title="DeploymentService.GetLatestDeployment" date="2025-07-02T08:44:10.379" >
      <step title="DeploymentManager.GetResults" date="2025-07-02T08:44:10.387" /><!-- duration: 424ms -->
    </step><!-- duration: 450ms -->
  </step><!-- duration: 452ms -->
  <step title="Outgoing response" date="2025-07-02T08:44:10.838" type="response" statusCode="202" statusText="Accepted" /><!-- duration: 1ms -->
</step><!-- duration: 528ms -->
