<step title="Incoming Request" date="2025-11-08T08:54:57.922" instance="22b10c" url="/api/deployments/latest?deployer=OneDeploy&amp;time=2025-11-08_08-54-51Z" method="GET" type="request" pid="831,1,22" Host="emergency-assistance-bfckhjejb3fbf9du.scm.japanwest-01.azurewebsites.net" User-Agent="GITHUBACTIONS_DeployWebAppToAzure_6afaea893f47a147fa5dac857d1041ffd4a8f022e29971635168cd4dcb90f2c0" Authorization="Bas..." Content-Type="application/json; charset=utf-8" Cookie="ARRAffinity=22b10c938bfb8149b35fcbcb38624f0710e5df8fb4c8f5ac3083a96e2b0cc607;Path=/;HttpOnly;Secure;Domain=emergency-assistance-bfckhjejb3fbf9du.scm.japanwest-01.azurewebsites.net; ARRAffinitySameSite=22b10c938bfb8149b35fcbcb38624f0710e5df8fb4c8f5ac3083a96e2b0cc607;Path=/;HttpOnly;SameSite=None;Secure;Domain=emergency-assistance-bfckhjejb3fbf9du.scm.japanwest-01.azurewebsites.net" Content-Length="0" X-ARR-LOG-ID="0c5348aa-c6af-4038-b313-a48e3bf7dd68" CLIENT-IP="145.132.102.178:15361" X-SITE-DEPLOYMENT-ID="Emergency-Assistance" WAS-DEFAULT-HOSTNAME="emergency-assistance-bfckhjejb3fbf9du.scm.japanwest-01.azurewebsites.net" X-Forwarded-Proto="https" X-AppService-Proto="https" X-Forwarded-TlsVersion="1.3" X-WAWS-Unencoded-URL="/api/deployments/latest?deployer=OneDeploy&amp;time=2025-11-08_08-54-51Z" X-Client-IP="145.132.102.178" X-Client-Port="15361" >
  <step title="Cleanup Xml Logs" date="2025-11-08T08:54:57.934" >
    <step title="Cleanup Infos" date="2025-11-08T08:54:57.982" totalFiles="336" totalCleanup="176" /><!-- duration: 31ms -->
  </step><!-- duration: 90ms -->
  <step title="DeploymentService.GetResult" date="2025-11-08T08:54:58.054" >
    <step title="DeploymentService.GetLatestDeployment" date="2025-11-08T08:54:58.072" >
      <step title="DeploymentManager.GetResults" date="2025-11-08T08:54:58.083" /><!-- duration: 910ms -->
    </step><!-- duration: 952ms -->
  </step><!-- duration: 1001ms -->
  <step title="Outgoing response" date="2025-11-08T08:54:59.094" type="response" statusCode="202" statusText="Accepted" /><!-- duration: 11ms -->
</step><!-- duration: 1193ms -->
