<step title="Incoming Request" date="2025-07-02T07:35:53.575" instance="345353" url="/api/deployments/latest?deployer=OneDeploy&amp;time=2025-07-02_07-32-27Z" method="GET" type="request" pid="820,1,27" Host="emergency-backend-api-efg6gaawcjdmaggy.scm.japanwest-01.azurewebsites.net" User-Agent="GITHUBACTIONS_DeployWebAppToAzure_6afaea893f47a147fa5dac857d1041ffd4a8f022e29971635168cd4dcb90f2c0" Authorization="Bea..." Content-Type="application/json; charset=utf-8" Cookie="ARRAffinity=345353a6e2e5ca1cb44ba615462d7ac6ac166df501ae2807c92c9581cdccacea;Path=/;HttpOnly;Secure;Domain=emergency-backend-api-efg6gaawcjdmaggy.scm.japanwest-01.azurewebsites.net; ARRAffinitySameSite=345353a6e2e5ca1cb44ba615462d7ac6ac166df501ae2807c92c9581cdccacea;Path=/;HttpOnly;SameSite=None;Secure;Domain=emergency-backend-api-efg6gaawcjdmaggy.scm.japanwest-01.azurewebsites.net" Content-Length="0" X-ARR-LOG-ID="48fdc327-2342-4384-b00c-fb72d3be5296" CLIENT-IP="40.86.187.169:1986" X-SITE-DEPLOYMENT-ID="emergency-backend-api" WAS-DEFAULT-HOSTNAME="emergency-backend-api-efg6gaawcjdmaggy.scm.japanwest-01.azurewebsites.net" X-Forwarded-Proto="https" X-AppService-Proto="https" X-Forwarded-TlsVersion="1.3" X-WAWS-Unencoded-URL="/api/deployments/latest?deployer=OneDeploy&amp;time=2025-07-02_07-32-27Z" X-Client-IP="40.86.187.169" X-Client-Port="1986" >
  <step title="Cleanup Xml Logs" date="2025-07-02T07:35:53.576" >
    <step title="Cleanup Infos" date="2025-07-02T07:35:53.580" totalFiles="366" totalCleanup="206" /><!-- duration: 1ms -->
  </step><!-- duration: 6ms -->
  <step title="DeploymentService.GetResult" date="2025-07-02T07:35:53.584" >
    <step title="DeploymentService.GetLatestDeployment" date="2025-07-02T07:35:53.585" >
      <step title="DeploymentManager.GetResults" date="2025-07-02T07:35:53.586" /><!-- duration: 289ms -->
    </step><!-- duration: 291ms -->
  </step><!-- duration: 293ms -->
  <step title="Outgoing response" date="2025-07-02T07:35:53.878" type="response" statusCode="202" statusText="Accepted" /><!-- duration: 8ms -->
</step><!-- duration: 312ms -->
