<step title="Incoming Request" date="2025-06-28T08:58:44.284" instance="345353" url="/api/zipdeploy?isAsync=true&amp;deployer=GITHUB_ZIP_DEPLOY&amp;message=%7B%22type%22%3A%22deployment%22%2C%22sha%22%3A%2266712639f57c1fcfbede40f2e339ec4e87d19357%22%2C%22repoName%22%3A%22Satoshi-Niina%2FEmergency-Assistance%22%2C%22actor%22%3A%22Satoshi-Niina%22%2C%22slotName%22%3A%22production%22%2C%22commitMessage%22%3A%22%E3%81%BE%E3%81%A8%E3%82%81%E3%81%A6%E4%BF%AE%E6%AD%A3%22%7D" method="POST" type="request" pid="820,1,21" Host="emergency-backend-api-efg6gaawcjdmaggy.scm.japanwest-01.azurewebsites.net" User-Agent="GITHUBACTIONS_DeployWebAppToAzure_6afaea893f47a147fa5dac857d1041ffd4a8f022e29971635168cd4dcb90f2c0" Authorization="Bas..." Content-Type="application/octet-stream" Cookie="ARRAffinity=345353a6e2e5ca1cb44ba615462d7ac6ac166df501ae2807c92c9581cdccacea;Path=/;HttpOnly;Secure;Domain=emergency-backend-api-efg6gaawcjdmaggy.scm.japanwest-01.azurewebsites.net; ARRAffinitySameSite=345353a6e2e5ca1cb44ba615462d7ac6ac166df501ae2807c92c9581cdccacea;Path=/;HttpOnly;SameSite=None;Secure;Domain=emergency-backend-api-efg6gaawcjdmaggy.scm.japanwest-01.azurewebsites.net" Transfer-Encoding="chunked" X-ARR-LOG-ID="77dc6a9b-720a-4627-b117-28171afa71ce" CLIENT-IP="13.67.185.204:1088" X-SITE-DEPLOYMENT-ID="emergency-backend-api" WAS-DEFAULT-HOSTNAME="emergency-backend-api-efg6gaawcjdmaggy.scm.japanwest-01.azurewebsites.net" X-Forwarded-Proto="https" X-AppService-Proto="https" X-Forwarded-TlsVersion="1.3" X-WAWS-Unencoded-URL="/api/zipdeploy?isAsync=true&amp;deployer=GITHUB_ZIP_DEPLOY&amp;message=%7B%22type%22%3A%22deployment%22%2C%22sha%22%3A%2266712639f57c1fcfbede40f2e339ec4e87d19357%22%2C%22repoName%22%3A%22Satoshi-Niina%2FEmergency-Assistance%22%2C%22actor%22%3A%22Satoshi-Niina%22%2C%22slotName%22%3A%22production%22%2C%22commitMessage%22%3A%22%E3%81%BE%E3%81%A8%E3%82%81%E3%81%A6%E4%BF%AE%E6%AD%A3%22%7D" X-Client-IP="13.67.185.204" X-Client-Port="1088" >
  <step title="ZipPushDeploy" date="2025-06-28T08:58:44.321" >
    <step title="ZipDeploy. Extract zip." date="2025-06-28T08:58:44.323" /><!-- duration: 1ms -->
    <step title="Starting PushDeployAsync" date="2025-06-28T08:58:44.326" /><!-- duration: 1ms -->
    <step title="Writing artifact to /tmp/zipdeploy/48c6a289-69f8-4523-a442-57614c5a9ff7.zip" date="2025-06-28T08:58:44.337" >
      <step title="Writing multipart request body to /tmp/zipdeploy/48c6a289-69f8-4523-a442-57614c5a9ff7.zip" date="2025-06-28T08:58:44.338" /><!-- duration: 1ms -->
    </step><!-- duration: 354ms -->
    <step title="Start deployment in the background" date="2025-06-28T08:58:44.722" >
      <step title="Acquiring Deployment Lock" date="2025-06-28T08:58:44.741" /><!-- duration: 1ms -->
      <step title="Acquired Deployment Lock" date="2025-06-28T08:58:44.760" /><!-- duration: 1ms -->
    </step><!-- duration: 102ms -->
  </step><!-- duration: 505ms -->
  <step title="Outgoing response" date="2025-06-28T08:58:44.827" type="response" statusCode="202" statusText="Accepted" /><!-- duration: 1ms -->
</step><!-- duration: 545ms -->
