<step title="Incoming Request" date="2025-07-02T08:53:09.265" instance="345353" url="/api/publish?async=true&amp;deployer=GITHUB_ONE_DEPLOY&amp;type=zip&amp;message=%7B%22type%22%3A%22deployment%22%2C%22sha%22%3A%2261e2483c88bb00a36ac043328ad78fda057afe3a%22%2C%22repoName%22%3A%22Satoshi-Niina%2FEmergency-Assistance%22%2C%22actor%22%3A%22Satoshi-Niina%22%2C%22slotName%22%3A%22production%22%2C%22commitMessage%22%3A%22Fix%20API%20routing%20and%20add%20detailed%20debugging%20logs%20for%20Azure%20Static%20Web%20Apps%22%7D" method="POST" type="request" pid="820,1,25" Host="emergency-backend-api-efg6gaawcjdmaggy.scm.japanwest-01.azurewebsites.net" User-Agent="GITHUBACTIONS_DeployWebAppToAzure_6afaea893f47a147fa5dac857d1041ffd4a8f022e29971635168cd4dcb90f2c0" Authorization="Bea..." Content-Type="application/octet-stream" Cookie="ARRAffinity=345353a6e2e5ca1cb44ba615462d7ac6ac166df501ae2807c92c9581cdccacea;Path=/;HttpOnly;Secure;Domain=emergency-backend-api-efg6gaawcjdmaggy.scm.japanwest-01.azurewebsites.net; ARRAffinitySameSite=345353a6e2e5ca1cb44ba615462d7ac6ac166df501ae2807c92c9581cdccacea;Path=/;HttpOnly;SameSite=None;Secure;Domain=emergency-backend-api-efg6gaawcjdmaggy.scm.japanwest-01.azurewebsites.net" Transfer-Encoding="chunked" X-ARR-LOG-ID="636bd67c-85ca-41fd-b672-b42ee61e5b64" CLIENT-IP="20.14.200.181:1984" X-SITE-DEPLOYMENT-ID="emergency-backend-api" WAS-DEFAULT-HOSTNAME="emergency-backend-api-efg6gaawcjdmaggy.scm.japanwest-01.azurewebsites.net" X-Forwarded-Proto="https" X-AppService-Proto="https" X-Forwarded-TlsVersion="1.3" X-WAWS-Unencoded-URL="/api/publish?async=true&amp;deployer=GITHUB_ONE_DEPLOY&amp;type=zip&amp;message=%7B%22type%22%3A%22deployment%22%2C%22sha%22%3A%2261e2483c88bb00a36ac043328ad78fda057afe3a%22%2C%22repoName%22%3A%22Satoshi-Niina%2FEmergency-Assistance%22%2C%22actor%22%3A%22Satoshi-Niina%22%2C%22slotName%22%3A%22production%22%2C%22commitMessage%22%3A%22Fix%20API%20routing%20and%20add%20detailed%20debugging%20logs%20for%20Azure%20Static%20Web%20Apps%22%7D" X-Client-IP="20.14.200.181" X-Client-Port="1984" >
  <step title="Cleanup Xml Logs" date="2025-07-02T08:53:09.266" >
    <step title="Cleanup Infos" date="2025-07-02T08:53:09.271" totalFiles="488" totalCleanup="328" /><!-- duration: 1ms -->
  </step><!-- duration: 9ms -->
  <step title="OneDeploy" date="2025-07-02T08:53:09.282" >
    <step title="Starting PushDeployAsync" date="2025-07-02T08:53:09.285" /><!-- duration: 1ms -->
    <step title="Writing artifact to /tmp/zipdeploy/6a8c1338-bfa7-4c97-9dd6-5c9fc258c8f5.zip" date="2025-07-02T08:53:09.295" >
      <step title="Writing multipart request body to /tmp/zipdeploy/6a8c1338-bfa7-4c97-9dd6-5c9fc258c8f5.zip" date="2025-07-02T08:53:09.296" /><!-- duration: 1ms -->
    </step><!-- duration: 27775ms -->
    <step title="Start deployment in the background" date="2025-07-02T08:53:37.093" >
      <step title="Acquiring Deployment Lock" date="2025-07-02T08:53:37.146" /><!-- duration: 1ms -->
      <step title="Acquired Deployment Lock" date="2025-07-02T08:53:37.163" /><!-- duration: 1ms -->
    </step><!-- duration: 121ms -->
  </step><!-- duration: 27936ms -->
  <step title="Outgoing response" date="2025-07-02T08:53:37.223" type="response" statusCode="202" statusText="Accepted" /><!-- duration: 1ms -->
</step><!-- duration: 27960ms -->
