<step title="Incoming Request" date="2025-11-08T02:41:55.239" instance="22b10c" url="/api/publish?async=true&amp;deployer=GITHUB_ONE_DEPLOY&amp;type=zip&amp;message=%7B%22type%22%3A%22deployment%22%2C%22sha%22%3A%22c1aa4e7c163afa1a6b618384525df14494bec4f0%22%2C%22repoName%22%3A%22Satoshi-Niina%2FEmergency-Assistance%22%2C%22actor%22%3A%22Satoshi-Niina%22%2C%22slotName%22%3A%22production%22%2C%22commitMessage%22%3A%22Emergency%20debug%20deployment%20-%20Add%20fallback%20server%20to%20fix%20503%20errors%22%7D" method="POST" type="request" pid="831,1,21" Host="emergency-assistance-bfckhjejb3fbf9du.scm.japanwest-01.azurewebsites.net" User-Agent="GITHUBACTIONS_DeployWebAppToAzure_6afaea893f47a147fa5dac857d1041ffd4a8f022e29971635168cd4dcb90f2c0" Authorization="Bas..." Content-Type="application/octet-stream" Cookie="ARRAffinity=22b10c938bfb8149b35fcbcb38624f0710e5df8fb4c8f5ac3083a96e2b0cc607;Path=/;HttpOnly;Secure;Domain=emergency-assistance-bfckhjejb3fbf9du.scm.japanwest-01.azurewebsites.net; ARRAffinitySameSite=22b10c938bfb8149b35fcbcb38624f0710e5df8fb4c8f5ac3083a96e2b0cc607;Path=/;HttpOnly;SameSite=None;Secure;Domain=emergency-assistance-bfckhjejb3fbf9du.scm.japanwest-01.azurewebsites.net" Transfer-Encoding="chunked" X-ARR-LOG-ID="d61cf94d-bb6e-47cc-89db-e6f5fb93a9ed" CLIENT-IP="52.173.178.209:42944" X-SITE-DEPLOYMENT-ID="Emergency-Assistance" WAS-DEFAULT-HOSTNAME="emergency-assistance-bfckhjejb3fbf9du.scm.japanwest-01.azurewebsites.net" X-Forwarded-Proto="https" X-AppService-Proto="https" X-Forwarded-TlsVersion="1.3" X-WAWS-Unencoded-URL="/api/publish?async=true&amp;deployer=GITHUB_ONE_DEPLOY&amp;type=zip&amp;message=%7B%22type%22%3A%22deployment%22%2C%22sha%22%3A%22c1aa4e7c163afa1a6b618384525df14494bec4f0%22%2C%22repoName%22%3A%22Satoshi-Niina%2FEmergency-Assistance%22%2C%22actor%22%3A%22Satoshi-Niina%22%2C%22slotName%22%3A%22production%22%2C%22commitMessage%22%3A%22Emergency%20debug%20deployment%20-%20Add%20fallback%20server%20to%20fix%20503%20errors%22%7D" X-Client-IP="52.173.178.209" X-Client-Port="42944" >
  <step title="Cleanup Xml Logs" date="2025-11-08T02:41:55.242" /><!-- duration: 28ms -->
  <step title="OneDeploy" date="2025-11-08T02:41:55.320" >
    <step title="None repository commit" date="2025-11-08T02:41:55.338" >
      <step title="Commit id: 50a15f5d-20c9-4197-89be-00527a1f7559" date="2025-11-08T02:41:55.342" Message="N/A" AuthorName="N/A" AuthorEmail="N/A" /><!-- duration: 3ms -->
    </step><!-- duration: 11ms -->
    <step title="Starting PushDeployAsync" date="2025-11-08T02:41:55.354" /><!-- duration: 6ms -->
    <step title="Removing node_modules symlink" date="2025-11-08T02:41:55.432" >
      <step title="Removing _del_node_modules symlink" date="2025-11-08T02:41:55.573" >
        <step title="Writing artifact to /tmp/zipdeploy/d30db8f3-7e64-4d37-8461-01cffe36b3f2.zip" date="2025-11-08T02:41:55.612" >
          <step title="Writing multipart request body to /tmp/zipdeploy/d30db8f3-7e64-4d37-8461-01cffe36b3f2.zip" date="2025-11-08T02:41:55.622" /><!-- duration: 20ms -->
        </step><!-- duration: 2039ms -->
        <step title="Start deployment in the background" date="2025-11-08T02:41:57.670" >
          <step title="Acquiring Deployment Lock" date="2025-11-08T02:41:57.716" /><!-- duration: 4ms -->
          <step title="Acquired Deployment Lock" date="2025-11-08T02:41:57.754" /><!-- duration: 4ms -->
        </step><!-- duration: 211ms -->
      </step><!-- duration: 2320ms -->
      <step title="Outgoing response" date="2025-11-08T02:41:57.904" type="response" statusCode="202" statusText="Accepted" /><!-- duration: 10ms -->
    </step><!-- duration: 2485ms -->
