<step title="Incoming Request" date="2025-11-08T10:48:21.825" instance="22b10c" url="/api/deployments/latest?deployer=OneDeploy&amp;time=2025-11-08_10-46-43Z" method="GET" type="request" pid="831,1,3" Host="emergency-assistance-bfckhjejb3fbf9du.scm.japanwest-01.azurewebsites.net" User-Agent="GITHUBACTIONS_DeployWebAppToAzure_6afaea893f47a147fa5dac857d1041ffd4a8f022e29971635168cd4dcb90f2c0" Authorization="Bas..." Content-Type="application/json; charset=utf-8" Cookie="ARRAffinity=22b10c938bfb8149b35fcbcb38624f0710e5df8fb4c8f5ac3083a96e2b0cc607;Path=/;HttpOnly;Secure;Domain=emergency-assistance-bfckhjejb3fbf9du.scm.japanwest-01.azurewebsites.net; ARRAffinitySameSite=22b10c938bfb8149b35fcbcb38624f0710e5df8fb4c8f5ac3083a96e2b0cc607;Path=/;HttpOnly;SameSite=None;Secure;Domain=emergency-assistance-bfckhjejb3fbf9du.scm.japanwest-01.azurewebsites.net" Content-Length="0" X-ARR-LOG-ID="b76cec26-063f-48ed-8e9a-599a6ad7c8fc" CLIENT-IP="172.184.220.146:9216" X-SITE-DEPLOYMENT-ID="Emergency-Assistance" WAS-DEFAULT-HOSTNAME="emergency-assistance-bfckhjejb3fbf9du.scm.japanwest-01.azurewebsites.net" X-Forwarded-Proto="https" X-AppService-Proto="https" X-Forwarded-TlsVersion="1.3" X-WAWS-Unencoded-URL="/api/deployments/latest?deployer=OneDeploy&amp;time=2025-11-08_10-46-43Z" X-Client-IP="172.184.220.146" X-Client-Port="9216" >
  <step title="Cleanup Xml Logs" date="2025-11-08T10:48:21.840" >
    <step title="Cleanup Infos" date="2025-11-08T10:48:21.881" totalFiles="439" totalCleanup="279" /><!-- duration: 20ms -->
  </step><!-- duration: 67ms -->
  <step title="DeploymentService.GetResult" date="2025-11-08T10:48:21.921" >
    <step title="DeploymentService.GetLatestDeployment" date="2025-11-08T10:48:21.938" >
      <step title="DeploymentManager.GetResults" date="2025-11-08T10:48:21.946" /><!-- duration: 822ms -->
    </step><!-- duration: 838ms -->
  </step><!-- duration: 871ms -->
  <step title="Outgoing response" date="2025-11-08T10:48:22.807" type="response" statusCode="202" statusText="Accepted" /><!-- duration: 30ms -->
</step><!-- duration: 1056ms -->
