<step title="BackgroundTrace" date="2025-06-29T12:01:29.654" instance="345353" url="/api/zipdeploy" method="POST" >
  <step title="Creating temporary deployment - FetchDeploymentManager" date="2025-06-29T12:01:29.955" /><!-- duration: 1ms -->
  <step title="Creating temporary deployment" date="2025-06-29T12:01:29.964" /><!-- duration: 47ms -->
  <step title="Performing fetch based deployment" date="2025-06-29T12:01:30.026" >
    <step title="Cleaning up temp folders from previous zip deployments and extracting pushed zip file /tmp/zipdeploy/def85490-c418-410b-bc2d-8dd3599ea2b2.zip (0.31 MB) to /tmp/zipdeploy/extracted" date="2025-06-29T12:01:31.336" >
      <step title="ChmodRecursive Process exited with total time taken in ms: 30" date="2025-06-29T12:01:31.539" /><!-- duration: 8ms -->
    </step><!-- duration: 219ms -->
    <step title="Deployment timer started" date="2025-06-29T12:01:33.562" >
      <step title="DeploymentManager.Deploy(id:5ea1933d-6e68-42cd-bf80-a54ee2db1a0c)" date="2025-06-29T12:01:33.581" >
        <step title="Collecting changeset information" date="2025-06-29T12:01:33.593" /><!-- duration: 101ms -->
        <step title="Updating submodules" date="2025-06-29T12:01:33.732" /><!-- duration: 1096ms -->
        <step title="Determining deployment builder" date="2025-06-29T12:01:34.982" >
          <step title="Builder is BasicBuilder" date="2025-06-29T12:01:34.993" /><!-- duration: 1ms -->
        </step><!-- duration: 20ms -->
        <step title="PreDeployment: context.CleanOutputPath False" date="2025-06-29T12:01:35.072" >
          <step title="PreDeployment: context.OutputPath /home/site/wwwroot" date="2025-06-29T12:01:35.166" >
            <step title="Building" date="2025-06-29T12:01:35.278" >
              <step title="Executing external process" date="2025-06-29T12:01:35.421" type="process" path="starter.sh" arguments="/opt/Kudu/Scripts/parallel_rsync.sh /tmp/zipdeploy/extracted /home/site/wwwroot 8 /tmp/ False True  " /><!-- duration: 3675ms -->
              <step title="Triggering recycle (preview mode disabled)." date="2025-06-29T12:01:39.386" /><!-- duration: 1ms -->
              <step title="Modified file to trigger a restart of the app container." date="2025-06-29T12:01:39.417" /><!-- duration: 1ms -->
              <step title="Skip function trigger and logicapp sync because function is not enabled." date="2025-06-29T12:01:39.427" /><!-- duration: 1ms -->
              <step title="Purge deployment items" date="2025-06-29T12:01:40.219" >
                <step title="Remove edca2b24-, Success, received at 06/28/2025 08:58:48" date="2025-06-29T12:01:40.270" /><!-- duration: 1ms -->
              </step><!-- duration: 70ms -->
            </step><!-- duration: 5075ms -->
          </step><!-- duration: 5188ms -->
          <step title="Cleaning up temp files" date="2025-06-29T12:01:40.356" /><!-- duration: 14ms -->
          <step title="Cleaning up temp files" date="2025-06-29T12:01:40.370" /><!-- duration: 519ms -->
          <step title="Reloading status file with latest updates" date="2025-06-29T12:01:40.909" >
            <step title="WebHooksManager.PublishEventAsync: PostDeployment" date="2025-06-29T12:01:40.916" /><!-- duration: 31ms -->
          </step><!-- duration: 38ms -->
          <step title="Cleaning up temporary deployment - fetch deployment was successful" date="2025-06-29T12:01:40.949" /><!-- duration: 1ms -->
        </step><!-- duration: 5935ms -->
      </step><!-- duration: 7433ms -->
