<step title="Incoming Request" date="2025-07-02T05:56:42.480" instance="345353" url="/api/deployments/latest?deployer=GITHUB_ZIP_DEPLOY&amp;time=2025-07-02_05-54-26Z" method="GET" type="request" pid="820,1,27" Host="emergency-backend-api-efg6gaawcjdmaggy.scm.japanwest-01.azurewebsites.net" User-Agent="GITHUBACTIONS_DeployWebAppToAzure_6afaea893f47a147fa5dac857d1041ffd4a8f022e29971635168cd4dcb90f2c0" Authorization="Bea..." Content-Type="application/json; charset=utf-8" Cookie="ARRAffinity=345353a6e2e5ca1cb44ba615462d7ac6ac166df501ae2807c92c9581cdccacea;Path=/;HttpOnly;Secure;Domain=emergency-backend-api-efg6gaawcjdmaggy.scm.japanwest-01.azurewebsites.net; ARRAffinitySameSite=345353a6e2e5ca1cb44ba615462d7ac6ac166df501ae2807c92c9581cdccacea;Path=/;HttpOnly;SameSite=None;Secure;Domain=emergency-backend-api-efg6gaawcjdmaggy.scm.japanwest-01.azurewebsites.net" Content-Length="0" X-ARR-LOG-ID="712e1249-f02a-4f56-9764-e11b6e209a53" CLIENT-IP="20.241.97.155:1026" X-SITE-DEPLOYMENT-ID="emergency-backend-api" WAS-DEFAULT-HOSTNAME="emergency-backend-api-efg6gaawcjdmaggy.scm.japanwest-01.azurewebsites.net" X-Forwarded-Proto="https" X-AppService-Proto="https" X-Forwarded-TlsVersion="1.3" X-WAWS-Unencoded-URL="/api/deployments/latest?deployer=GITHUB_ZIP_DEPLOY&amp;time=2025-07-02_05-54-26Z" X-Client-IP="20.241.97.155" X-Client-Port="1026" >
  <step title="Cleanup Xml Logs" date="2025-07-02T05:56:42.482" >
    <step title="Cleanup Infos" date="2025-07-02T05:56:42.501" totalFiles="219" totalCleanup="59" /><!-- duration: 38ms -->
  </step><!-- duration: 59ms -->
  <step title="DeploymentService.GetResult" date="2025-07-02T05:56:42.561" >
    <step title="DeploymentService.GetLatestDeployment" date="2025-07-02T05:56:42.562" >
      <step title="DeploymentManager.GetResults" date="2025-07-02T05:56:42.563" /><!-- duration: 578ms -->
    </step><!-- duration: 587ms -->
  </step><!-- duration: 599ms -->
  <step title="Outgoing response" date="2025-07-02T05:56:43.169" type="response" statusCode="202" statusText="Accepted" /><!-- duration: 1ms -->
</step><!-- duration: 691ms -->
