<step title="BackgroundTrace" date="2025-11-08T10:24:55.439" instance="22b10c" url="/api/publish" method="POST" >
  <step title="Cleanup Xml Logs" date="2025-11-08T10:24:55.445" >
    <step title="Cleanup Infos" date="2025-11-08T10:24:55.461" totalFiles="356" totalCleanup="196" /><!-- duration: 6ms -->
  </step><!-- duration: 27ms -->
  <step title="Creating temporary deployment - FetchDeploymentManager" date="2025-11-08T10:24:55.543" /><!-- duration: 3ms -->
  <step title="Creating temporary deployment" date="2025-11-08T10:24:55.551" /><!-- duration: 167ms -->
  <step title="Performing fetch based deployment" date="2025-11-08T10:24:55.759" >
    <step title="Cleaning up temp folders from previous zip deployments and extracting pushed zip file /tmp/zipdeploy/96535f7f-3d13-4bbb-85c8-cc13d6a55dbe.zip (112.69 MB) to /tmp/zipdeploy/extracted" date="2025-11-08T10:24:57.036" >
      <step title="ChmodRecursive Process exited with total time taken in ms: 583" date="2025-11-08T10:25:16.907" /><!-- duration: 14ms -->
    </step><!-- duration: 19910ms -->
    <step title="Deployment timer started" date="2025-11-08T10:25:19.016" >
      <step title="DeploymentManager.Deploy(id:4b024d78-2121-486f-abcf-0898aa313add)" date="2025-11-08T10:25:19.036" >
        <step title="Collecting changeset information" date="2025-11-08T10:25:19.126" /><!-- duration: 159ms -->
        <step title="Updating submodules" date="2025-11-08T10:25:19.314" /><!-- duration: 1763ms -->
        <step title="Determining deployment builder" date="2025-11-08T10:25:21.352" >
          <step title="Builder is OneDeployBuilder" date="2025-11-08T10:25:21.377" /><!-- duration: 4ms -->
        </step><!-- duration: 35ms -->
        <step title="PreDeployment: context.CleanOutputPath False" date="2025-11-08T10:25:21.447" >
          <step title="PreDeployment: context.OutputPath /home/site/wwwroot" date="2025-11-08T10:25:21.560" >
            <step title="Building" date="2025-11-08T10:25:21.703" >
              <step title="Executing external process" date="2025-11-08T10:25:22.407" type="process" path="starter.sh" arguments="/opt/Kudu/Scripts/absoluteTar.sh /tmp/zipdeploy/extracted/node_modules /tmp/zipdeploy/extracted/node_modules.tar.gz" /><!-- duration: 41168ms -->
              <step title="Executing external process" date="2025-11-08T10:26:04.528" type="process" path="starter.sh" arguments="/opt/Kudu/Scripts/parallel_rsync.sh /tmp/zipdeploy/extracted /home/site/wwwroot 8 /tmp/ False False node_modules " /><!-- duration: 44612ms -->
              <step title="Modified file to trigger a restart of the app container." date="2025-11-08T10:26:49.969" /><!-- duration: 4ms -->
              <step title="Skip function trigger and logicapp sync because function is not enabled." date="2025-11-08T10:26:49.986" /><!-- duration: 11ms -->
              <step title="Purge deployment items" date="2025-11-08T10:26:51.069" >
                <step title="Remove 0f6acb87-, Success, received at 11/08/2025 04:11:50" date="2025-11-08T10:26:51.138" /><!-- duration: 4ms -->
              </step><!-- duration: 79ms -->
            </step><!-- duration: 89536ms -->
          </step><!-- duration: 89695ms -->
          <step title="Cleaning up temp files" date="2025-11-08T10:26:51.277" /><!-- duration: 9ms -->
          <step title="Cleaning up temp files" date="2025-11-08T10:26:51.304" /><!-- duration: 532ms -->
          <step title="Reloading status file with latest updates" date="2025-11-08T10:26:51.873" >
            <step title="WebHooksManager.PublishEventAsync: PostDeployment" date="2025-11-08T10:26:51.877" /><!-- duration: 78ms -->
          </step><!-- duration: 87ms -->
          <step title="Cleaning up temporary deployment - fetch deployment was successful" date="2025-11-08T10:26:51.968" /><!-- duration: 6ms -->
        </step><!-- duration: 90609ms -->
      </step><!-- duration: 93040ms -->
