<step title="Incoming Request" date="2025-11-08T10:53:22.564" instance="22b10c" url="/api/publish?async=true&amp;deployer=GITHUB_ONE_DEPLOY&amp;type=zip&amp;message=%7B%22type%22%3A%22deployment%22%2C%22sha%22%3A%22353e9278b721233c62d637234b3f3f26b630e208%22%2C%22repoName%22%3A%22Satoshi-Niina%2FEmergency-Assistance%22%2C%22actor%22%3A%22Satoshi-Niina%22%2C%22slotName%22%3A%22production%22%2C%22commitMessage%22%3A%22Fix%20health%20check%20endpoints%5Cn%5Cn-%20Add%20timeout%20protection%20to%20main%20%2Fapi%2Fhealth%20endpoint%5Cn-%20Add%20multiple%20Azure%20App%20Service%20health%20check%20endpoints%3A%20%2Fhealth%2C%20%2Fping%2C%20%2Fapi%2Fping%5Cn-%20Improve%20GitHub%20Actions%20health%20check%20with%20multiple%20endpoint%20testing%5Cn-%20Remove%20duplicate%20health%20check%20endpoints%5Cn-%20Add%20lightweight%20probe%20endpoints%20for%20Azure%20App%20Service%22%7D" method="POST" type="request" pid="831,1,35" Host="emergency-assistance-bfckhjejb3fbf9du.scm.japanwest-01.azurewebsites.net" User-Agent="GITHUBACTIONS_DeployWebAppToAzure_6afaea893f47a147fa5dac857d1041ffd4a8f022e29971635168cd4dcb90f2c0" Authorization="Bas..." Content-Type="application/octet-stream" Cookie="ARRAffinity=22b10c938bfb8149b35fcbcb38624f0710e5df8fb4c8f5ac3083a96e2b0cc607;Path=/;HttpOnly;Secure;Domain=emergency-assistance-bfckhjejb3fbf9du.scm.japanwest-01.azurewebsites.net; ARRAffinitySameSite=22b10c938bfb8149b35fcbcb38624f0710e5df8fb4c8f5ac3083a96e2b0cc607;Path=/;HttpOnly;SameSite=None;Secure;Domain=emergency-assistance-bfckhjejb3fbf9du.scm.japanwest-01.azurewebsites.net" Transfer-Encoding="chunked" X-ARR-LOG-ID="12e20890-80bd-4a6a-8a9a-66a24ec8bec2" CLIENT-IP="172.184.191.160:64512" X-SITE-DEPLOYMENT-ID="Emergency-Assistance" WAS-DEFAULT-HOSTNAME="emergency-assistance-bfckhjejb3fbf9du.scm.japanwest-01.azurewebsites.net" X-Forwarded-Proto="https" X-AppService-Proto="https" X-Forwarded-TlsVersion="1.3" X-WAWS-Unencoded-URL="/api/publish?async=true&amp;deployer=GITHUB_ONE_DEPLOY&amp;type=zip&amp;message=%7B%22type%22%3A%22deployment%22%2C%22sha%22%3A%22353e9278b721233c62d637234b3f3f26b630e208%22%2C%22repoName%22%3A%22Satoshi-Niina%2FEmergency-Assistance%22%2C%22actor%22%3A%22Satoshi-Niina%22%2C%22slotName%22%3A%22production%22%2C%22commitMessage%22%3A%22Fix%20health%20check%20endpoints%5Cn%5Cn-%20Add%20timeout%20protection%20to%20main%20%2Fapi%2Fhealth%20endpoint%5Cn-%20Add%20multiple%20Azure%20App%20Service%20health%20check%20endpoints%3A%20%2Fhealth%2C%20%2Fping%2C%20%2Fapi%2Fping%5Cn-%20Improve%20GitHub%20Actions%20health%20check%20with%20multiple%20endpoint%20testing%5Cn-%20Remove%20duplicate%20health%20check%20endpoints%5Cn-%20Add%20lightweight%20probe%20endpoints%20for%20Azure%20App%20Service%22%7D" X-Client-IP="172.184.191.160" X-Client-Port="64512" >
  <step title="Cleanup Xml Logs" date="2025-11-08T10:53:22.567" >
    <step title="Cleanup Infos" date="2025-11-08T10:53:22.581" totalFiles="446" totalCleanup="286" /><!-- duration: 7ms -->
  </step><!-- duration: 24ms -->
  <step title="OneDeploy" date="2025-11-08T10:53:22.626" >
    <step title="Starting PushDeployAsync" date="2025-11-08T10:53:22.646" /><!-- duration: 4ms -->
    <step title="Removing node_modules symlink" date="2025-11-08T10:53:22.666" >
      <step title="Writing artifact to /tmp/zipdeploy/8aceea30-1870-4145-b76e-62738f9ff034.zip" date="2025-11-08T10:53:22.732" >
        <step title="Writing multipart request body to /tmp/zipdeploy/8aceea30-1870-4145-b76e-62738f9ff034.zip" date="2025-11-08T10:53:22.739" /><!-- duration: 12ms -->
      </step><!-- duration: 5242ms -->
      <step title="Start deployment in the background" date="2025-11-08T10:53:28.077" >
        <step title="Acquiring Deployment Lock" date="2025-11-08T10:53:28.132" /><!-- duration: 11ms -->
        <step title="Acquired Deployment Lock" date="2025-11-08T10:53:28.191" /><!-- duration: 4ms -->
      </step><!-- duration: 228ms -->
    </step><!-- duration: 5649ms -->
    <step title="Outgoing response" date="2025-11-08T10:53:28.320" type="response" statusCode="202" statusText="Accepted" /><!-- duration: 4ms -->
  </step><!-- duration: 5702ms -->
