<step title="Incoming Request" date="2025-11-08T07:06:00.824" instance="22b10c" url="/api/publish?async=true&amp;deployer=GITHUB_ONE_DEPLOY&amp;type=zip&amp;message=%7B%22type%22%3A%22deployment%22%2C%22sha%22%3A%22879a84021e2552f4808cc855229c62d661e70741%22%2C%22repoName%22%3A%22Satoshi-Niina%2FEmergency-Assistance%22%2C%22actor%22%3A%22Satoshi-Niina%22%2C%22slotName%22%3A%22production%22%2C%22commitMessage%22%3A%22%20Fix%20CORS%3A%20Update%20preflight%20handling%20%26%20session%20config%20for%20Azure%20Static%20Web%20Apps%20communication%22%7D" method="POST" type="request" pid="831,1,18" Host="emergency-assistance-bfckhjejb3fbf9du.scm.japanwest-01.azurewebsites.net" User-Agent="GITHUBACTIONS_DeployWebAppToAzure_6afaea893f47a147fa5dac857d1041ffd4a8f022e29971635168cd4dcb90f2c0" Authorization="Bas..." Content-Type="application/octet-stream" Cookie="ARRAffinity=22b10c938bfb8149b35fcbcb38624f0710e5df8fb4c8f5ac3083a96e2b0cc607;Path=/;HttpOnly;Secure;Domain=emergency-assistance-bfckhjejb3fbf9du.scm.japanwest-01.azurewebsites.net; ARRAffinitySameSite=22b10c938bfb8149b35fcbcb38624f0710e5df8fb4c8f5ac3083a96e2b0cc607;Path=/;HttpOnly;SameSite=None;Secure;Domain=emergency-assistance-bfckhjejb3fbf9du.scm.japanwest-01.azurewebsites.net" Transfer-Encoding="chunked" X-ARR-LOG-ID="04720b09-967b-4bc4-b699-5f0e115775b5" CLIENT-IP="48.214.55.51:49176" X-SITE-DEPLOYMENT-ID="Emergency-Assistance" WAS-DEFAULT-HOSTNAME="emergency-assistance-bfckhjejb3fbf9du.scm.japanwest-01.azurewebsites.net" X-Forwarded-Proto="https" X-AppService-Proto="https" X-Forwarded-TlsVersion="1.3" X-WAWS-Unencoded-URL="/api/publish?async=true&amp;deployer=GITHUB_ONE_DEPLOY&amp;type=zip&amp;message=%7B%22type%22%3A%22deployment%22%2C%22sha%22%3A%22879a84021e2552f4808cc855229c62d661e70741%22%2C%22repoName%22%3A%22Satoshi-Niina%2FEmergency-Assistance%22%2C%22actor%22%3A%22Satoshi-Niina%22%2C%22slotName%22%3A%22production%22%2C%22commitMessage%22%3A%22%20Fix%20CORS%3A%20Update%20preflight%20handling%20%26%20session%20config%20for%20Azure%20Static%20Web%20Apps%20communication%22%7D" X-Client-IP="48.214.55.51" X-Client-Port="49176" >
  <step title="Cleanup Xml Logs" date="2025-11-08T07:06:00.835" >
    <step title="Cleanup Infos" date="2025-11-08T07:06:00.882" totalFiles="206" totalCleanup="46" /><!-- duration: 20ms -->
  </step><!-- duration: 88ms -->
  <step title="OneDeploy" date="2025-11-08T07:06:01.084" >
    <step title="None repository commit" date="2025-11-08T07:06:01.133" >
      <step title="Commit id: 5a5e1698-20fe-479d-b8c3-c5d0b67ec8d7" date="2025-11-08T07:06:01.143" Message="N/A" AuthorName="N/A" AuthorEmail="N/A" /><!-- duration: 10ms -->
    </step><!-- duration: 31ms -->
    <step title="Starting PushDeployAsync" date="2025-11-08T07:06:01.185" /><!-- duration: 18ms -->
    <step title="Removing node_modules symlink" date="2025-11-08T07:06:01.255" >
      <step title="Removing _del_node_modules symlink" date="2025-11-08T07:06:01.514" >
        <step title="Writing artifact to /tmp/zipdeploy/4cead678-db63-420a-a22b-e4772b205175.zip" date="2025-11-08T07:06:01.615" >
          <step title="Writing multipart request body to /tmp/zipdeploy/4cead678-db63-420a-a22b-e4772b205175.zip" date="2025-11-08T07:06:01.684" /><!-- duration: 49ms -->
        </step><!-- duration: 2461ms -->
        <step title="Start deployment in the background" date="2025-11-08T07:06:04.185" >
          <step title="Acquiring Deployment Lock" date="2025-11-08T07:06:04.364" /><!-- duration: 4ms -->
          <step title="Acquired Deployment Lock" date="2025-11-08T07:06:04.395" /><!-- duration: 3ms -->
        </step><!-- duration: 303ms -->
      </step><!-- duration: 2981ms -->
      <step title="Outgoing response" date="2025-11-08T07:06:04.501" type="response" statusCode="202" statusText="Accepted" /><!-- duration: 4ms -->
    </step><!-- duration: 3253ms -->
