<step title="Incoming Request" date="2025-07-02T08:45:10.631" instance="345353" url="/api/deployments/latest?deployer=OneDeploy&amp;time=2025-07-02_08-42-48Z" method="GET" type="request" pid="820,1,26" Host="emergency-backend-api-efg6gaawcjdmaggy.scm.japanwest-01.azurewebsites.net" User-Agent="GITHUBACTIONS_DeployWebAppToAzure_6afaea893f47a147fa5dac857d1041ffd4a8f022e29971635168cd4dcb90f2c0" Authorization="Bea..." Content-Type="application/json; charset=utf-8" Cookie="ARRAffinity=345353a6e2e5ca1cb44ba615462d7ac6ac166df501ae2807c92c9581cdccacea;Path=/;HttpOnly;Secure;Domain=emergency-backend-api-efg6gaawcjdmaggy.scm.japanwest-01.azurewebsites.net; ARRAffinitySameSite=345353a6e2e5ca1cb44ba615462d7ac6ac166df501ae2807c92c9581cdccacea;Path=/;HttpOnly;SameSite=None;Secure;Domain=emergency-backend-api-efg6gaawcjdmaggy.scm.japanwest-01.azurewebsites.net" Content-Length="0" X-ARR-LOG-ID="4cc354f6-4253-45b2-bdb0-71244362cef5" CLIENT-IP="40.112.255.120:1025" X-SITE-DEPLOYMENT-ID="emergency-backend-api" WAS-DEFAULT-HOSTNAME="emergency-backend-api-efg6gaawcjdmaggy.scm.japanwest-01.azurewebsites.net" X-Forwarded-Proto="https" X-AppService-Proto="https" X-Forwarded-TlsVersion="1.3" X-WAWS-Unencoded-URL="/api/deployments/latest?deployer=OneDeploy&amp;time=2025-07-02_08-42-48Z" X-Client-IP="40.112.255.120" X-Client-Port="1025" >
  <step title="Cleanup Xml Logs" date="2025-07-02T08:45:10.639" >
    <step title="Cleanup Infos" date="2025-07-02T08:45:10.661" totalFiles="475" totalCleanup="315" /><!-- duration: 8ms -->
  </step><!-- duration: 31ms -->
  <step title="DeploymentService.GetResult" date="2025-07-02T08:45:10.679" >
    <step title="DeploymentService.GetLatestDeployment" date="2025-07-02T08:45:10.680" >
      <step title="DeploymentManager.GetResults" date="2025-07-02T08:45:10.681" /><!-- duration: 428ms -->
    </step><!-- duration: 447ms -->
  </step><!-- duration: 449ms -->
  <step title="Outgoing response" date="2025-07-02T08:45:11.130" type="response" statusCode="202" statusText="Accepted" /><!-- duration: 8ms -->
</step><!-- duration: 508ms -->
