<step title="BackgroundTrace" date="2025-06-29T07:03:08.905" instance="345353" url="/api/zipdeploy" method="POST" >
  <step title="Creating temporary deployment - FetchDeploymentManager" date="2025-06-29T07:03:08.949" /><!-- duration: 1ms -->
  <step title="Creating temporary deployment" date="2025-06-29T07:03:08.955" /><!-- duration: 44ms -->
  <step title="Performing fetch based deployment" date="2025-06-29T07:03:09.027" >
    <step title="Cleaning up temp folders from previous zip deployments and extracting pushed zip file /tmp/zipdeploy/6c1b7832-a6b0-4a76-928e-82ae9e2956c8.zip (0.33 MB) to /tmp/zipdeploy/extracted" date="2025-06-29T07:03:10.169" >
      <step title="ChmodRecursive Process exited with total time taken in ms: 40" date="2025-06-29T07:03:10.420" /><!-- duration: 8ms -->
    </step><!-- duration: 268ms -->
    <step title="Deployment timer started" date="2025-06-29T07:03:12.449" >
      <step title="DeploymentManager.Deploy(id:9c0e3bf8-582c-430d-be4d-5fbe136b2bb4)" date="2025-06-29T07:03:12.464" >
        <step title="Collecting changeset information" date="2025-06-29T07:03:12.474" /><!-- duration: 82ms -->
        <step title="Updating submodules" date="2025-06-29T07:03:12.557" /><!-- duration: 1097ms -->
        <step title="Determining deployment builder" date="2025-06-29T07:03:13.794" >
          <step title="Builder is BasicBuilder" date="2025-06-29T07:03:13.806" /><!-- duration: 1ms -->
        </step><!-- duration: 31ms -->
        <step title="PreDeployment: context.CleanOutputPath False" date="2025-06-29T07:03:13.855" >
          <step title="PreDeployment: context.OutputPath /home/site/wwwroot" date="2025-06-29T07:03:13.926" >
            <step title="Building" date="2025-06-29T07:03:14.001" >
              <step title="Executing external process" date="2025-06-29T07:03:14.215" type="process" path="starter.sh" arguments="/opt/Kudu/Scripts/parallel_rsync.sh /tmp/zipdeploy/extracted /home/site/wwwroot 8 /tmp/ False True  " /><!-- duration: 3716ms -->
              <step title="Triggering recycle (preview mode disabled)." date="2025-06-29T07:03:18.161" /><!-- duration: 1ms -->
              <step title="Modified file to trigger a restart of the app container." date="2025-06-29T07:03:18.192" /><!-- duration: 1ms -->
              <step title="Skip function trigger and logicapp sync because function is not enabled." date="2025-06-29T07:03:18.211" /><!-- duration: 1ms -->
              <step title="Purge deployment items" date="2025-06-29T07:03:18.932" >
                <step title="Remove 424cbe7d-, Success, received at 06/28/2025 04:52:51" date="2025-06-29T07:03:18.959" /><!-- duration: 2ms -->
              </step><!-- duration: 30ms -->
            </step><!-- duration: 4995ms -->
          </step><!-- duration: 5075ms -->
          <step title="Cleaning up temp files" date="2025-06-29T07:03:19.002" /><!-- duration: 1ms -->
          <step title="Cleaning up temp files" date="2025-06-29T07:03:19.004" /><!-- duration: 505ms -->
          <step title="Reloading status file with latest updates" date="2025-06-29T07:03:19.538" >
            <step title="WebHooksManager.PublishEventAsync: PostDeployment" date="2025-06-29T07:03:19.546" /><!-- duration: 72ms -->
          </step><!-- duration: 81ms -->
          <step title="Cleaning up temporary deployment - fetch deployment was successful" date="2025-06-29T07:03:19.621" /><!-- duration: 1ms -->
        </step><!-- duration: 5827ms -->
      </step><!-- duration: 7224ms -->
