<step title="BackgroundTrace" date="2025-11-08T08:54:50.931" instance="22b10c" url="/api/publish" method="POST" >
  <step title="Cleanup Xml Logs" date="2025-11-08T08:54:50.952" >
    <step title="Cleanup Infos" date="2025-11-08T08:54:50.967" totalFiles="334" totalCleanup="174" /><!-- duration: 7ms -->
  </step><!-- duration: 25ms -->
  <step title="Creating temporary deployment - FetchDeploymentManager" date="2025-11-08T08:54:51.068" /><!-- duration: 4ms -->
  <step title="Creating temporary deployment" date="2025-11-08T08:54:51.076" /><!-- duration: 96ms -->
  <step title="Performing fetch based deployment" date="2025-11-08T08:54:51.213" >
    <step title="Cleaning up temp folders from previous zip deployments and extracting pushed zip file /tmp/zipdeploy/03e21aeb-192b-44fe-9f1c-30847eea3baa.zip (112.69 MB) to /tmp/zipdeploy/extracted" date="2025-11-08T08:54:52.426" >
      <step title="ChmodRecursive Process exited with total time taken in ms: 600" date="2025-11-08T08:55:13.879" /><!-- duration: 4ms -->
    </step><!-- duration: 21469ms -->
    <step title="Deployment timer started" date="2025-11-08T08:55:15.912" >
      <step title="DeploymentManager.Deploy(id:ccb8d5d9-848f-4c3d-8dde-e99a3e26b20b)" date="2025-11-08T08:55:15.921" >
        <step title="Collecting changeset information" date="2025-11-08T08:55:15.934" /><!-- duration: 144ms -->
        <step title="Updating submodules" date="2025-11-08T08:55:16.086" /><!-- duration: 1119ms -->
        <step title="Determining deployment builder" date="2025-11-08T08:55:17.479" >
          <step title="Builder is OneDeployBuilder" date="2025-11-08T08:55:17.504" /><!-- duration: 4ms -->
        </step><!-- duration: 33ms -->
        <step title="PreDeployment: context.CleanOutputPath False" date="2025-11-08T08:55:17.576" >
          <step title="PreDeployment: context.OutputPath /home/site/wwwroot" date="2025-11-08T08:55:17.697" >
            <step title="Building" date="2025-11-08T08:55:17.847" >
              <step title="Executing external process" date="2025-11-08T08:55:18.588" type="process" path="starter.sh" arguments="/opt/Kudu/Scripts/absoluteTar.sh /tmp/zipdeploy/extracted/node_modules /tmp/zipdeploy/extracted/node_modules.tar.gz" /><!-- duration: 34649ms -->
              <step title="Executing external process" date="2025-11-08T08:55:53.493" type="process" path="starter.sh" arguments="/opt/Kudu/Scripts/parallel_rsync.sh /tmp/zipdeploy/extracted /home/site/wwwroot 8 /tmp/ False False node_modules " /><!-- duration: 45710ms -->
              <step title="Modified file to trigger a restart of the app container." date="2025-11-08T08:56:40.002" /><!-- duration: 4ms -->
              <step title="Skip function trigger and logicapp sync because function is not enabled." date="2025-11-08T08:56:40.015" /><!-- duration: 22ms -->
              <step title="Purge deployment items" date="2025-11-08T08:56:41.198" >
                <step title="Remove b4b42731-, Success, received at 11/08/2025 03:48:02" date="2025-11-08T08:56:41.258" /><!-- duration: 4ms -->
              </step><!-- duration: 69ms -->
            </step><!-- duration: 83518ms -->
          </step><!-- duration: 83677ms -->
          <step title="Cleaning up temp files" date="2025-11-08T08:56:41.379" /><!-- duration: 4ms -->
          <step title="Cleaning up temp files" date="2025-11-08T08:56:41.389" /><!-- duration: 522ms -->
          <step title="Reloading status file with latest updates" date="2025-11-08T08:56:41.946" >
            <step title="WebHooksManager.PublishEventAsync: PostDeployment" date="2025-11-08T08:56:41.951" /><!-- duration: 69ms -->
          </step><!-- duration: 79ms -->
          <step title="Cleaning up temporary deployment - fetch deployment was successful" date="2025-11-08T08:56:42.031" /><!-- duration: 4ms -->
        </step><!-- duration: 84529ms -->
      </step><!-- duration: 86208ms -->
