<step title="Incoming Request" date="2025-11-08T08:32:01.540" instance="22b10c" url="/api/deployments/latest?deployer=OneDeploy&amp;time=2025-11-08_08-30-33Z" method="GET" type="request" pid="833,1,22" Host="emergency-assistance-bfckhjejb3fbf9du.scm.japanwest-01.azurewebsites.net" User-Agent="GITHUBACTIONS_DeployWebAppToAzure_6afaea893f47a147fa5dac857d1041ffd4a8f022e29971635168cd4dcb90f2c0" Authorization="Bas..." Content-Type="application/json; charset=utf-8" Cookie="ARRAffinity=22b10c938bfb8149b35fcbcb38624f0710e5df8fb4c8f5ac3083a96e2b0cc607;Path=/;HttpOnly;Secure;Domain=emergency-assistance-bfckhjejb3fbf9du.scm.japanwest-01.azurewebsites.net; ARRAffinitySameSite=22b10c938bfb8149b35fcbcb38624f0710e5df8fb4c8f5ac3083a96e2b0cc607;Path=/;HttpOnly;SameSite=None;Secure;Domain=emergency-assistance-bfckhjejb3fbf9du.scm.japanwest-01.azurewebsites.net" Content-Length="0" X-ARR-LOG-ID="83eee1bb-f92f-42c8-8d91-1216e2c4917d" CLIENT-IP="20.55.214.64:7169" X-SITE-DEPLOYMENT-ID="Emergency-Assistance" WAS-DEFAULT-HOSTNAME="emergency-assistance-bfckhjejb3fbf9du.scm.japanwest-01.azurewebsites.net" X-Forwarded-Proto="https" X-AppService-Proto="https" X-Forwarded-TlsVersion="1.3" X-WAWS-Unencoded-URL="/api/deployments/latest?deployer=OneDeploy&amp;time=2025-11-08_08-30-33Z" X-Client-IP="20.55.214.64" X-Client-Port="7169" >
  <step title="Cleanup Xml Logs" date="2025-11-08T08:32:01.549" >
    <step title="Cleanup Infos" date="2025-11-08T08:32:01.599" totalFiles="311" totalCleanup="151" /><!-- duration: 11ms -->
  </step><!-- duration: 69ms -->
  <step title="DeploymentService.GetResult" date="2025-11-08T08:32:01.647" >
    <step title="DeploymentService.GetLatestDeployment" date="2025-11-08T08:32:01.659" >
      <step title="DeploymentManager.GetResults" date="2025-11-08T08:32:01.678" /><!-- duration: 1550ms -->
    </step><!-- duration: 1660ms -->
  </step><!-- duration: 1762ms -->
  <step title="Outgoing response" date="2025-11-08T08:32:03.459" type="response" statusCode="202" statusText="Accepted" /><!-- duration: 21ms -->
</step><!-- duration: 2009ms -->
