<step title="Incoming Request" date="2025-11-08T10:54:56.710" instance="22b10c" url="/api/deployments/latest?deployer=OneDeploy&amp;time=2025-11-08_10-53-28Z" method="GET" type="request" pid="831,1,36" Host="emergency-assistance-bfckhjejb3fbf9du.scm.japanwest-01.azurewebsites.net" User-Agent="GITHUBACTIONS_DeployWebAppToAzure_6afaea893f47a147fa5dac857d1041ffd4a8f022e29971635168cd4dcb90f2c0" Authorization="Bas..." Content-Type="application/json; charset=utf-8" Cookie="ARRAffinity=22b10c938bfb8149b35fcbcb38624f0710e5df8fb4c8f5ac3083a96e2b0cc607;Path=/;HttpOnly;Secure;Domain=emergency-assistance-bfckhjejb3fbf9du.scm.japanwest-01.azurewebsites.net; ARRAffinitySameSite=22b10c938bfb8149b35fcbcb38624f0710e5df8fb4c8f5ac3083a96e2b0cc607;Path=/;HttpOnly;SameSite=None;Secure;Domain=emergency-assistance-bfckhjejb3fbf9du.scm.japanwest-01.azurewebsites.net" Content-Length="0" X-ARR-LOG-ID="83daab6e-4550-4de4-bf53-9243b57aff8b" CLIENT-IP="172.184.191.160:64514" X-SITE-DEPLOYMENT-ID="Emergency-Assistance" WAS-DEFAULT-HOSTNAME="emergency-assistance-bfckhjejb3fbf9du.scm.japanwest-01.azurewebsites.net" X-Forwarded-Proto="https" X-AppService-Proto="https" X-Forwarded-TlsVersion="1.3" X-WAWS-Unencoded-URL="/api/deployments/latest?deployer=OneDeploy&amp;time=2025-11-08_10-53-28Z" X-Client-IP="172.184.191.160" X-Client-Port="64514" >
  <step title="Cleanup Xml Logs" date="2025-11-08T10:54:56.720" >
    <step title="Cleanup Infos" date="2025-11-08T10:54:56.760" totalFiles="461" totalCleanup="301" /><!-- duration: 16ms -->
  </step><!-- duration: 62ms -->
  <step title="DeploymentService.GetResult" date="2025-11-08T10:54:56.805" >
    <step title="DeploymentService.GetLatestDeployment" date="2025-11-08T10:54:56.816" >
      <step title="DeploymentManager.GetResults" date="2025-11-08T10:54:56.827" /><!-- duration: 1098ms -->
    </step><!-- duration: 1121ms -->
  </step><!-- duration: 1141ms -->
  <step title="Outgoing response" date="2025-11-08T10:54:57.984" type="response" statusCode="202" statusText="Accepted" /><!-- duration: 7ms -->
</step><!-- duration: 1290ms -->
