<step title="Incoming Request" date="2025-11-08T08:28:32.555" instance="22b10c" url="/api/deployments/latest?deployer=OneDeploy&amp;time=2025-11-08_08-28-04Z" method="GET" type="request" pid="833,1,5" Host="emergency-assistance-bfckhjejb3fbf9du.scm.japanwest-01.azurewebsites.net" User-Agent="GITHUBACTIONS_DeployWebAppToAzure_6afaea893f47a147fa5dac857d1041ffd4a8f022e29971635168cd4dcb90f2c0" Authorization="Bas..." Content-Type="application/json; charset=utf-8" Cookie="ARRAffinity=22b10c938bfb8149b35fcbcb38624f0710e5df8fb4c8f5ac3083a96e2b0cc607;Path=/;HttpOnly;Secure;Domain=emergency-assistance-bfckhjejb3fbf9du.scm.japanwest-01.azurewebsites.net; ARRAffinitySameSite=22b10c938bfb8149b35fcbcb38624f0710e5df8fb4c8f5ac3083a96e2b0cc607;Path=/;HttpOnly;SameSite=None;Secure;Domain=emergency-assistance-bfckhjejb3fbf9du.scm.japanwest-01.azurewebsites.net" Content-Length="0" X-ARR-LOG-ID="cca3fd6c-09c3-43a1-9c63-34b634977436" CLIENT-IP="64.236.140.177:18440" X-SITE-DEPLOYMENT-ID="Emergency-Assistance" WAS-DEFAULT-HOSTNAME="emergency-assistance-bfckhjejb3fbf9du.scm.japanwest-01.azurewebsites.net" X-Forwarded-Proto="https" X-AppService-Proto="https" X-Forwarded-TlsVersion="1.3" X-WAWS-Unencoded-URL="/api/deployments/latest?deployer=OneDeploy&amp;time=2025-11-08_08-28-04Z" X-Client-IP="64.236.140.177" X-Client-Port="18440" >
  <step title="Cleanup Xml Logs" date="2025-11-08T08:28:32.575" >
    <step title="Cleanup Infos" date="2025-11-08T08:28:32.605" totalFiles="273" totalCleanup="113" /><!-- duration: 18ms -->
  </step><!-- duration: 58ms -->
  <step title="DeploymentService.GetResult" date="2025-11-08T08:28:32.653" >
    <step title="DeploymentService.GetLatestDeployment" date="2025-11-08T08:28:32.664" >
      <step title="DeploymentManager.GetResults" date="2025-11-08T08:28:32.676" /><!-- duration: 1128ms -->
    </step><!-- duration: 1154ms -->
  </step><!-- duration: 1190ms -->
  <step title="Outgoing response" date="2025-11-08T08:28:33.873" type="response" statusCode="202" statusText="Accepted" /><!-- duration: 21ms -->
</step><!-- duration: 1369ms -->
