<step title="Incoming Request" date="2025-06-28T04:52:47.428" instance="345353" url="/api/zipdeploy?isAsync=true&amp;deployer=GITHUB_ZIP_DEPLOY&amp;message=%7B%22type%22%3A%22deployment%22%2C%22sha%22%3A%22a662c7964a43544b3c6903b52f52578ac4bde143%22%2C%22repoName%22%3A%22Satoshi-Niina%2FEmergency-Assistance%22%2C%22actor%22%3A%22Satoshi-Niina%22%2C%22slotName%22%3A%22production%22%2C%22commitMessage%22%3A%22Fix%20login%20authentication%20and%20GitHub%20Actions%20workflows%20-%20Fix%20login%20schema%20mismatch%20(email%20-%3E%20username)%20-%20Add%20debug%20logs%20for%20login%20process%20-%20Improve%20authentication%20context%20and%20ProtectedRoute%20-%20Fix%20%2Fme%20endpoint%20to%20return%20complete%20user%20data%20-%20Update%20GitHub%20Actions%20workflows%20for%20feature%2F2.10%20branch%22%7D" method="POST" type="request" pid="820,1,25" Host="emergency-backend-api-efg6gaawcjdmaggy.scm.japanwest-01.azurewebsites.net" User-Agent="GITHUBACTIONS_DeployWebAppToAzure_6afaea893f47a147fa5dac857d1041ffd4a8f022e29971635168cd4dcb90f2c0" Authorization="Bas..." Content-Type="application/octet-stream" Cookie="ARRAffinity=345353a6e2e5ca1cb44ba615462d7ac6ac166df501ae2807c92c9581cdccacea;Path=/;HttpOnly;Secure;Domain=emergency-backend-api-efg6gaawcjdmaggy.scm.japanwest-01.azurewebsites.net; ARRAffinitySameSite=345353a6e2e5ca1cb44ba615462d7ac6ac166df501ae2807c92c9581cdccacea;Path=/;HttpOnly;SameSite=None;Secure;Domain=emergency-backend-api-efg6gaawcjdmaggy.scm.japanwest-01.azurewebsites.net" Transfer-Encoding="chunked" X-ARR-LOG-ID="24e8564a-e988-4f9b-8159-5a582e913a35" CLIENT-IP="13.73.38.91:1024" X-SITE-DEPLOYMENT-ID="emergency-backend-api" WAS-DEFAULT-HOSTNAME="emergency-backend-api-efg6gaawcjdmaggy.scm.japanwest-01.azurewebsites.net" X-Forwarded-Proto="https" X-AppService-Proto="https" X-Forwarded-TlsVersion="1.3" X-WAWS-Unencoded-URL="/api/zipdeploy?isAsync=true&amp;deployer=GITHUB_ZIP_DEPLOY&amp;message=%7B%22type%22%3A%22deployment%22%2C%22sha%22%3A%22a662c7964a43544b3c6903b52f52578ac4bde143%22%2C%22repoName%22%3A%22Satoshi-Niina%2FEmergency-Assistance%22%2C%22actor%22%3A%22Satoshi-Niina%22%2C%22slotName%22%3A%22production%22%2C%22commitMessage%22%3A%22Fix%20login%20authentication%20and%20GitHub%20Actions%20workflows%20-%20Fix%20login%20schema%20mismatch%20(email%20-%3E%20username)%20-%20Add%20debug%20logs%20for%20login%20process%20-%20Improve%20authentication%20context%20and%20ProtectedRoute%20-%20Fix%20%2Fme%20endpoint%20to%20return%20complete%20user%20data%20-%20Update%20GitHub%20Actions%20workflows%20for%20feature%2F2.10%20branch%22%7D" X-Client-IP="13.73.38.91" X-Client-Port="1024" >
  <step title="ZipPushDeploy" date="2025-06-28T04:52:47.566" >
    <step title="ZipDeploy. Extract zip." date="2025-06-28T04:52:47.605" /><!-- duration: 1ms -->
    <step title="None repository commit" date="2025-06-28T04:52:47.625" >
      <step title="Commit id: 424cbe7d-2f72-4f54-be66-08fbdcefad65" date="2025-06-28T04:52:47.634" Message="N/A" AuthorName="N/A" AuthorEmail="N/A" /><!-- duration: 2ms -->
    </step><!-- duration: 21ms -->
    <step title="Starting PushDeployAsync" date="2025-06-28T04:52:47.664" /><!-- duration: 1ms -->
    <step title="Writing artifact to /tmp/zipdeploy/3e62ba6c-279a-413a-b074-4c911638fc89.zip" date="2025-06-28T04:52:47.705" >
      <step title="Writing multipart request body to /tmp/zipdeploy/3e62ba6c-279a-413a-b074-4c911638fc89.zip" date="2025-06-28T04:52:47.714" /><!-- duration: 20ms -->
    </step><!-- duration: 131ms -->
    <step title="Start deployment in the background" date="2025-06-28T04:52:47.845" >
      <step title="Acquiring Deployment Lock" date="2025-06-28T04:52:47.887" /><!-- duration: 1ms -->
      <step title="Acquired Deployment Lock" date="2025-06-28T04:52:47.906" /><!-- duration: 1ms -->
    </step><!-- duration: 123ms -->
  </step><!-- duration: 411ms -->
  <step title="Outgoing response" date="2025-06-28T04:52:47.994" type="response" statusCode="202" statusText="Accepted" /><!-- duration: 1ms -->
</step><!-- duration: 569ms -->
