<step title="BackgroundTrace" date="2025-11-08T01:26:09.514" instance="22b10c" url="/api/publish" method="POST" >
  <step title="Creating temporary deployment - FetchDeploymentManager" date="2025-11-08T01:26:09.611" /><!-- duration: 3ms -->
  <step title="Creating temporary deployment" date="2025-11-08T01:26:09.620" /><!-- duration: 100ms -->
  <step title="Performing fetch based deployment" date="2025-11-08T01:26:09.754" >
    <step title="Cleaning up temp folders from previous zip deployments and extracting pushed zip file /tmp/zipdeploy/f2a2388e-c80b-42f2-a898-cb5c762a7242.zip (41.94 MB) to /tmp/zipdeploy/extracted" date="2025-11-08T01:26:10.945" >
      <step title="ChmodRecursive Process exited with total time taken in ms: 181" date="2025-11-08T01:26:13.798" /><!-- duration: 30ms -->
    </step><!-- duration: 2903ms -->
    <step title="Deployment timer started" date="2025-11-08T01:26:15.900" >
      <step title="DeploymentManager.Deploy(id:93d65de4-d3b9-4bc4-aa6c-6674c70235f8)" date="2025-11-08T01:26:15.908" >
        <step title="Collecting changeset information" date="2025-11-08T01:26:15.922" /><!-- duration: 128ms -->
        <step title="Updating submodules" date="2025-11-08T01:26:16.058" /><!-- duration: 1137ms -->
        <step title="Determining deployment builder" date="2025-11-08T01:26:17.659" >
          <step title="Builder is OneDeployBuilder" date="2025-11-08T01:26:17.716" /><!-- duration: 6ms -->
        </step><!-- duration: 68ms -->
        <step title="PreDeployment: context.CleanOutputPath False" date="2025-11-08T01:26:17.869" >
          <step title="PreDeployment: context.OutputPath /home/site/wwwroot" date="2025-11-08T01:26:18.097" >
            <step title="Building" date="2025-11-08T01:26:18.255" >
              <step title="Executing external process" date="2025-11-08T01:26:19.557" type="process" path="starter.sh" arguments="/opt/Kudu/Scripts/absoluteTar.sh /tmp/zipdeploy/extracted/node_modules /tmp/zipdeploy/extracted/node_modules.tar.gz" /><!-- duration: 1450ms -->
              <step title="Executing external process" date="2025-11-08T01:26:21.317" type="process" path="starter.sh" arguments="/opt/Kudu/Scripts/parallel_rsync.sh /tmp/zipdeploy/extracted /home/site/wwwroot 8 /tmp/ False False node_modules " /><!-- duration: 11613ms -->
              <step title="Modified file to trigger a restart of the app container." date="2025-11-08T01:26:33.818" /><!-- duration: 5ms -->
              <step title="Skip function trigger and logicapp sync because function is not enabled." date="2025-11-08T01:26:33.829" /><!-- duration: 13ms -->
            </step><!-- duration: 17293ms -->
          </step><!-- duration: 17458ms -->
          <step title="Cleaning up temp files" date="2025-11-08T01:26:35.559" /><!-- duration: 5ms -->
          <step title="Cleaning up temp files" date="2025-11-08T01:26:35.581" /><!-- duration: 519ms -->
          <step title="Reloading status file with latest updates" date="2025-11-08T01:26:36.143" >
            <step title="WebHooksManager.PublishEventAsync: PostDeployment" date="2025-11-08T01:26:36.148" /><!-- duration: 84ms -->
          </step><!-- duration: 110ms -->
          <step title="Cleaning up temporary deployment - fetch deployment was successful" date="2025-11-08T01:26:36.272" /><!-- duration: 5ms -->
        </step><!-- duration: 18483ms -->
      </step><!-- duration: 20491ms -->
