<step title="Incoming Request" date="2025-07-02T05:55:51.408" instance="345353" url="/api/deployments/latest?deployer=GITHUB_ZIP_DEPLOY&amp;time=2025-07-02_05-54-26Z" method="GET" type="request" pid="820,1,28" Host="emergency-backend-api-efg6gaawcjdmaggy.scm.japanwest-01.azurewebsites.net" User-Agent="GITHUBACTIONS_DeployWebAppToAzure_6afaea893f47a147fa5dac857d1041ffd4a8f022e29971635168cd4dcb90f2c0" Authorization="Bea..." Content-Type="application/json; charset=utf-8" Cookie="ARRAffinity=345353a6e2e5ca1cb44ba615462d7ac6ac166df501ae2807c92c9581cdccacea;Path=/;HttpOnly;Secure;Domain=emergency-backend-api-efg6gaawcjdmaggy.scm.japanwest-01.azurewebsites.net; ARRAffinitySameSite=345353a6e2e5ca1cb44ba615462d7ac6ac166df501ae2807c92c9581cdccacea;Path=/;HttpOnly;SameSite=None;Secure;Domain=emergency-backend-api-efg6gaawcjdmaggy.scm.japanwest-01.azurewebsites.net" Content-Length="0" X-ARR-LOG-ID="4553bac5-aecc-450c-98e2-9a3b9b27d4b8" CLIENT-IP="20.241.97.155:1026" X-SITE-DEPLOYMENT-ID="emergency-backend-api" WAS-DEFAULT-HOSTNAME="emergency-backend-api-efg6gaawcjdmaggy.scm.japanwest-01.azurewebsites.net" X-Forwarded-Proto="https" X-AppService-Proto="https" X-Forwarded-TlsVersion="1.3" X-WAWS-Unencoded-URL="/api/deployments/latest?deployer=GITHUB_ZIP_DEPLOY&amp;time=2025-07-02_05-54-26Z" X-Client-IP="20.241.97.155" X-Client-Port="1026" >
  <step title="Cleanup Xml Logs" date="2025-07-02T05:55:51.411" >
    <step title="Cleanup Infos" date="2025-07-02T05:55:51.421" totalFiles="211" totalCleanup="51" /><!-- duration: 8ms -->
  </step><!-- duration: 19ms -->
  <step title="DeploymentService.GetResult" date="2025-07-02T05:55:51.450" >
    <step title="DeploymentService.GetLatestDeployment" date="2025-07-02T05:55:51.468" >
      <step title="DeploymentManager.GetResults" date="2025-07-02T05:55:51.469" /><!-- duration: 421ms -->
    </step><!-- duration: 423ms -->
  </step><!-- duration: 448ms -->
  <step title="Outgoing response" date="2025-07-02T05:55:51.900" type="response" statusCode="202" statusText="Accepted" /><!-- duration: 8ms -->
</step><!-- duration: 501ms -->
