<step title="Incoming Request" date="2025-07-02T05:56:30.101" instance="345353" url="/api/deployments/latest?deployer=GITHUB_ZIP_DEPLOY&amp;time=2025-07-02_05-54-26Z" method="GET" type="request" pid="820,1,28" Host="emergency-backend-api-efg6gaawcjdmaggy.scm.japanwest-01.azurewebsites.net" User-Agent="GITHUBACTIONS_DeployWebAppToAzure_6afaea893f47a147fa5dac857d1041ffd4a8f022e29971635168cd4dcb90f2c0" Authorization="Bea..." Content-Type="application/json; charset=utf-8" Cookie="ARRAffinity=345353a6e2e5ca1cb44ba615462d7ac6ac166df501ae2807c92c9581cdccacea;Path=/;HttpOnly;Secure;Domain=emergency-backend-api-efg6gaawcjdmaggy.scm.japanwest-01.azurewebsites.net; ARRAffinitySameSite=345353a6e2e5ca1cb44ba615462d7ac6ac166df501ae2807c92c9581cdccacea;Path=/;HttpOnly;SameSite=None;Secure;Domain=emergency-backend-api-efg6gaawcjdmaggy.scm.japanwest-01.azurewebsites.net" Content-Length="0" X-ARR-LOG-ID="e0fc4636-faef-474a-8c22-941057bd7623" CLIENT-IP="20.241.97.155:1026" X-SITE-DEPLOYMENT-ID="emergency-backend-api" WAS-DEFAULT-HOSTNAME="emergency-backend-api-efg6gaawcjdmaggy.scm.japanwest-01.azurewebsites.net" X-Forwarded-Proto="https" X-AppService-Proto="https" X-Forwarded-TlsVersion="1.3" X-WAWS-Unencoded-URL="/api/deployments/latest?deployer=GITHUB_ZIP_DEPLOY&amp;time=2025-07-02_05-54-26Z" X-Client-IP="20.241.97.155" X-Client-Port="1026" >
  <step title="Cleanup Xml Logs" date="2025-07-02T05:56:30.112" >
    <step title="Cleanup Infos" date="2025-07-02T05:56:30.122" totalFiles="217" totalCleanup="57" /><!-- duration: 1ms -->
  </step><!-- duration: 12ms -->
  <step title="DeploymentService.GetResult" date="2025-07-02T05:56:30.152" >
    <step title="DeploymentService.GetLatestDeployment" date="2025-07-02T05:56:30.153" >
      <step title="DeploymentManager.GetResults" date="2025-07-02T05:56:30.154" /><!-- duration: 480ms -->
    </step><!-- duration: 489ms -->
  </step><!-- duration: 500ms -->
  <step title="Outgoing response" date="2025-07-02T05:56:30.662" type="response" statusCode="202" statusText="Accepted" /><!-- duration: 1ms -->
</step><!-- duration: 562ms -->
