<step title="Incoming Request" date="2025-11-08T08:32:57.921" instance="22b10c" url="/api/deployments/latest?deployer=OneDeploy&amp;time=2025-11-08_08-30-33Z" method="GET" type="request" pid="833,1,21" Host="emergency-assistance-bfckhjejb3fbf9du.scm.japanwest-01.azurewebsites.net" User-Agent="GITHUBACTIONS_DeployWebAppToAzure_6afaea893f47a147fa5dac857d1041ffd4a8f022e29971635168cd4dcb90f2c0" Authorization="Bas..." Content-Type="application/json; charset=utf-8" Cookie="ARRAffinity=22b10c938bfb8149b35fcbcb38624f0710e5df8fb4c8f5ac3083a96e2b0cc607;Path=/;HttpOnly;Secure;Domain=emergency-assistance-bfckhjejb3fbf9du.scm.japanwest-01.azurewebsites.net; ARRAffinitySameSite=22b10c938bfb8149b35fcbcb38624f0710e5df8fb4c8f5ac3083a96e2b0cc607;Path=/;HttpOnly;SameSite=None;Secure;Domain=emergency-assistance-bfckhjejb3fbf9du.scm.japanwest-01.azurewebsites.net" Content-Length="0" X-ARR-LOG-ID="dcd59acf-fcfc-4c5d-87ae-bcfc5830979f" CLIENT-IP="20.55.214.64:7170" X-SITE-DEPLOYMENT-ID="Emergency-Assistance" WAS-DEFAULT-HOSTNAME="emergency-assistance-bfckhjejb3fbf9du.scm.japanwest-01.azurewebsites.net" X-Forwarded-Proto="https" X-AppService-Proto="https" X-Forwarded-TlsVersion="1.3" X-WAWS-Unencoded-URL="/api/deployments/latest?deployer=OneDeploy&amp;time=2025-11-08_08-30-33Z" X-Client-IP="20.55.214.64" X-Client-Port="7170" >
  <step title="Cleanup Xml Logs" date="2025-11-08T08:32:57.931" >
    <step title="Cleanup Infos" date="2025-11-08T08:32:57.983" totalFiles="317" totalCleanup="157" /><!-- duration: 9ms -->
  </step><!-- duration: 68ms -->
  <step title="DeploymentService.GetResult" date="2025-11-08T08:32:58.011" >
    <step title="DeploymentService.GetLatestDeployment" date="2025-11-08T08:32:58.019" >
      <step title="DeploymentManager.GetResults" date="2025-11-08T08:32:58.037" /><!-- duration: 1072ms -->
    </step><!-- duration: 1100ms -->
  </step><!-- duration: 1136ms -->
  <step title="Outgoing response" date="2025-11-08T08:32:59.157" type="response" statusCode="202" statusText="Accepted" /><!-- duration: 29ms -->
</step><!-- duration: 1296ms -->
