<step title="Incoming Request" date="2025-11-08T08:30:42.452" instance="22b10c" url="/api/deployments/latest?deployer=OneDeploy&amp;time=2025-11-08_08-30-33Z" method="GET" type="request" pid="833,1,20" Host="emergency-assistance-bfckhjejb3fbf9du.scm.japanwest-01.azurewebsites.net" User-Agent="GITHUBACTIONS_DeployWebAppToAzure_6afaea893f47a147fa5dac857d1041ffd4a8f022e29971635168cd4dcb90f2c0" Authorization="Bas..." Content-Type="application/json; charset=utf-8" Cookie="ARRAffinity=22b10c938bfb8149b35fcbcb38624f0710e5df8fb4c8f5ac3083a96e2b0cc607;Path=/;HttpOnly;Secure;Domain=emergency-assistance-bfckhjejb3fbf9du.scm.japanwest-01.azurewebsites.net; ARRAffinitySameSite=22b10c938bfb8149b35fcbcb38624f0710e5df8fb4c8f5ac3083a96e2b0cc607;Path=/;HttpOnly;SameSite=None;Secure;Domain=emergency-assistance-bfckhjejb3fbf9du.scm.japanwest-01.azurewebsites.net" Content-Length="0" X-ARR-LOG-ID="486c17c7-fd66-437c-9bce-45fe4f03ec5b" CLIENT-IP="20.55.214.64:7170" X-SITE-DEPLOYMENT-ID="Emergency-Assistance" WAS-DEFAULT-HOSTNAME="emergency-assistance-bfckhjejb3fbf9du.scm.japanwest-01.azurewebsites.net" X-Forwarded-Proto="https" X-AppService-Proto="https" X-Forwarded-TlsVersion="1.3" X-WAWS-Unencoded-URL="/api/deployments/latest?deployer=OneDeploy&amp;time=2025-11-08_08-30-33Z" X-Client-IP="20.55.214.64" X-Client-Port="7170" >
  <step title="Cleanup Xml Logs" date="2025-11-08T08:30:42.472" >
    <step title="Cleanup Infos" date="2025-11-08T08:30:42.761" totalFiles="301" totalCleanup="141" /><!-- duration: 62ms -->
  </step><!-- duration: 430ms -->
  <step title="DeploymentService.GetResult" date="2025-11-08T08:30:43.042" >
    <step title="DeploymentService.GetLatestDeployment" date="2025-11-08T08:30:43.093" >
      <step title="DeploymentManager.GetResults" date="2025-11-08T08:30:43.182" /><!-- duration: 3062ms -->
    </step><!-- duration: 3259ms -->
  </step><!-- duration: 3370ms -->
  <step title="Outgoing response" date="2025-11-08T08:30:46.472" type="response" statusCode="202" statusText="Accepted" /><!-- duration: 42ms -->
</step><!-- duration: 4131ms -->
