<step title="Incoming Request" date="2025-11-08T10:47:24.495" instance="22b10c" url="/api/deployments/latest?deployer=OneDeploy&amp;time=2025-11-08_10-46-43Z" method="GET" type="request" pid="831,1,20" Host="emergency-assistance-bfckhjejb3fbf9du.scm.japanwest-01.azurewebsites.net" User-Agent="GITHUBACTIONS_DeployWebAppToAzure_6afaea893f47a147fa5dac857d1041ffd4a8f022e29971635168cd4dcb90f2c0" Authorization="Bas..." Content-Type="application/json; charset=utf-8" Cookie="ARRAffinity=22b10c938bfb8149b35fcbcb38624f0710e5df8fb4c8f5ac3083a96e2b0cc607;Path=/;HttpOnly;Secure;Domain=emergency-assistance-bfckhjejb3fbf9du.scm.japanwest-01.azurewebsites.net; ARRAffinitySameSite=22b10c938bfb8149b35fcbcb38624f0710e5df8fb4c8f5ac3083a96e2b0cc607;Path=/;HttpOnly;SameSite=None;Secure;Domain=emergency-assistance-bfckhjejb3fbf9du.scm.japanwest-01.azurewebsites.net" Content-Length="0" X-ARR-LOG-ID="2161ee11-d3ff-4873-8994-5cc2d0299c39" CLIENT-IP="172.184.220.146:9216" X-SITE-DEPLOYMENT-ID="Emergency-Assistance" WAS-DEFAULT-HOSTNAME="emergency-assistance-bfckhjejb3fbf9du.scm.japanwest-01.azurewebsites.net" X-Forwarded-Proto="https" X-AppService-Proto="https" X-Forwarded-TlsVersion="1.3" X-WAWS-Unencoded-URL="/api/deployments/latest?deployer=OneDeploy&amp;time=2025-11-08_10-46-43Z" X-Client-IP="172.184.220.146" X-Client-Port="9216" >
  <step title="Cleanup Xml Logs" date="2025-11-08T10:47:24.507" >
    <step title="Cleanup Infos" date="2025-11-08T10:47:24.549" totalFiles="431" totalCleanup="271" /><!-- duration: 19ms -->
  </step><!-- duration: 80ms -->
  <step title="DeploymentService.GetResult" date="2025-11-08T10:47:24.638" >
    <step title="DeploymentService.GetLatestDeployment" date="2025-11-08T10:47:24.676" >
      <step title="DeploymentManager.GetResults" date="2025-11-08T10:47:24.696" /><!-- duration: 1043ms -->
    </step><!-- duration: 1082ms -->
  </step><!-- duration: 1131ms -->
  <step title="Outgoing response" date="2025-11-08T10:47:25.798" type="response" statusCode="202" statusText="Accepted" /><!-- duration: 20ms -->
</step><!-- duration: 1334ms -->
