<step title="BackgroundTrace" date="2025-11-08T10:46:43.034" instance="22b10c" url="/api/publish" method="POST" >
  <step title="Cleanup Xml Logs" date="2025-11-08T10:46:43.046" >
    <step title="Cleanup Infos" date="2025-11-08T10:46:43.115" totalFiles="424" totalCleanup="264" /><!-- duration: 21ms -->
  </step><!-- duration: 94ms -->
  <step title="Creating temporary deployment - FetchDeploymentManager" date="2025-11-08T10:46:43.218" /><!-- duration: 38ms -->
  <step title="Creating temporary deployment" date="2025-11-08T10:46:43.261" /><!-- duration: 100ms -->
  <step title="Performing fetch based deployment" date="2025-11-08T10:46:43.405" >
    <step title="Cleaning up temp folders from previous zip deployments and extracting pushed zip file /tmp/zipdeploy/796d14b8-63fc-4b78-9343-b3330df577a6.zip (112.69 MB) to /tmp/zipdeploy/extracted" date="2025-11-08T10:46:44.591" >
      <step title="ChmodRecursive Process exited with total time taken in ms: 480" date="2025-11-08T10:47:00.544" /><!-- duration: 7ms -->
    </step><!-- duration: 15971ms -->
    <step title="Deployment timer started" date="2025-11-08T10:47:02.588" >
      <step title="DeploymentManager.Deploy(id:61991fe7-cd7b-4362-ae4b-86cdc3546461)" date="2025-11-08T10:47:02.598" >
        <step title="Collecting changeset information" date="2025-11-08T10:47:02.667" /><!-- duration: 128ms -->
        <step title="Updating submodules" date="2025-11-08T10:47:02.802" /><!-- duration: 1163ms -->
        <step title="Determining deployment builder" date="2025-11-08T10:47:04.204" >
          <step title="Builder is OneDeployBuilder" date="2025-11-08T10:47:04.236" /><!-- duration: 12ms -->
        </step><!-- duration: 52ms -->
        <step title="PreDeployment: context.CleanOutputPath False" date="2025-11-08T10:47:04.322" >
          <step title="PreDeployment: context.OutputPath /home/site/wwwroot" date="2025-11-08T10:47:04.450" >
            <step title="Building" date="2025-11-08T10:47:04.623" >
              <step title="Executing external process" date="2025-11-08T10:47:05.304" type="process" path="starter.sh" arguments="/opt/Kudu/Scripts/absoluteTar.sh /tmp/zipdeploy/extracted/node_modules /tmp/zipdeploy/extracted/node_modules.tar.gz" /><!-- duration: 57379ms -->
              <step title="Executing external process" date="2025-11-08T10:48:03.435" type="process" path="starter.sh" arguments="/opt/Kudu/Scripts/parallel_rsync.sh /tmp/zipdeploy/extracted /home/site/wwwroot 8 /tmp/ False False node_modules " /><!-- duration: 41666ms -->
              <step title="Modified file to trigger a restart of the app container." date="2025-11-08T10:48:45.913" /><!-- duration: 4ms -->
              <step title="Skip function trigger and logicapp sync because function is not enabled." date="2025-11-08T10:48:45.927" /><!-- duration: 21ms -->
              <step title="Purge deployment items" date="2025-11-08T10:48:46.964" >
                <step title="Remove 7aa2bd79-, Success, received at 11/08/2025 05:58:06" date="2025-11-08T10:48:47.086" /><!-- duration: 3ms -->
              </step><!-- duration: 130ms -->
            </step><!-- duration: 102543ms -->
          </step><!-- duration: 102729ms -->
          <step title="Cleaning up temp files" date="2025-11-08T10:48:47.190" /><!-- duration: 29ms -->
          <step title="Cleaning up temp files" date="2025-11-08T10:48:47.231" /><!-- duration: 518ms -->
          <step title="Reloading status file with latest updates" date="2025-11-08T10:48:47.793" >
            <step title="WebHooksManager.PublishEventAsync: PostDeployment" date="2025-11-08T10:48:47.797" /><!-- duration: 54ms -->
          </step><!-- duration: 63ms -->
          <step title="Cleaning up temporary deployment - fetch deployment was successful" date="2025-11-08T10:48:47.864" /><!-- duration: 5ms -->
        </step><!-- duration: 103613ms -->
      </step><!-- duration: 105359ms -->
