<step title="Incoming Request" date="2025-11-08T10:24:50.243" instance="22b10c" url="/api/publish?async=true&amp;deployer=GITHUB_ONE_DEPLOY&amp;type=zip&amp;message=%7B%22type%22%3A%22deployment%22%2C%22sha%22%3A%22733fe6d8d1f139d17a52562ee60193cb1675ce70%22%2C%22repoName%22%3A%22Satoshi-Niina%2FEmergency-Assistance%22%2C%22actor%22%3A%22Satoshi-Niina%22%2C%22slotName%22%3A%22production%22%2C%22commitMessage%22%3A%22Add%20missing%20API%20endpoints%20to%20debug%20server%20for%20temporary%20workaround%22%7D" method="POST" type="request" pid="833,1,7" Host="emergency-assistance-bfckhjejb3fbf9du.scm.japanwest-01.azurewebsites.net" User-Agent="GITHUBACTIONS_DeployWebAppToAzure_6afaea893f47a147fa5dac857d1041ffd4a8f022e29971635168cd4dcb90f2c0" Authorization="Bas..." Content-Type="application/octet-stream" Cookie="ARRAffinity=22b10c938bfb8149b35fcbcb38624f0710e5df8fb4c8f5ac3083a96e2b0cc607;Path=/;HttpOnly;Secure;Domain=emergency-assistance-bfckhjejb3fbf9du.scm.japanwest-01.azurewebsites.net; ARRAffinitySameSite=22b10c938bfb8149b35fcbcb38624f0710e5df8fb4c8f5ac3083a96e2b0cc607;Path=/;HttpOnly;SameSite=None;Secure;Domain=emergency-assistance-bfckhjejb3fbf9du.scm.japanwest-01.azurewebsites.net" Transfer-Encoding="chunked" X-ARR-LOG-ID="28349cb3-cbf3-4b7b-801f-f5e357025ded" CLIENT-IP="132.196.19.19:45080" X-SITE-DEPLOYMENT-ID="Emergency-Assistance" WAS-DEFAULT-HOSTNAME="emergency-assistance-bfckhjejb3fbf9du.scm.japanwest-01.azurewebsites.net" X-Forwarded-Proto="https" X-AppService-Proto="https" X-Forwarded-TlsVersion="1.3" X-WAWS-Unencoded-URL="/api/publish?async=true&amp;deployer=GITHUB_ONE_DEPLOY&amp;type=zip&amp;message=%7B%22type%22%3A%22deployment%22%2C%22sha%22%3A%22733fe6d8d1f139d17a52562ee60193cb1675ce70%22%2C%22repoName%22%3A%22Satoshi-Niina%2FEmergency-Assistance%22%2C%22actor%22%3A%22Satoshi-Niina%22%2C%22slotName%22%3A%22production%22%2C%22commitMessage%22%3A%22Add%20missing%20API%20endpoints%20to%20debug%20server%20for%20temporary%20workaround%22%7D" X-Client-IP="132.196.19.19" X-Client-Port="45080" >
  <step title="Cleanup Xml Logs" date="2025-11-08T10:24:50.247" >
    <step title="Cleanup Infos" date="2025-11-08T10:24:50.259" totalFiles="355" totalCleanup="195" /><!-- duration: 6ms -->
  </step><!-- duration: 22ms -->
  <step title="OneDeploy" date="2025-11-08T10:24:50.380" >
    <step title="None repository commit" date="2025-11-08T10:24:50.393" >
      <step title="Commit id: 4b024d78-2121-486f-abcf-0898aa313add" date="2025-11-08T10:24:50.397" Message="N/A" AuthorName="N/A" AuthorEmail="N/A" /><!-- duration: 4ms -->
    </step><!-- duration: 13ms -->
    <step title="Starting PushDeployAsync" date="2025-11-08T10:24:50.410" /><!-- duration: 4ms -->
    <step title="Removing node_modules symlink" date="2025-11-08T10:24:50.428" >
      <step title="Removing _del_node_modules symlink" date="2025-11-08T10:24:50.564" >
        <step title="Writing artifact to /tmp/zipdeploy/96535f7f-3d13-4bbb-85c8-cc13d6a55dbe.zip" date="2025-11-08T10:24:50.608" >
          <step title="Writing multipart request body to /tmp/zipdeploy/96535f7f-3d13-4bbb-85c8-cc13d6a55dbe.zip" date="2025-11-08T10:24:50.615" /><!-- duration: 18ms -->
        </step><!-- duration: 4808ms -->
        <step title="Start deployment in the background" date="2025-11-08T10:24:55.434" >
          <step title="Acquiring Deployment Lock" date="2025-11-08T10:24:55.490" /><!-- duration: 4ms -->
          <step title="Acquired Deployment Lock" date="2025-11-08T10:24:55.535" /><!-- duration: 4ms -->
        </step><!-- duration: 289ms -->
      </step><!-- duration: 5167ms -->
      <step title="Outgoing response" date="2025-11-08T10:24:55.741" type="response" statusCode="202" statusText="Accepted" /><!-- duration: 4ms -->
    </step><!-- duration: 5322ms -->
