<step title="Incoming Request" date="2025-11-08T08:56:16.337" instance="22b10c" url="/api/deployments/latest?deployer=OneDeploy&amp;time=2025-11-08_08-54-51Z" method="GET" type="request" pid="831,1,3" Host="emergency-assistance-bfckhjejb3fbf9du.scm.japanwest-01.azurewebsites.net" User-Agent="GITHUBACTIONS_DeployWebAppToAzure_6afaea893f47a147fa5dac857d1041ffd4a8f022e29971635168cd4dcb90f2c0" Authorization="Bas..." Content-Type="application/json; charset=utf-8" Cookie="ARRAffinity=22b10c938bfb8149b35fcbcb38624f0710e5df8fb4c8f5ac3083a96e2b0cc607;Path=/;HttpOnly;Secure;Domain=emergency-assistance-bfckhjejb3fbf9du.scm.japanwest-01.azurewebsites.net; ARRAffinitySameSite=22b10c938bfb8149b35fcbcb38624f0710e5df8fb4c8f5ac3083a96e2b0cc607;Path=/;HttpOnly;SameSite=None;Secure;Domain=emergency-assistance-bfckhjejb3fbf9du.scm.japanwest-01.azurewebsites.net" Content-Length="0" X-ARR-LOG-ID="c24fba41-04a8-478d-9c1a-1539355bd1e8" CLIENT-IP="145.132.102.178:15360" X-SITE-DEPLOYMENT-ID="Emergency-Assistance" WAS-DEFAULT-HOSTNAME="emergency-assistance-bfckhjejb3fbf9du.scm.japanwest-01.azurewebsites.net" X-Forwarded-Proto="https" X-AppService-Proto="https" X-Forwarded-TlsVersion="1.3" X-WAWS-Unencoded-URL="/api/deployments/latest?deployer=OneDeploy&amp;time=2025-11-08_08-54-51Z" X-Client-IP="145.132.102.178" X-Client-Port="15360" >
  <step title="Cleanup Xml Logs" date="2025-11-08T08:56:16.346" >
    <step title="Cleanup Infos" date="2025-11-08T08:56:16.388" totalFiles="347" totalCleanup="187" /><!-- duration: 11ms -->
  </step><!-- duration: 57ms -->
  <step title="DeploymentService.GetResult" date="2025-11-08T08:56:16.418" >
    <step title="DeploymentService.GetLatestDeployment" date="2025-11-08T08:56:16.435" >
      <step title="DeploymentManager.GetResults" date="2025-11-08T08:56:16.449" /><!-- duration: 984ms -->
    </step><!-- duration: 1017ms -->
  </step><!-- duration: 1043ms -->
  <step title="Outgoing response" date="2025-11-08T08:56:17.472" type="response" statusCode="202" statusText="Accepted" /><!-- duration: 22ms -->
</step><!-- duration: 1164ms -->
