<step title="Incoming Request" date="2025-07-02T07:02:30.543" instance="345353" url="/api/deployments/latest?deployer=OneDeploy&amp;time=2025-07-02_06-59-57Z" method="GET" type="request" pid="820,1,18" Host="emergency-backend-api-efg6gaawcjdmaggy.scm.japanwest-01.azurewebsites.net" User-Agent="GITHUBACTIONS_DeployWebAppToAzure_6afaea893f47a147fa5dac857d1041ffd4a8f022e29971635168cd4dcb90f2c0" Authorization="Bea..." Content-Type="application/json; charset=utf-8" Cookie="ARRAffinity=345353a6e2e5ca1cb44ba615462d7ac6ac166df501ae2807c92c9581cdccacea;Path=/;HttpOnly;Secure;Domain=emergency-backend-api-efg6gaawcjdmaggy.scm.japanwest-01.azurewebsites.net; ARRAffinitySameSite=345353a6e2e5ca1cb44ba615462d7ac6ac166df501ae2807c92c9581cdccacea;Path=/;HttpOnly;SameSite=None;Secure;Domain=emergency-backend-api-efg6gaawcjdmaggy.scm.japanwest-01.azurewebsites.net" Content-Length="0" X-ARR-LOG-ID="0f522f9b-c769-438e-8533-a6b832a9bb31" CLIENT-IP="20.230.67.101:1025" X-SITE-DEPLOYMENT-ID="emergency-backend-api" WAS-DEFAULT-HOSTNAME="emergency-backend-api-efg6gaawcjdmaggy.scm.japanwest-01.azurewebsites.net" X-Forwarded-Proto="https" X-AppService-Proto="https" X-Forwarded-TlsVersion="1.3" X-WAWS-Unencoded-URL="/api/deployments/latest?deployer=OneDeploy&amp;time=2025-07-02_06-59-57Z" X-Client-IP="20.230.67.101" X-Client-Port="1025" >
  <step title="Cleanup Xml Logs" date="2025-07-02T07:02:30.552" >
    <step title="Cleanup Infos" date="2025-07-02T07:02:30.562" totalFiles="251" totalCleanup="91" /><!-- duration: 1ms -->
  </step><!-- duration: 12ms -->
  <step title="DeploymentService.GetResult" date="2025-07-02T07:02:30.573" >
    <step title="DeploymentService.GetLatestDeployment" date="2025-07-02T07:02:30.574" >
      <step title="DeploymentManager.GetResults" date="2025-07-02T07:02:30.582" /><!-- duration: 504ms -->
    </step><!-- duration: 520ms -->
  </step><!-- duration: 522ms -->
  <step title="Outgoing response" date="2025-07-02T07:02:31.104" type="response" statusCode="202" statusText="Accepted" /><!-- duration: 1ms -->
</step><!-- duration: 562ms -->
