<step title="Incoming Request" date="2025-07-02T07:32:46.976" instance="345353" url="/api/deployments/latest?deployer=OneDeploy&amp;time=2025-07-02_07-32-27Z" method="GET" type="request" pid="820,1,35" Host="emergency-backend-api-efg6gaawcjdmaggy.scm.japanwest-01.azurewebsites.net" User-Agent="GITHUBACTIONS_DeployWebAppToAzure_6afaea893f47a147fa5dac857d1041ffd4a8f022e29971635168cd4dcb90f2c0" Authorization="Bea..." Content-Type="application/json; charset=utf-8" Cookie="ARRAffinity=345353a6e2e5ca1cb44ba615462d7ac6ac166df501ae2807c92c9581cdccacea;Path=/;HttpOnly;Secure;Domain=emergency-backend-api-efg6gaawcjdmaggy.scm.japanwest-01.azurewebsites.net; ARRAffinitySameSite=345353a6e2e5ca1cb44ba615462d7ac6ac166df501ae2807c92c9581cdccacea;Path=/;HttpOnly;SameSite=None;Secure;Domain=emergency-backend-api-efg6gaawcjdmaggy.scm.japanwest-01.azurewebsites.net" Content-Length="0" X-ARR-LOG-ID="0c5d9dbc-4d8d-4aec-bd34-f5910e39e737" CLIENT-IP="40.86.187.169:1985" X-SITE-DEPLOYMENT-ID="emergency-backend-api" WAS-DEFAULT-HOSTNAME="emergency-backend-api-efg6gaawcjdmaggy.scm.japanwest-01.azurewebsites.net" X-Forwarded-Proto="https" X-AppService-Proto="https" X-Forwarded-TlsVersion="1.3" X-WAWS-Unencoded-URL="/api/deployments/latest?deployer=OneDeploy&amp;time=2025-07-02_07-32-27Z" X-Client-IP="40.86.187.169" X-Client-Port="1985" >
  <step title="Cleanup Xml Logs" date="2025-07-02T07:32:46.977" >
    <step title="Cleanup Infos" date="2025-07-02T07:32:46.993" totalFiles="337" totalCleanup="177" /><!-- duration: 1ms -->
  </step><!-- duration: 19ms -->
  <step title="DeploymentService.GetResult" date="2025-07-02T07:32:47.005" >
    <step title="DeploymentService.GetLatestDeployment" date="2025-07-02T07:32:47.013" >
      <step title="DeploymentManager.GetResults" date="2025-07-02T07:32:47.014" /><!-- duration: 434ms -->
    </step><!-- duration: 452ms -->
  </step><!-- duration: 462ms -->
  <step title="Outgoing response" date="2025-07-02T07:32:47.468" type="response" statusCode="202" statusText="Accepted" /><!-- duration: 8ms -->
</step><!-- duration: 501ms -->
