<step title="BackgroundTrace" date="2025-11-08T07:43:15.237" instance="22b10c" url="/api/publish" method="POST" >
  <step title="Cleanup Xml Logs" date="2025-11-08T07:43:15.241" >
    <step title="Cleanup Infos" date="2025-11-08T07:43:15.253" totalFiles="222" totalCleanup="62" /><!-- duration: 6ms -->
  </step><!-- duration: 23ms -->
  <step title="Creating temporary deployment - FetchDeploymentManager" date="2025-11-08T07:43:15.340" /><!-- duration: 3ms -->
  <step title="Creating temporary deployment" date="2025-11-08T07:43:15.349" /><!-- duration: 90ms -->
  <step title="Performing fetch based deployment" date="2025-11-08T07:43:15.480" >
    <step title="Cleaning up temp folders from previous zip deployments and extracting pushed zip file /tmp/zipdeploy/32aab8ef-6f32-46e0-b892-907fa30284f9.zip (112.69 MB) to /tmp/zipdeploy/extracted" date="2025-11-08T07:43:16.888" >
      <step title="ChmodRecursive Process exited with total time taken in ms: 549" date="2025-11-08T07:43:32.372" /><!-- duration: 8ms -->
    </step><!-- duration: 15506ms -->
    <step title="Deployment timer started" date="2025-11-08T07:43:34.419" >
      <step title="DeploymentManager.Deploy(id:7f8b17af-f270-4208-8313-9bb0f8de6a69)" date="2025-11-08T07:43:34.427" >
        <step title="Collecting changeset information" date="2025-11-08T07:43:34.487" /><!-- duration: 126ms -->
        <step title="Updating submodules" date="2025-11-08T07:43:34.620" /><!-- duration: 1155ms -->
        <step title="Determining deployment builder" date="2025-11-08T07:43:36.009" >
          <step title="Builder is OneDeployBuilder" date="2025-11-08T07:43:36.032" /><!-- duration: 4ms -->
        </step><!-- duration: 33ms -->
        <step title="PreDeployment: context.CleanOutputPath False" date="2025-11-08T07:43:36.114" >
          <step title="PreDeployment: context.OutputPath /home/site/wwwroot" date="2025-11-08T07:43:36.256" >
            <step title="Building" date="2025-11-08T07:43:36.438" >
              <step title="Executing external process" date="2025-11-08T07:43:37.294" type="process" path="starter.sh" arguments="/opt/Kudu/Scripts/absoluteTar.sh /tmp/zipdeploy/extracted/node_modules /tmp/zipdeploy/extracted/node_modules.tar.gz" /><!-- duration: 33766ms -->
              <step title="Executing external process" date="2025-11-08T07:44:11.357" type="process" path="starter.sh" arguments="/opt/Kudu/Scripts/parallel_rsync.sh /tmp/zipdeploy/extracted /home/site/wwwroot 8 /tmp/ False False node_modules " /><!-- duration: 45825ms -->
              <step title="Modified file to trigger a restart of the app container." date="2025-11-08T07:44:58.126" /><!-- duration: 4ms -->
              <step title="Skip function trigger and logicapp sync because function is not enabled." date="2025-11-08T07:44:58.152" /><!-- duration: 11ms -->
              <step title="Purge deployment items" date="2025-11-08T07:44:59.296" >
                <step title="Remove c77f3685-, Success, received at 11/08/2025 02:52:22" date="2025-11-08T07:44:59.381" /><!-- duration: 4ms -->
              </step><!-- duration: 94ms -->
            </step><!-- duration: 83029ms -->
          </step><!-- duration: 83261ms -->
          <step title="Cleaning up temp files" date="2025-11-08T07:44:59.528" /><!-- duration: 7ms -->
          <step title="Cleaning up temp files" date="2025-11-08T07:44:59.547" /><!-- duration: 513ms -->
          <step title="Reloading status file with latest updates" date="2025-11-08T07:45:00.108" >
            <step title="WebHooksManager.PublishEventAsync: PostDeployment" date="2025-11-08T07:45:00.113" /><!-- duration: 54ms -->
          </step><!-- duration: 62ms -->
          <step title="Cleaning up temporary deployment - fetch deployment was successful" date="2025-11-08T07:45:00.176" /><!-- duration: 3ms -->
        </step><!-- duration: 84160ms -->
      </step><!-- duration: 85866ms -->
