<step title="Incoming Request" date="2025-06-29T05:32:52.865" instance="345353" url="/api/zipdeploy?isAsync=true&amp;deployer=GITHUB_ZIP_DEPLOY&amp;message=%7B%22type%22%3A%22deployment%22%2C%22sha%22%3A%22ddb9c06bea5dcf380f77e2312643d221a75b0bc5%22%2C%22repoName%22%3A%22Satoshi-Niina%2FEmergency-Assistance%22%2C%22actor%22%3A%22Satoshi-Niina%22%2C%22slotName%22%3A%22production%22%2C%22commitMessage%22%3A%22azure%E3%83%95%E3%83%AD%E3%83%B3%E3%83%88%2F%E3%83%90%E3%83%83%E3%82%AF%E3%82%A8%E3%83%B3%E3%83%89%E3%82%B5%E3%83%BC%E3%83%90%E3%83%BC%E3%83%87%E3%83%97%E3%83%AD%E3%82%A4%22%7D" method="POST" type="request" pid="820,1,28" Host="emergency-backend-api-efg6gaawcjdmaggy.scm.japanwest-01.azurewebsites.net" User-Agent="GITHUBACTIONS_DeployWebAppToAzure_6afaea893f47a147fa5dac857d1041ffd4a8f022e29971635168cd4dcb90f2c0" Authorization="Bas..." Content-Type="application/octet-stream" Cookie="ARRAffinity=345353a6e2e5ca1cb44ba615462d7ac6ac166df501ae2807c92c9581cdccacea;Path=/;HttpOnly;Secure;Domain=emergency-backend-api-efg6gaawcjdmaggy.scm.japanwest-01.azurewebsites.net; ARRAffinitySameSite=345353a6e2e5ca1cb44ba615462d7ac6ac166df501ae2807c92c9581cdccacea;Path=/;HttpOnly;SameSite=None;Secure;Domain=emergency-backend-api-efg6gaawcjdmaggy.scm.japanwest-01.azurewebsites.net" Transfer-Encoding="chunked" X-ARR-LOG-ID="85712734-e693-468f-8a48-2c808cb15641" CLIENT-IP="172.214.149.225:1024" X-SITE-DEPLOYMENT-ID="emergency-backend-api" WAS-DEFAULT-HOSTNAME="emergency-backend-api-efg6gaawcjdmaggy.scm.japanwest-01.azurewebsites.net" X-Forwarded-Proto="https" X-AppService-Proto="https" X-Forwarded-TlsVersion="1.3" X-WAWS-Unencoded-URL="/api/zipdeploy?isAsync=true&amp;deployer=GITHUB_ZIP_DEPLOY&amp;message=%7B%22type%22%3A%22deployment%22%2C%22sha%22%3A%22ddb9c06bea5dcf380f77e2312643d221a75b0bc5%22%2C%22repoName%22%3A%22Satoshi-Niina%2FEmergency-Assistance%22%2C%22actor%22%3A%22Satoshi-Niina%22%2C%22slotName%22%3A%22production%22%2C%22commitMessage%22%3A%22azure%E3%83%95%E3%83%AD%E3%83%B3%E3%83%88%2F%E3%83%90%E3%83%83%E3%82%AF%E3%82%A8%E3%83%B3%E3%83%89%E3%82%B5%E3%83%BC%E3%83%90%E3%83%BC%E3%83%87%E3%83%97%E3%83%AD%E3%82%A4%22%7D" X-Client-IP="172.214.149.225" X-Client-Port="1024" >
  <step title="ZipPushDeploy" date="2025-06-29T05:32:52.877" >
    <step title="ZipDeploy. Extract zip." date="2025-06-29T05:32:52.879" /><!-- duration: 1ms -->
    <step title="Starting PushDeployAsync" date="2025-06-29T05:32:52.882" /><!-- duration: 1ms -->
    <step title="Writing artifact to /tmp/zipdeploy/8ce5647a-5b3d-457a-9fd3-bb5c19824a13.zip" date="2025-06-29T05:32:52.889" >
      <step title="Writing multipart request body to /tmp/zipdeploy/8ce5647a-5b3d-457a-9fd3-bb5c19824a13.zip" date="2025-06-29T05:32:52.890" /><!-- duration: 6ms -->
    </step><!-- duration: 354ms -->
    <step title="Start deployment in the background" date="2025-06-29T05:32:53.251" >
      <step title="Acquiring Deployment Lock" date="2025-06-29T05:32:53.272" /><!-- duration: 8ms -->
      <step title="Acquired Deployment Lock" date="2025-06-29T05:32:53.292" /><!-- duration: 1ms -->
    </step><!-- duration: 86ms -->
  </step><!-- duration: 462ms -->
  <step title="Outgoing response" date="2025-06-29T05:32:53.340" type="response" statusCode="202" statusText="Accepted" /><!-- duration: 1ms -->
</step><!-- duration: 477ms -->
