<step title="BackgroundTrace" date="2025-06-27T12:19:56.363" instance="345353" url="/api/zipdeploy" method="POST" >
  <step title="Creating temporary deployment - FetchDeploymentManager" date="2025-06-27T12:19:56.400" /><!-- duration: 1ms -->
  <step title="Creating temporary deployment" date="2025-06-27T12:19:56.403" /><!-- duration: 46ms -->
  <step title="Performing fetch based deployment" date="2025-06-27T12:19:56.463" >
    <step title="Cleaning up temp folders from previous zip deployments and extracting pushed zip file /tmp/zipdeploy/e2bf1170-d675-407b-a6c2-a10a998ffd8e.zip (0.33 MB) to /tmp/zipdeploy/extracted" date="2025-06-27T12:19:57.597" >
      <step title="ChmodRecursive Process exited with total time taken in ms: 21" date="2025-06-27T12:19:57.770" /><!-- duration: 9ms -->
    </step><!-- duration: 182ms -->
    <step title="Deployment timer started" date="2025-06-27T12:19:59.795" >
      <step title="DeploymentManager.Deploy(id:db953855-63fb-4e8c-90df-e733f25ead74)" date="2025-06-27T12:19:59.804" >
        <step title="Collecting changeset information" date="2025-06-27T12:19:59.825" /><!-- duration: 162ms -->
        <step title="Updating submodules" date="2025-06-27T12:19:59.995" /><!-- duration: 1118ms -->
        <step title="Determining deployment builder" date="2025-06-27T12:20:01.247" >
          <step title="Builder is BasicBuilder" date="2025-06-27T12:20:01.250" /><!-- duration: 5ms -->
        </step><!-- duration: 8ms -->
        <step title="PreDeployment: context.CleanOutputPath False" date="2025-06-27T12:20:01.294" >
          <step title="PreDeployment: context.OutputPath /home/site/wwwroot" date="2025-06-27T12:20:01.393" >
            <step title="Building" date="2025-06-27T12:20:01.522" >
              <step title="Executing external process" date="2025-06-27T12:20:01.800" type="process" path="starter.sh" arguments="/opt/Kudu/Scripts/parallel_rsync.sh /tmp/zipdeploy/extracted /home/site/wwwroot 8 /tmp/ False True  " /><!-- duration: 5815ms -->
              <step title="Triggering recycle (preview mode disabled)." date="2025-06-27T12:20:07.834" /><!-- duration: 10ms -->
              <step title="Modified file to trigger a restart of the app container." date="2025-06-27T12:20:07.872" /><!-- duration: 1ms -->
              <step title="Skip function trigger and logicapp sync because function is not enabled." date="2025-06-27T12:20:07.881" /><!-- duration: 1ms -->
            </step><!-- duration: 6944ms -->
          </step><!-- duration: 7074ms -->
          <step title="Cleaning up temp files" date="2025-06-27T12:20:08.468" /><!-- duration: 5ms -->
          <step title="Cleaning up temp files" date="2025-06-27T12:20:08.474" /><!-- duration: 509ms -->
          <step title="Reloading status file with latest updates" date="2025-06-27T12:20:09.004" >
            <step title="WebHooksManager.PublishEventAsync: PostDeployment" date="2025-06-27T12:20:09.029" /><!-- duration: 20ms -->
          </step><!-- duration: 46ms -->
          <step title="Cleaning up temporary deployment - fetch deployment was successful" date="2025-06-27T12:20:09.069" /><!-- duration: 1ms -->
        </step><!-- duration: 7836ms -->
      </step><!-- duration: 9331ms -->
