<step title="Incoming Request" date="2025-11-08T08:29:31.697" instance="22b10c" url="/api/deployments/latest?deployer=OneDeploy&amp;time=2025-11-08_08-28-04Z" method="GET" type="request" pid="833,1,18" Host="emergency-assistance-bfckhjejb3fbf9du.scm.japanwest-01.azurewebsites.net" User-Agent="GITHUBACTIONS_DeployWebAppToAzure_6afaea893f47a147fa5dac857d1041ffd4a8f022e29971635168cd4dcb90f2c0" Authorization="Bas..." Content-Type="application/json; charset=utf-8" Cookie="ARRAffinity=22b10c938bfb8149b35fcbcb38624f0710e5df8fb4c8f5ac3083a96e2b0cc607;Path=/;HttpOnly;Secure;Domain=emergency-assistance-bfckhjejb3fbf9du.scm.japanwest-01.azurewebsites.net; ARRAffinitySameSite=22b10c938bfb8149b35fcbcb38624f0710e5df8fb4c8f5ac3083a96e2b0cc607;Path=/;HttpOnly;SameSite=None;Secure;Domain=emergency-assistance-bfckhjejb3fbf9du.scm.japanwest-01.azurewebsites.net" Content-Length="0" X-ARR-LOG-ID="8b98642b-5e3b-48ae-a1a6-f990aca72d03" CLIENT-IP="64.236.140.177:18440" X-SITE-DEPLOYMENT-ID="Emergency-Assistance" WAS-DEFAULT-HOSTNAME="emergency-assistance-bfckhjejb3fbf9du.scm.japanwest-01.azurewebsites.net" X-Forwarded-Proto="https" X-AppService-Proto="https" X-Forwarded-TlsVersion="1.3" X-WAWS-Unencoded-URL="/api/deployments/latest?deployer=OneDeploy&amp;time=2025-11-08_08-28-04Z" X-Client-IP="64.236.140.177" X-Client-Port="18440" >
  <step title="Cleanup Xml Logs" date="2025-11-08T08:29:31.705" >
    <step title="Cleanup Infos" date="2025-11-08T08:29:31.783" totalFiles="288" totalCleanup="128" /><!-- duration: 22ms -->
  </step><!-- duration: 132ms -->
  <step title="DeploymentService.GetResult" date="2025-11-08T08:29:31.856" >
    <step title="DeploymentService.GetLatestDeployment" date="2025-11-08T08:29:31.864" >
      <step title="DeploymentManager.GetResults" date="2025-11-08T08:29:31.870" /><!-- duration: 1195ms -->
    </step><!-- duration: 1217ms -->
  </step><!-- duration: 1256ms -->
  <step title="Outgoing response" date="2025-11-08T08:29:33.141" type="response" statusCode="202" statusText="Accepted" /><!-- duration: 12ms -->
</step><!-- duration: 1472ms -->
