<step title="Incoming Request" date="2025-11-08T10:26:31.164" instance="22b10c" url="/api/deployments/latest?deployer=OneDeploy&amp;time=2025-11-08_10-24-55Z" method="GET" type="request" pid="833,1,5" Host="emergency-assistance-bfckhjejb3fbf9du.scm.japanwest-01.azurewebsites.net" User-Agent="GITHUBACTIONS_DeployWebAppToAzure_6afaea893f47a147fa5dac857d1041ffd4a8f022e29971635168cd4dcb90f2c0" Authorization="Bas..." Content-Type="application/json; charset=utf-8" Cookie="ARRAffinity=22b10c938bfb8149b35fcbcb38624f0710e5df8fb4c8f5ac3083a96e2b0cc607;Path=/;HttpOnly;Secure;Domain=emergency-assistance-bfckhjejb3fbf9du.scm.japanwest-01.azurewebsites.net; ARRAffinitySameSite=22b10c938bfb8149b35fcbcb38624f0710e5df8fb4c8f5ac3083a96e2b0cc607;Path=/;HttpOnly;SameSite=None;Secure;Domain=emergency-assistance-bfckhjejb3fbf9du.scm.japanwest-01.azurewebsites.net" Content-Length="0" X-ARR-LOG-ID="b9454b43-00b6-4a46-93ea-cc9f7e5fb17a" CLIENT-IP="132.196.19.19:45082" X-SITE-DEPLOYMENT-ID="Emergency-Assistance" WAS-DEFAULT-HOSTNAME="emergency-assistance-bfckhjejb3fbf9du.scm.japanwest-01.azurewebsites.net" X-Forwarded-Proto="https" X-AppService-Proto="https" X-Forwarded-TlsVersion="1.3" X-WAWS-Unencoded-URL="/api/deployments/latest?deployer=OneDeploy&amp;time=2025-11-08_10-24-55Z" X-Client-IP="132.196.19.19" X-Client-Port="45082" >
  <step title="Cleanup Xml Logs" date="2025-11-08T10:26:31.170" >
    <step title="Cleanup Infos" date="2025-11-08T10:26:31.205" totalFiles="370" totalCleanup="210" /><!-- duration: 18ms -->
  </step><!-- duration: 80ms -->
  <step title="DeploymentService.GetResult" date="2025-11-08T10:26:31.294" >
    <step title="DeploymentService.GetLatestDeployment" date="2025-11-08T10:26:31.304" >
      <step title="DeploymentManager.GetResults" date="2025-11-08T10:26:31.325" /><!-- duration: 919ms -->
    </step><!-- duration: 971ms -->
  </step><!-- duration: 995ms -->
  <step title="Outgoing response" date="2025-11-08T10:26:32.305" type="response" statusCode="202" statusText="Accepted" /><!-- duration: 27ms -->
</step><!-- duration: 1189ms -->
