<step title="BackgroundTrace" date="2025-11-08T07:06:04.196" instance="22b10c" url="/api/publish" method="POST" >
  <step title="Cleanup Xml Logs" date="2025-11-08T07:06:04.215" >
    <step title="Cleanup Infos" date="2025-11-08T07:06:04.255" totalFiles="207" totalCleanup="47" /><!-- duration: 29ms -->
  </step><!-- duration: 79ms -->
  <step title="Creating temporary deployment - FetchDeploymentManager" date="2025-11-08T07:06:04.402" /><!-- duration: 4ms -->
  <step title="Creating temporary deployment" date="2025-11-08T07:06:04.409" /><!-- duration: 74ms -->
  <step title="Performing fetch based deployment" date="2025-11-08T07:06:04.517" >
    <step title="Cleaning up temp folders from previous zip deployments and extracting pushed zip file /tmp/zipdeploy/4cead678-db63-420a-a22b-e4772b205175.zip (45.43 MB) to /tmp/zipdeploy/extracted" date="2025-11-08T07:06:06.018" >
      <step title="ChmodRecursive Process exited with total time taken in ms: 298" date="2025-11-08T07:06:10.154" /><!-- duration: 11ms -->
    </step><!-- duration: 4159ms -->
    <step title="Deployment timer started" date="2025-11-08T07:06:12.209" >
      <step title="DeploymentManager.Deploy(id:5a5e1698-20fe-479d-b8c3-c5d0b67ec8d7)" date="2025-11-08T07:06:12.238" >
        <step title="Collecting changeset information" date="2025-11-08T07:06:12.298" /><!-- duration: 180ms -->
        <step title="Updating submodules" date="2025-11-08T07:06:12.488" /><!-- duration: 1204ms -->
        <step title="Determining deployment builder" date="2025-11-08T07:06:14.023" >
          <step title="Builder is OneDeployBuilder" date="2025-11-08T07:06:14.083" /><!-- duration: 17ms -->
        </step><!-- duration: 88ms -->
        <step title="PreDeployment: context.CleanOutputPath False" date="2025-11-08T07:06:15.031" >
          <step title="PreDeployment: context.OutputPath /home/site/wwwroot" date="2025-11-08T07:06:15.168" >
            <step title="Building" date="2025-11-08T07:06:15.311" >
              <step title="Executing external process" date="2025-11-08T07:06:16.288" type="process" path="starter.sh" arguments="/opt/Kudu/Scripts/absoluteTar.sh /tmp/zipdeploy/extracted/node_modules /tmp/zipdeploy/extracted/node_modules.tar.gz" /><!-- duration: 3395ms -->
              <step title="Executing external process" date="2025-11-08T07:06:20.421" type="process" path="starter.sh" arguments="/opt/Kudu/Scripts/parallel_rsync.sh /tmp/zipdeploy/extracted /home/site/wwwroot 8 /tmp/ False False node_modules " /><!-- duration: 54609ms -->
              <step title="Modified file to trigger a restart of the app container." date="2025-11-08T07:07:18.681" /><!-- duration: 20ms -->
              <step title="Skip function trigger and logicapp sync because function is not enabled." date="2025-11-08T07:07:18.792" /><!-- duration: 21ms -->
              <step title="Purge deployment items" date="2025-11-08T07:07:21.125" >
                <step title="Remove 50a15f5d-, Success, received at 11/08/2025 02:42:04" date="2025-11-08T07:07:21.363" /><!-- duration: 10ms -->
              </step><!-- duration: 310ms -->
            </step><!-- duration: 66341ms -->
          </step><!-- duration: 66535ms -->
          <step title="Cleaning up temp files" date="2025-11-08T07:07:21.714" /><!-- duration: 39ms -->
          <step title="Cleaning up temp files" date="2025-11-08T07:07:21.774" /><!-- duration: 590ms -->
          <step title="Reloading status file with latest updates" date="2025-11-08T07:07:22.452" >
            <step title="WebHooksManager.PublishEventAsync: PostDeployment" date="2025-11-08T07:07:22.474" /><!-- duration: 849ms -->
          </step><!-- duration: 902ms -->
          <step title="Cleaning up temporary deployment - fetch deployment was successful" date="2025-11-08T07:07:23.466" /><!-- duration: 40ms -->
        </step><!-- duration: 68904ms -->
      </step><!-- duration: 71775ms -->
