<step title="Incoming Request" date="2025-11-08T10:30:05.512" instance="22b10c" url="/api/deployments/latest?deployer=OneDeploy&amp;time=2025-11-08_10-29-16Z" method="GET" type="request" pid="833,1,21" Host="emergency-assistance-bfckhjejb3fbf9du.scm.japanwest-01.azurewebsites.net" User-Agent="GITHUBACTIONS_DeployWebAppToAzure_6afaea893f47a147fa5dac857d1041ffd4a8f022e29971635168cd4dcb90f2c0" Authorization="Bas..." Content-Type="application/json; charset=utf-8" Cookie="ARRAffinity=22b10c938bfb8149b35fcbcb38624f0710e5df8fb4c8f5ac3083a96e2b0cc607;Path=/;HttpOnly;Secure;Domain=emergency-assistance-bfckhjejb3fbf9du.scm.japanwest-01.azurewebsites.net; ARRAffinitySameSite=22b10c938bfb8149b35fcbcb38624f0710e5df8fb4c8f5ac3083a96e2b0cc607;Path=/;HttpOnly;SameSite=None;Secure;Domain=emergency-assistance-bfckhjejb3fbf9du.scm.japanwest-01.azurewebsites.net" Content-Length="0" X-ARR-LOG-ID="84921ee2-d694-444d-8d0d-7f6ae8f498e4" CLIENT-IP="172.184.210.34:33808" X-SITE-DEPLOYMENT-ID="Emergency-Assistance" WAS-DEFAULT-HOSTNAME="emergency-assistance-bfckhjejb3fbf9du.scm.japanwest-01.azurewebsites.net" X-Forwarded-Proto="https" X-AppService-Proto="https" X-Forwarded-TlsVersion="1.3" X-WAWS-Unencoded-URL="/api/deployments/latest?deployer=OneDeploy&amp;time=2025-11-08_10-29-16Z" X-Client-IP="172.184.210.34" X-Client-Port="33808" >
  <step title="Cleanup Xml Logs" date="2025-11-08T10:30:05.522" >
    <step title="Cleanup Infos" date="2025-11-08T10:30:05.589" totalFiles="389" totalCleanup="229" /><!-- duration: 21ms -->
  </step><!-- duration: 188ms -->
  <step title="DeploymentService.GetResult" date="2025-11-08T10:30:05.772" >
    <step title="DeploymentService.GetLatestDeployment" date="2025-11-08T10:30:05.790" >
      <step title="DeploymentManager.GetResults" date="2025-11-08T10:30:05.822" /><!-- duration: 1689ms -->
    </step><!-- duration: 1749ms -->
  </step><!-- duration: 1846ms -->
  <step title="Outgoing response" date="2025-11-08T10:30:07.659" type="response" statusCode="202" statusText="Accepted" /><!-- duration: 19ms -->
</step><!-- duration: 2179ms -->
