<step title="Incoming Request" date="2025-11-08T05:57:53.532" instance="22b10c" url="/api/publish?async=true&amp;deployer=GITHUB_ONE_DEPLOY&amp;type=zip&amp;message=%7B%22type%22%3A%22deployment%22%2C%22sha%22%3A%2296464f00295e40560d14a062b93eb9bbdba2eb95%22%2C%22repoName%22%3A%22Satoshi-Niina%2FEmergency-Assistance%22%2C%22actor%22%3A%22Satoshi-Niina%22%2C%22slotName%22%3A%22production%22%2C%22commitMessage%22%3A%22%20Server%20independence%3A%20Initialize%20server%20as%20standalone%20project%22%7D" method="POST" type="request" pid="831,1,24" Host="emergency-assistance-bfckhjejb3fbf9du.scm.japanwest-01.azurewebsites.net" User-Agent="GITHUBACTIONS_DeployWebAppToAzure_6afaea893f47a147fa5dac857d1041ffd4a8f022e29971635168cd4dcb90f2c0" Authorization="Bas..." Content-Type="application/octet-stream" Cookie="ARRAffinity=22b10c938bfb8149b35fcbcb38624f0710e5df8fb4c8f5ac3083a96e2b0cc607;Path=/;HttpOnly;Secure;Domain=emergency-assistance-bfckhjejb3fbf9du.scm.japanwest-01.azurewebsites.net; ARRAffinitySameSite=22b10c938bfb8149b35fcbcb38624f0710e5df8fb4c8f5ac3083a96e2b0cc607;Path=/;HttpOnly;SameSite=None;Secure;Domain=emergency-assistance-bfckhjejb3fbf9du.scm.japanwest-01.azurewebsites.net" Transfer-Encoding="chunked" X-ARR-LOG-ID="2f598f33-ec62-44a9-bb84-273603066246" CLIENT-IP="135.232.201.240:62464" X-SITE-DEPLOYMENT-ID="Emergency-Assistance" WAS-DEFAULT-HOSTNAME="emergency-assistance-bfckhjejb3fbf9du.scm.japanwest-01.azurewebsites.net" X-Forwarded-Proto="https" X-AppService-Proto="https" X-Forwarded-TlsVersion="1.3" X-WAWS-Unencoded-URL="/api/publish?async=true&amp;deployer=GITHUB_ONE_DEPLOY&amp;type=zip&amp;message=%7B%22type%22%3A%22deployment%22%2C%22sha%22%3A%2296464f00295e40560d14a062b93eb9bbdba2eb95%22%2C%22repoName%22%3A%22Satoshi-Niina%2FEmergency-Assistance%22%2C%22actor%22%3A%22Satoshi-Niina%22%2C%22slotName%22%3A%22production%22%2C%22commitMessage%22%3A%22%20Server%20independence%3A%20Initialize%20server%20as%20standalone%20project%22%7D" X-Client-IP="135.232.201.240" X-Client-Port="62464" >
  <step title="Cleanup Xml Logs" date="2025-11-08T05:57:53.536" /><!-- duration: 14ms -->
  <step title="OneDeploy" date="2025-11-08T05:57:53.631" >
    <step title="Starting PushDeployAsync" date="2025-11-08T05:57:53.653" /><!-- duration: 4ms -->
    <step title="Removing node_modules symlink" date="2025-11-08T05:57:53.685" >
      <step title="Removing _del_node_modules symlink" date="2025-11-08T05:57:53.779" >
        <step title="Writing artifact to /tmp/zipdeploy/b2c9654f-188e-4c23-9268-a400d3cf3b1c.zip" date="2025-11-08T05:57:53.833" >
          <step title="Writing multipart request body to /tmp/zipdeploy/b2c9654f-188e-4c23-9268-a400d3cf3b1c.zip" date="2025-11-08T05:57:53.840" /><!-- duration: 12ms -->
        </step><!-- duration: 2579ms -->
        <step title="Start deployment in the background" date="2025-11-08T05:57:56.441" >
          <step title="Acquiring Deployment Lock" date="2025-11-08T05:57:56.471" /><!-- duration: 3ms -->
          <step title="Acquired Deployment Lock" date="2025-11-08T05:57:56.507" /><!-- duration: 4ms -->
        </step><!-- duration: 175ms -->
      </step><!-- duration: 2846ms -->
      <step title="Outgoing response" date="2025-11-08T05:57:56.631" type="response" statusCode="202" statusText="Accepted" /><!-- duration: 4ms -->
    </step><!-- duration: 2955ms -->
