<step title="Incoming Request" date="2025-11-08T08:28:18.393" instance="22b10c" url="/api/deployments/latest?deployer=OneDeploy&amp;time=2025-11-08_08-28-04Z" method="GET" type="request" pid="833,1,15" Host="emergency-assistance-bfckhjejb3fbf9du.scm.japanwest-01.azurewebsites.net" User-Agent="GITHUBACTIONS_DeployWebAppToAzure_6afaea893f47a147fa5dac857d1041ffd4a8f022e29971635168cd4dcb90f2c0" Authorization="Bas..." Content-Type="application/json; charset=utf-8" Cookie="ARRAffinity=22b10c938bfb8149b35fcbcb38624f0710e5df8fb4c8f5ac3083a96e2b0cc607;Path=/;HttpOnly;Secure;Domain=emergency-assistance-bfckhjejb3fbf9du.scm.japanwest-01.azurewebsites.net; ARRAffinitySameSite=22b10c938bfb8149b35fcbcb38624f0710e5df8fb4c8f5ac3083a96e2b0cc607;Path=/;HttpOnly;SameSite=None;Secure;Domain=emergency-assistance-bfckhjejb3fbf9du.scm.japanwest-01.azurewebsites.net" Content-Length="0" X-ARR-LOG-ID="47bb8d7f-02d2-45e8-b8c4-6438df66effc" CLIENT-IP="64.236.140.177:18440" X-SITE-DEPLOYMENT-ID="Emergency-Assistance" WAS-DEFAULT-HOSTNAME="emergency-assistance-bfckhjejb3fbf9du.scm.japanwest-01.azurewebsites.net" X-Forwarded-Proto="https" X-AppService-Proto="https" X-Forwarded-TlsVersion="1.3" X-WAWS-Unencoded-URL="/api/deployments/latest?deployer=OneDeploy&amp;time=2025-11-08_08-28-04Z" X-Client-IP="64.236.140.177" X-Client-Port="18440" >
  <step title="Cleanup Xml Logs" date="2025-11-08T08:28:18.396" >
    <step title="Cleanup Infos" date="2025-11-08T08:28:18.421" totalFiles="271" totalCleanup="111" /><!-- duration: 61ms -->
  </step><!-- duration: 103ms -->
  <step title="DeploymentService.GetResult" date="2025-11-08T08:28:18.582" >
    <step title="DeploymentService.GetLatestDeployment" date="2025-11-08T08:28:18.601" >
      <step title="DeploymentManager.GetResults" date="2025-11-08T08:28:18.611" /><!-- duration: 1150ms -->
    </step><!-- duration: 1189ms -->
  </step><!-- duration: 1219ms -->
  <step title="Outgoing response" date="2025-11-08T08:28:19.830" type="response" statusCode="202" statusText="Accepted" /><!-- duration: 19ms -->
</step><!-- duration: 1467ms -->
