<step title="Incoming Request" date="2025-11-08T08:33:04.867" instance="22b10c" url="/api/deployments/latest?deployer=OneDeploy&amp;time=2025-11-08_08-30-33Z" method="GET" type="request" pid="833,1,20" Host="emergency-assistance-bfckhjejb3fbf9du.scm.japanwest-01.azurewebsites.net" User-Agent="GITHUBACTIONS_DeployWebAppToAzure_6afaea893f47a147fa5dac857d1041ffd4a8f022e29971635168cd4dcb90f2c0" Authorization="Bas..." Content-Type="application/json; charset=utf-8" Cookie="ARRAffinity=22b10c938bfb8149b35fcbcb38624f0710e5df8fb4c8f5ac3083a96e2b0cc607;Path=/;HttpOnly;Secure;Domain=emergency-assistance-bfckhjejb3fbf9du.scm.japanwest-01.azurewebsites.net; ARRAffinitySameSite=22b10c938bfb8149b35fcbcb38624f0710e5df8fb4c8f5ac3083a96e2b0cc607;Path=/;HttpOnly;SameSite=None;Secure;Domain=emergency-assistance-bfckhjejb3fbf9du.scm.japanwest-01.azurewebsites.net" Content-Length="0" X-ARR-LOG-ID="0649c171-e646-4780-a299-89aa5c04ad60" CLIENT-IP="20.55.214.64:7168" X-SITE-DEPLOYMENT-ID="Emergency-Assistance" WAS-DEFAULT-HOSTNAME="emergency-assistance-bfckhjejb3fbf9du.scm.japanwest-01.azurewebsites.net" X-Forwarded-Proto="https" X-AppService-Proto="https" X-Forwarded-TlsVersion="1.3" X-WAWS-Unencoded-URL="/api/deployments/latest?deployer=OneDeploy&amp;time=2025-11-08_08-30-33Z" X-Client-IP="20.55.214.64" X-Client-Port="7168" >
  <step title="Cleanup Xml Logs" date="2025-11-08T08:33:04.888" >
    <step title="Cleanup Infos" date="2025-11-08T08:33:04.920" totalFiles="318" totalCleanup="158" /><!-- duration: 12ms -->
  </step><!-- duration: 58ms -->
  <step title="DeploymentService.GetResult" date="2025-11-08T08:33:04.973" >
    <step title="DeploymentService.GetLatestDeployment" date="2025-11-08T08:33:04.981" >
      <step title="DeploymentManager.GetResults" date="2025-11-08T08:33:04.991" /><!-- duration: 953ms -->
    </step><!-- duration: 985ms -->
  </step><!-- duration: 1000ms -->
  <step title="Outgoing response" date="2025-11-08T08:33:06.015" type="response" statusCode="202" statusText="Accepted" /><!-- duration: 29ms -->
</step><!-- duration: 1199ms -->
