<step title="Incoming Request" date="2025-06-27T06:19:19.562" instance="345353" url="/api/zipdeploy?isAsync=true&amp;deployer=GITHUB_ZIP_DEPLOY&amp;message=%7B%22type%22%3A%22deployment%22%2C%22sha%22%3A%22a6a4c7b5b9497d0e6baa8e6d8b9230db41bc4e9c%22%2C%22repoName%22%3A%22Satoshi-Niina%2FEmergency-Assistance%22%2C%22actor%22%3A%22Satoshi-Niina%22%2C%22slotName%22%3A%22production%22%2C%22commitMessage%22%3A%22Merge%20branch%20%27feature%2Fver2.10%27%20with%20origin%2Ffeature%2Fver2.10%20and%20resolve%20conflicts%20in%20server%2Fapp.js%22%7D" method="POST" type="request" pid="821,1,35" Host="emergency-backend-api-efg6gaawcjdmaggy.scm.japanwest-01.azurewebsites.net" User-Agent="GITHUBACTIONS_DeployWebAppToAzure_6afaea893f47a147fa5dac857d1041ffd4a8f022e29971635168cd4dcb90f2c0" Authorization="Bas..." Content-Type="application/octet-stream" Cookie="ARRAffinity=345353a6e2e5ca1cb44ba615462d7ac6ac166df501ae2807c92c9581cdccacea;Path=/;HttpOnly;Secure;Domain=emergency-backend-api-efg6gaawcjdmaggy.scm.japanwest-01.azurewebsites.net; ARRAffinitySameSite=345353a6e2e5ca1cb44ba615462d7ac6ac166df501ae2807c92c9581cdccacea;Path=/;HttpOnly;SameSite=None;Secure;Domain=emergency-backend-api-efg6gaawcjdmaggy.scm.japanwest-01.azurewebsites.net" Transfer-Encoding="chunked" X-ARR-LOG-ID="2d8df7d4-e805-46cb-ae0b-480ade3aa27d" CLIENT-IP="4.157.247.31:15232" X-SITE-DEPLOYMENT-ID="emergency-backend-api" WAS-DEFAULT-HOSTNAME="emergency-backend-api-efg6gaawcjdmaggy.scm.japanwest-01.azurewebsites.net" X-Forwarded-Proto="https" X-AppService-Proto="https" X-Forwarded-TlsVersion="1.3" X-WAWS-Unencoded-URL="/api/zipdeploy?isAsync=true&amp;deployer=GITHUB_ZIP_DEPLOY&amp;message=%7B%22type%22%3A%22deployment%22%2C%22sha%22%3A%22a6a4c7b5b9497d0e6baa8e6d8b9230db41bc4e9c%22%2C%22repoName%22%3A%22Satoshi-Niina%2FEmergency-Assistance%22%2C%22actor%22%3A%22Satoshi-Niina%22%2C%22slotName%22%3A%22production%22%2C%22commitMessage%22%3A%22Merge%20branch%20%27feature%2Fver2.10%27%20with%20origin%2Ffeature%2Fver2.10%20and%20resolve%20conflicts%20in%20server%2Fapp.js%22%7D" X-Client-IP="4.157.247.31" X-Client-Port="15232" >
  <step title="ZipPushDeploy" date="2025-06-27T06:19:19.627" >
    <step title="ZipDeploy. Extract zip." date="2025-06-27T06:19:19.632" /><!-- duration: 5ms -->
    <step title="None repository commit" date="2025-06-27T06:19:19.662" >
      <step title="Commit id: 8f3d83cf-f4c9-4ea2-ba93-bb28125db610" date="2025-06-27T06:19:19.663" Message="N/A" AuthorName="N/A" AuthorEmail="N/A" /><!-- duration: 1ms -->
    </step><!-- duration: 3ms -->
    <step title="Starting PushDeployAsync" date="2025-06-27T06:19:19.666" /><!-- duration: 1ms -->
    <step title="Writing artifact to /tmp/zipdeploy/4a09a98c-b37a-4f38-81ba-5434ae71a699.zip" date="2025-06-27T06:19:19.688" >
      <step title="Writing multipart request body to /tmp/zipdeploy/4a09a98c-b37a-4f38-81ba-5434ae71a699.zip" date="2025-06-27T06:19:19.707" /><!-- duration: 2ms -->
    </step><!-- duration: 373ms -->
    <step title="Start deployment in the background" date="2025-06-27T06:19:20.066" >
      <step title="Acquiring Deployment Lock" date="2025-06-27T06:19:20.104" /><!-- duration: 1ms -->
      <step title="Acquired Deployment Lock" date="2025-06-27T06:19:20.130" /><!-- duration: 1ms -->
    </step><!-- duration: 133ms -->
  </step><!-- duration: 577ms -->
  <step title="Outgoing response" date="2025-06-27T06:19:20.214" type="response" statusCode="202" statusText="Accepted" /><!-- duration: 1ms -->
</step><!-- duration: 655ms -->
