<step title="Incoming Request" date="2025-07-02T07:11:25.745" instance="345353" url="/api/deployments/latest?deployer=OneDeploy&amp;time=2025-07-02_07-08-58Z" method="GET" type="request" pid="820,1,17" Host="emergency-backend-api-efg6gaawcjdmaggy.scm.japanwest-01.azurewebsites.net" User-Agent="GITHUBACTIONS_DeployWebAppToAzure_6afaea893f47a147fa5dac857d1041ffd4a8f022e29971635168cd4dcb90f2c0" Authorization="Bea..." Content-Type="application/json; charset=utf-8" Cookie="ARRAffinity=345353a6e2e5ca1cb44ba615462d7ac6ac166df501ae2807c92c9581cdccacea;Path=/;HttpOnly;Secure;Domain=emergency-backend-api-efg6gaawcjdmaggy.scm.japanwest-01.azurewebsites.net; ARRAffinitySameSite=345353a6e2e5ca1cb44ba615462d7ac6ac166df501ae2807c92c9581cdccacea;Path=/;HttpOnly;SameSite=None;Secure;Domain=emergency-backend-api-efg6gaawcjdmaggy.scm.japanwest-01.azurewebsites.net" Content-Length="0" X-ARR-LOG-ID="7ec62246-8201-4aaa-908a-51861ce77f4b" CLIENT-IP="40.122.116.134:1025" X-SITE-DEPLOYMENT-ID="emergency-backend-api" WAS-DEFAULT-HOSTNAME="emergency-backend-api-efg6gaawcjdmaggy.scm.japanwest-01.azurewebsites.net" X-Forwarded-Proto="https" X-AppService-Proto="https" X-Forwarded-TlsVersion="1.3" X-WAWS-Unencoded-URL="/api/deployments/latest?deployer=OneDeploy&amp;time=2025-07-02_07-08-58Z" X-Client-IP="40.122.116.134" X-Client-Port="1025" >
  <step title="Cleanup Xml Logs" date="2025-07-02T07:11:25.764" >
    <step title="Cleanup Infos" date="2025-07-02T07:11:25.783" totalFiles="289" totalCleanup="129" /><!-- duration: 1ms -->
  </step><!-- duration: 38ms -->
  <step title="DeploymentService.GetResult" date="2025-07-02T07:11:25.821" >
    <step title="DeploymentService.GetLatestDeployment" date="2025-07-02T07:11:25.822" >
      <step title="DeploymentManager.GetResults" date="2025-07-02T07:11:25.824" /><!-- duration: 424ms -->
    </step><!-- duration: 426ms -->
  </step><!-- duration: 437ms -->
  <step title="Outgoing response" date="2025-07-02T07:11:26.259" type="response" statusCode="202" statusText="Accepted" /><!-- duration: 1ms -->
</step><!-- duration: 523ms -->
