<step title="Incoming Request" date="2025-07-02T07:01:50.735" instance="345353" url="/api/deployments/latest?deployer=OneDeploy&amp;time=2025-07-02_06-59-57Z" method="GET" type="request" pid="820,1,18" Host="emergency-backend-api-efg6gaawcjdmaggy.scm.japanwest-01.azurewebsites.net" User-Agent="GITHUBACTIONS_DeployWebAppToAzure_6afaea893f47a147fa5dac857d1041ffd4a8f022e29971635168cd4dcb90f2c0" Authorization="Bea..." Content-Type="application/json; charset=utf-8" Cookie="ARRAffinity=345353a6e2e5ca1cb44ba615462d7ac6ac166df501ae2807c92c9581cdccacea;Path=/;HttpOnly;Secure;Domain=emergency-backend-api-efg6gaawcjdmaggy.scm.japanwest-01.azurewebsites.net; ARRAffinitySameSite=345353a6e2e5ca1cb44ba615462d7ac6ac166df501ae2807c92c9581cdccacea;Path=/;HttpOnly;SameSite=None;Secure;Domain=emergency-backend-api-efg6gaawcjdmaggy.scm.japanwest-01.azurewebsites.net" Content-Length="0" X-ARR-LOG-ID="e96a50f0-e5e8-4e6c-94ce-fa035f397761" CLIENT-IP="20.230.67.101:1025" X-SITE-DEPLOYMENT-ID="emergency-backend-api" WAS-DEFAULT-HOSTNAME="emergency-backend-api-efg6gaawcjdmaggy.scm.japanwest-01.azurewebsites.net" X-Forwarded-Proto="https" X-AppService-Proto="https" X-Forwarded-TlsVersion="1.3" X-WAWS-Unencoded-URL="/api/deployments/latest?deployer=OneDeploy&amp;time=2025-07-02_06-59-57Z" X-Client-IP="20.230.67.101" X-Client-Port="1025" >
  <step title="Cleanup Xml Logs" date="2025-07-02T07:01:50.737" >
    <step title="Cleanup Infos" date="2025-07-02T07:01:50.746" totalFiles="245" totalCleanup="85" /><!-- duration: 1ms -->
  </step><!-- duration: 18ms -->
  <step title="DeploymentService.GetResult" date="2025-07-02T07:01:50.758" >
    <step title="DeploymentService.GetLatestDeployment" date="2025-07-02T07:01:50.765" >
      <step title="DeploymentManager.GetResults" date="2025-07-02T07:01:50.766" /><!-- duration: 517ms -->
    </step><!-- duration: 527ms -->
  </step><!-- duration: 542ms -->
  <step title="Outgoing response" date="2025-07-02T07:01:51.302" type="response" statusCode="202" statusText="Accepted" /><!-- duration: 8ms -->
</step><!-- duration: 576ms -->
