<step title="BackgroundTrace" date="2025-11-08T03:47:56.288" instance="22b10c" url="/api/publish" method="POST" >
  <step title="Cleanup Xml Logs" date="2025-11-08T03:47:56.294" /><!-- duration: 9ms -->
  <step title="Creating temporary deployment - FetchDeploymentManager" date="2025-11-08T03:47:56.404" /><!-- duration: 4ms -->
  <step title="Creating temporary deployment" date="2025-11-08T03:47:56.412" /><!-- duration: 86ms -->
  <step title="Performing fetch based deployment" date="2025-11-08T03:47:56.524" >
    <step title="Cleaning up temp folders from previous zip deployments and extracting pushed zip file /tmp/zipdeploy/058d7c70-a8ba-429a-9707-4e6f7b07141f.zip (41.96 MB) to /tmp/zipdeploy/extracted" date="2025-11-08T03:47:57.756" >
      <step title="ChmodRecursive Process exited with total time taken in ms: 111" date="2025-11-08T03:47:59.912" /><!-- duration: 18ms -->
    </step><!-- duration: 2186ms -->
    <step title="Deployment timer started" date="2025-11-08T03:48:01.972" >
      <step title="DeploymentManager.Deploy(id:b4b42731-d64a-43f3-9b98-3455dd890ad5)" date="2025-11-08T03:48:02.002" >
        <step title="Collecting changeset information" date="2025-11-08T03:48:02.053" /><!-- duration: 249ms -->
        <step title="Updating submodules" date="2025-11-08T03:48:02.323" /><!-- duration: 1213ms -->
        <step title="Determining deployment builder" date="2025-11-08T03:48:03.806" >
          <step title="Builder is OneDeployBuilder" date="2025-11-08T03:48:03.838" /><!-- duration: 26ms -->
        </step><!-- duration: 63ms -->
        <step title="PreDeployment: context.CleanOutputPath False" date="2025-11-08T03:48:03.912" >
          <step title="PreDeployment: context.OutputPath /home/site/wwwroot" date="2025-11-08T03:48:04.054" >
            <step title="Building" date="2025-11-08T03:48:04.199" >
              <step title="Executing external process" date="2025-11-08T03:48:05.175" type="process" path="starter.sh" arguments="/opt/Kudu/Scripts/absoluteTar.sh /tmp/zipdeploy/extracted/node_modules /tmp/zipdeploy/extracted/node_modules.tar.gz" /><!-- duration: 1732ms -->
              <step title="Executing external process" date="2025-11-08T03:48:07.188" type="process" path="starter.sh" arguments="/opt/Kudu/Scripts/parallel_rsync.sh /tmp/zipdeploy/extracted /home/site/wwwroot 8 /tmp/ False False node_modules " /><!-- duration: 10227ms -->
              <step title="Modified file to trigger a restart of the app container." date="2025-11-08T03:48:18.450" /><!-- duration: 7ms -->
              <step title="Skip function trigger and logicapp sync because function is not enabled." date="2025-11-08T03:48:18.464" /><!-- duration: 5ms -->
              <step title="Purge deployment items" date="2025-11-08T03:48:20.428" >
                <step title="Remove 5c929f6f-, Success, received at 11/08/2025 00:55:35" date="2025-11-08T03:48:20.491" /><!-- duration: 3ms -->
              </step><!-- duration: 71ms -->
            </step><!-- duration: 16385ms -->
          </step><!-- duration: 16549ms -->
          <step title="Cleaning up temp files" date="2025-11-08T03:48:20.607" /><!-- duration: 4ms -->
          <step title="Cleaning up temp files" date="2025-11-08T03:48:20.619" /><!-- duration: 521ms -->
          <step title="Reloading status file with latest updates" date="2025-11-08T03:48:21.217" >
            <step title="WebHooksManager.PublishEventAsync: PostDeployment" date="2025-11-08T03:48:21.234" /><!-- duration: 53ms -->
          </step><!-- duration: 73ms -->
          <step title="Cleaning up temporary deployment - fetch deployment was successful" date="2025-11-08T03:48:21.297" /><!-- duration: 4ms -->
        </step><!-- duration: 17482ms -->
      </step><!-- duration: 19407ms -->
