<step title="Incoming Request" date="2025-06-27T12:19:55.863" instance="345353" url="/api/zipdeploy?isAsync=true&amp;deployer=GITHUB_ZIP_DEPLOY&amp;message=%7B%22type%22%3A%22deployment%22%2C%22sha%22%3A%2204b57ad3053c225581b8596cad2ec546fe6d0d08%22%2C%22repoName%22%3A%22Satoshi-Niina%2FEmergency-Assistance%22%2C%22actor%22%3A%22Satoshi-Niina%22%2C%22slotName%22%3A%22production%22%2C%22commitMessage%22%3A%22Update%20server%20code%22%7D" method="POST" type="request" pid="820,1,64" Host="emergency-backend-api-efg6gaawcjdmaggy.scm.japanwest-01.azurewebsites.net" User-Agent="GITHUBACTIONS_DeployWebAppToAzure_6afaea893f47a147fa5dac857d1041ffd4a8f022e29971635168cd4dcb90f2c0" Authorization="Bas..." Content-Type="application/octet-stream" Cookie="ARRAffinity=345353a6e2e5ca1cb44ba615462d7ac6ac166df501ae2807c92c9581cdccacea;Path=/;HttpOnly;Secure;Domain=emergency-backend-api-efg6gaawcjdmaggy.scm.japanwest-01.azurewebsites.net; ARRAffinitySameSite=345353a6e2e5ca1cb44ba615462d7ac6ac166df501ae2807c92c9581cdccacea;Path=/;HttpOnly;SameSite=None;Secure;Domain=emergency-backend-api-efg6gaawcjdmaggy.scm.japanwest-01.azurewebsites.net" Transfer-Encoding="chunked" X-ARR-LOG-ID="19361d61-2c92-4495-a942-15eba14c483f" CLIENT-IP="52.167.143.139:1984" X-SITE-DEPLOYMENT-ID="emergency-backend-api" WAS-DEFAULT-HOSTNAME="emergency-backend-api-efg6gaawcjdmaggy.scm.japanwest-01.azurewebsites.net" X-Forwarded-Proto="https" X-AppService-Proto="https" X-Forwarded-TlsVersion="1.3" X-WAWS-Unencoded-URL="/api/zipdeploy?isAsync=true&amp;deployer=GITHUB_ZIP_DEPLOY&amp;message=%7B%22type%22%3A%22deployment%22%2C%22sha%22%3A%2204b57ad3053c225581b8596cad2ec546fe6d0d08%22%2C%22repoName%22%3A%22Satoshi-Niina%2FEmergency-Assistance%22%2C%22actor%22%3A%22Satoshi-Niina%22%2C%22slotName%22%3A%22production%22%2C%22commitMessage%22%3A%22Update%20server%20code%22%7D" X-Client-IP="52.167.143.139" X-Client-Port="1984" >
  <step title="ZipPushDeploy" date="2025-06-27T12:19:55.873" >
    <step title="ZipDeploy. Extract zip." date="2025-06-27T12:19:55.875" /><!-- duration: 1ms -->
    <step title="Starting PushDeployAsync" date="2025-06-27T12:19:55.878" /><!-- duration: 1ms -->
    <step title="Writing artifact to /tmp/zipdeploy/e2bf1170-d675-407b-a6c2-a10a998ffd8e.zip" date="2025-06-27T12:19:55.893" >
      <step title="Writing multipart request body to /tmp/zipdeploy/e2bf1170-d675-407b-a6c2-a10a998ffd8e.zip" date="2025-06-27T12:19:55.894" /><!-- duration: 1ms -->
    </step><!-- duration: 459ms -->
    <step title="Start deployment in the background" date="2025-06-27T12:19:56.362" >
      <step title="Acquiring Deployment Lock" date="2025-06-27T12:19:56.386" /><!-- duration: 1ms -->
      <step title="Acquired Deployment Lock" date="2025-06-27T12:19:56.399" /><!-- duration: 1ms -->
    </step><!-- duration: 88ms -->
  </step><!-- duration: 580ms -->
  <step title="Outgoing response" date="2025-06-27T12:19:56.454" type="response" statusCode="202" statusText="Accepted" /><!-- duration: 1ms -->
</step><!-- duration: 592ms -->
