<step title="Incoming Request" date="2025-11-08T08:04:58.883" instance="22b10c" url="/api/publish?async=true&amp;deployer=GITHUB_ONE_DEPLOY&amp;type=zip&amp;message=%7B%22type%22%3A%22deployment%22%2C%22sha%22%3A%22501ad39a14b50a26c4adcc6efdd7673dd9fa86ad%22%2C%22repoName%22%3A%22Satoshi-Niina%2FEmergency-Assistance%22%2C%22actor%22%3A%22Satoshi-Niina%22%2C%22slotName%22%3A%22production%22%2C%22commitMessage%22%3A%22Remove%20paths%20filter%20from%20workflow%20to%20ensure%20deployment%20triggers%22%7D" method="POST" type="request" pid="833,1,15" Host="emergency-assistance-bfckhjejb3fbf9du.scm.japanwest-01.azurewebsites.net" User-Agent="GITHUBACTIONS_DeployWebAppToAzure_6afaea893f47a147fa5dac857d1041ffd4a8f022e29971635168cd4dcb90f2c0" Authorization="Bas..." Content-Type="application/octet-stream" Cookie="ARRAffinity=22b10c938bfb8149b35fcbcb38624f0710e5df8fb4c8f5ac3083a96e2b0cc607;Path=/;HttpOnly;Secure;Domain=emergency-assistance-bfckhjejb3fbf9du.scm.japanwest-01.azurewebsites.net; ARRAffinitySameSite=22b10c938bfb8149b35fcbcb38624f0710e5df8fb4c8f5ac3083a96e2b0cc607;Path=/;HttpOnly;SameSite=None;Secure;Domain=emergency-assistance-bfckhjejb3fbf9du.scm.japanwest-01.azurewebsites.net" Transfer-Encoding="chunked" X-ARR-LOG-ID="c394905b-30b6-43d1-a2f7-252c489cc4ae" CLIENT-IP="172.182.213.65:14344" X-SITE-DEPLOYMENT-ID="Emergency-Assistance" WAS-DEFAULT-HOSTNAME="emergency-assistance-bfckhjejb3fbf9du.scm.japanwest-01.azurewebsites.net" X-Forwarded-Proto="https" X-AppService-Proto="https" X-Forwarded-TlsVersion="1.3" X-WAWS-Unencoded-URL="/api/publish?async=true&amp;deployer=GITHUB_ONE_DEPLOY&amp;type=zip&amp;message=%7B%22type%22%3A%22deployment%22%2C%22sha%22%3A%22501ad39a14b50a26c4adcc6efdd7673dd9fa86ad%22%2C%22repoName%22%3A%22Satoshi-Niina%2FEmergency-Assistance%22%2C%22actor%22%3A%22Satoshi-Niina%22%2C%22slotName%22%3A%22production%22%2C%22commitMessage%22%3A%22Remove%20paths%20filter%20from%20workflow%20to%20ensure%20deployment%20triggers%22%7D" X-Client-IP="172.182.213.65" X-Client-Port="14344" >
  <step title="Cleanup Xml Logs" date="2025-11-08T08:04:58.886" >
    <step title="Cleanup Infos" date="2025-11-08T08:04:58.895" totalFiles="242" totalCleanup="82" /><!-- duration: 5ms -->
  </step><!-- duration: 18ms -->
  <step title="OneDeploy" date="2025-11-08T08:04:58.988" >
    <step title="None repository commit" date="2025-11-08T08:04:59.038" >
      <step title="Commit id: 04c59994-fe0f-4b37-ba52-74fccd4cdb6e" date="2025-11-08T08:04:59.053" Message="N/A" AuthorName="N/A" AuthorEmail="N/A" /><!-- duration: 3ms -->
    </step><!-- duration: 22ms -->
    <step title="Starting PushDeployAsync" date="2025-11-08T08:04:59.065" /><!-- duration: 3ms -->
    <step title="Removing node_modules symlink" date="2025-11-08T08:04:59.089" >
      <step title="Removing _del_node_modules symlink" date="2025-11-08T08:04:59.182" >
        <step title="Writing artifact to /tmp/zipdeploy/54dc3312-3f43-40ce-86db-a8bc7f28cf79.zip" date="2025-11-08T08:04:59.212" >
          <step title="Writing multipart request body to /tmp/zipdeploy/54dc3312-3f43-40ce-86db-a8bc7f28cf79.zip" date="2025-11-08T08:04:59.230" /><!-- duration: 20ms -->
        </step><!-- duration: 4534ms -->
        <step title="Start deployment in the background" date="2025-11-08T08:05:03.760" >
          <step title="Acquiring Deployment Lock" date="2025-11-08T08:05:03.809" /><!-- duration: 5ms -->
          <step title="Acquired Deployment Lock" date="2025-11-08T08:05:03.907" /><!-- duration: 5ms -->
        </step><!-- duration: 298ms -->
      </step><!-- duration: 4883ms -->
      <step title="Outgoing response" date="2025-11-08T08:05:04.074" type="response" statusCode="202" statusText="Accepted" /><!-- duration: 3ms -->
    </step><!-- duration: 4992ms -->
