<step title="BackgroundTrace" date="2025-11-08T04:11:44.267" instance="22b10c" url="/api/publish" method="POST" >
  <step title="Creating temporary deployment - FetchDeploymentManager" date="2025-11-08T04:11:44.337" /><!-- duration: 3ms -->
  <step title="Creating temporary deployment" date="2025-11-08T04:11:44.346" /><!-- duration: 95ms -->
  <step title="Performing fetch based deployment" date="2025-11-08T04:11:44.483" >
    <step title="Cleaning up temp folders from previous zip deployments and extracting pushed zip file /tmp/zipdeploy/14fa5512-03fd-4325-89d6-348eb4f27a2d.zip (41.96 MB) to /tmp/zipdeploy/extracted" date="2025-11-08T04:11:45.712" >
      <step title="ChmodRecursive Process exited with total time taken in ms: 90" date="2025-11-08T04:11:48.386" /><!-- duration: 6ms -->
    </step><!-- duration: 2705ms -->
    <step title="Deployment timer started" date="2025-11-08T04:11:50.439" >
      <step title="DeploymentManager.Deploy(id:0f6acb87-451d-420c-b3ab-c5e412e388a6)" date="2025-11-08T04:11:50.454" >
        <step title="Collecting changeset information" date="2025-11-08T04:11:50.505" /><!-- duration: 187ms -->
        <step title="Updating submodules" date="2025-11-08T04:11:50.699" /><!-- duration: 1143ms -->
        <step title="Determining deployment builder" date="2025-11-08T04:11:52.410" >
          <step title="Builder is OneDeployBuilder" date="2025-11-08T04:11:52.439" /><!-- duration: 7ms -->
        </step><!-- duration: 45ms -->
        <step title="PreDeployment: context.CleanOutputPath False" date="2025-11-08T04:11:52.532" >
          <step title="PreDeployment: context.OutputPath /home/site/wwwroot" date="2025-11-08T04:11:52.682" >
            <step title="Building" date="2025-11-08T04:11:52.886" >
              <step title="Executing external process" date="2025-11-08T04:11:53.700" type="process" path="starter.sh" arguments="/opt/Kudu/Scripts/absoluteTar.sh /tmp/zipdeploy/extracted/node_modules /tmp/zipdeploy/extracted/node_modules.tar.gz" /><!-- duration: 1303ms -->
              <step title="Executing external process" date="2025-11-08T04:11:55.313" type="process" path="starter.sh" arguments="/opt/Kudu/Scripts/parallel_rsync.sh /tmp/zipdeploy/extracted /home/site/wwwroot 8 /tmp/ False False node_modules " /><!-- duration: 11035ms -->
              <step title="Modified file to trigger a restart of the app container." date="2025-11-08T04:12:07.397" /><!-- duration: 6ms -->
              <step title="Skip function trigger and logicapp sync because function is not enabled." date="2025-11-08T04:12:07.408" /><!-- duration: 4ms -->
              <step title="Purge deployment items" date="2025-11-08T04:12:08.565" >
                <step title="Remove a1cc6bcb-, Success, received at 11/08/2025 01:00:09" date="2025-11-08T04:12:08.622" /><!-- duration: 3ms -->
              </step><!-- duration: 64ms -->
            </step><!-- duration: 15843ms -->
          </step><!-- duration: 16064ms -->
          <step title="Cleaning up temp files" date="2025-11-08T04:12:08.749" /><!-- duration: 5ms -->
          <step title="Cleaning up temp files" date="2025-11-08T04:12:08.764" /><!-- duration: 521ms -->
          <step title="Reloading status file with latest updates" date="2025-11-08T04:12:09.354" >
            <step title="WebHooksManager.PublishEventAsync: PostDeployment" date="2025-11-08T04:12:09.375" /><!-- duration: 142ms -->
          </step><!-- duration: 210ms -->
          <step title="Cleaning up temporary deployment - fetch deployment was successful" date="2025-11-08T04:12:09.585" /><!-- duration: 11ms -->
        </step><!-- duration: 17214ms -->
      </step><!-- duration: 19371ms -->
