<step title="Incoming Request" date="2025-06-29T06:08:52.315" instance="345353" url="/api/zipdeploy?isAsync=true&amp;deployer=GITHUB_ZIP_DEPLOY&amp;message=%7B%22type%22%3A%22deployment%22%2C%22sha%22%3A%22d5a8752af3d1dda24413e8984e6f5e2b4f97d0a2%22%2C%22repoName%22%3A%22Satoshi-Niina%2FEmergency-Assistance%22%2C%22actor%22%3A%22Satoshi-Niina%22%2C%22slotName%22%3A%22production%22%2C%22commitMessage%22%3A%22%E3%83%95%E3%83%AD%E3%83%B3%E3%83%88%2F%E3%82%B5%E3%83%BC%E3%83%90%E3%83%BCAPI%20URL%E7%92%B0%E5%A2%83%E5%A4%89%E6%95%B0%E3%81%B8%E8%A8%AD%E5%AE%9A%22%7D" method="POST" type="request" pid="822,1,19" Host="emergency-backend-api-efg6gaawcjdmaggy.scm.japanwest-01.azurewebsites.net" User-Agent="GITHUBACTIONS_DeployWebAppToAzure_6afaea893f47a147fa5dac857d1041ffd4a8f022e29971635168cd4dcb90f2c0" Authorization="Bas..." Content-Type="application/octet-stream" Cookie="ARRAffinity=345353a6e2e5ca1cb44ba615462d7ac6ac166df501ae2807c92c9581cdccacea;Path=/;HttpOnly;Secure;Domain=emergency-backend-api-efg6gaawcjdmaggy.scm.japanwest-01.azurewebsites.net; ARRAffinitySameSite=345353a6e2e5ca1cb44ba615462d7ac6ac166df501ae2807c92c9581cdccacea;Path=/;HttpOnly;SameSite=None;Secure;Domain=emergency-backend-api-efg6gaawcjdmaggy.scm.japanwest-01.azurewebsites.net" Transfer-Encoding="chunked" X-ARR-LOG-ID="5133d25a-644a-45d6-a07a-550e1364f11b" CLIENT-IP="20.172.233.105:25536" X-SITE-DEPLOYMENT-ID="emergency-backend-api" WAS-DEFAULT-HOSTNAME="emergency-backend-api-efg6gaawcjdmaggy.scm.japanwest-01.azurewebsites.net" X-Forwarded-Proto="https" X-AppService-Proto="https" X-Forwarded-TlsVersion="1.3" X-WAWS-Unencoded-URL="/api/zipdeploy?isAsync=true&amp;deployer=GITHUB_ZIP_DEPLOY&amp;message=%7B%22type%22%3A%22deployment%22%2C%22sha%22%3A%22d5a8752af3d1dda24413e8984e6f5e2b4f97d0a2%22%2C%22repoName%22%3A%22Satoshi-Niina%2FEmergency-Assistance%22%2C%22actor%22%3A%22Satoshi-Niina%22%2C%22slotName%22%3A%22production%22%2C%22commitMessage%22%3A%22%E3%83%95%E3%83%AD%E3%83%B3%E3%83%88%2F%E3%82%B5%E3%83%BC%E3%83%90%E3%83%BCAPI%20URL%E7%92%B0%E5%A2%83%E5%A4%89%E6%95%B0%E3%81%B8%E8%A8%AD%E5%AE%9A%22%7D" X-Client-IP="20.172.233.105" X-Client-Port="25536" >
  <step title="ZipPushDeploy" date="2025-06-29T06:08:52.372" >
    <step title="ZipDeploy. Extract zip." date="2025-06-29T06:08:52.376" /><!-- duration: 1ms -->
    <step title="None repository commit" date="2025-06-29T06:08:52.382" >
      <step title="Commit id: 52fbe16d-884e-4f80-b921-f451d44f2fb0" date="2025-06-29T06:08:52.383" Message="N/A" AuthorName="N/A" AuthorEmail="N/A" /><!-- duration: 1ms -->
    </step><!-- duration: 2ms -->
    <step title="Starting PushDeployAsync" date="2025-06-29T06:08:52.386" /><!-- duration: 1ms -->
    <step title="Writing artifact to /tmp/zipdeploy/4e08265b-4e25-4d9a-a1fc-b31757657d84.zip" date="2025-06-29T06:08:52.401" >
      <step title="Writing multipart request body to /tmp/zipdeploy/4e08265b-4e25-4d9a-a1fc-b31757657d84.zip" date="2025-06-29T06:08:52.409" /><!-- duration: 10ms -->
    </step><!-- duration: 376ms -->
    <step title="Start deployment in the background" date="2025-06-29T06:08:52.786" >
      <step title="Acquiring Deployment Lock" date="2025-06-29T06:08:52.806" /><!-- duration: 1ms -->
      <step title="Acquired Deployment Lock" date="2025-06-29T06:08:52.861" /><!-- duration: 1ms -->
    </step><!-- duration: 131ms -->
  </step><!-- duration: 548ms -->
  <step title="Outgoing response" date="2025-06-29T06:08:52.929" type="response" statusCode="202" statusText="Accepted" /><!-- duration: 1ms -->
</step><!-- duration: 616ms -->
