<step title="Incoming Request" date="2025-11-08T10:39:19.431" instance="22b10c" url="/api/deployments/latest?deployer=OneDeploy&amp;time=2025-11-08_10-37-47Z" method="GET" type="request" pid="831,1,16" Host="emergency-assistance-bfckhjejb3fbf9du.scm.japanwest-01.azurewebsites.net" User-Agent="GITHUBACTIONS_DeployWebAppToAzure_6afaea893f47a147fa5dac857d1041ffd4a8f022e29971635168cd4dcb90f2c0" Authorization="Bas..." Content-Type="application/json; charset=utf-8" Cookie="ARRAffinity=22b10c938bfb8149b35fcbcb38624f0710e5df8fb4c8f5ac3083a96e2b0cc607;Path=/;HttpOnly;Secure;Domain=emergency-assistance-bfckhjejb3fbf9du.scm.japanwest-01.azurewebsites.net; ARRAffinitySameSite=22b10c938bfb8149b35fcbcb38624f0710e5df8fb4c8f5ac3083a96e2b0cc607;Path=/;HttpOnly;SameSite=None;Secure;Domain=emergency-assistance-bfckhjejb3fbf9du.scm.japanwest-01.azurewebsites.net" Content-Length="0" X-ARR-LOG-ID="24949dea-aeee-492e-ba88-3d56e700eb7d" CLIENT-IP="4.227.174.176:56258" X-SITE-DEPLOYMENT-ID="Emergency-Assistance" WAS-DEFAULT-HOSTNAME="emergency-assistance-bfckhjejb3fbf9du.scm.japanwest-01.azurewebsites.net" X-Forwarded-Proto="https" X-AppService-Proto="https" X-Forwarded-TlsVersion="1.3" X-WAWS-Unencoded-URL="/api/deployments/latest?deployer=OneDeploy&amp;time=2025-11-08_10-37-47Z" X-Client-IP="4.227.174.176" X-Client-Port="56258" >
  <step title="Cleanup Xml Logs" date="2025-11-08T10:39:19.437" >
    <step title="Cleanup Infos" date="2025-11-08T10:39:19.472" totalFiles="418" totalCleanup="258" /><!-- duration: 19ms -->
  </step><!-- duration: 71ms -->
  <step title="DeploymentService.GetResult" date="2025-11-08T10:39:19.522" >
    <step title="DeploymentService.GetLatestDeployment" date="2025-11-08T10:39:19.539" >
      <step title="DeploymentManager.GetResults" date="2025-11-08T10:39:19.545" /><!-- duration: 872ms -->
    </step><!-- duration: 885ms -->
  </step><!-- duration: 909ms -->
  <step title="Outgoing response" date="2025-11-08T10:39:20.455" type="response" statusCode="202" statusText="Accepted" /><!-- duration: 11ms -->
</step><!-- duration: 1047ms -->
