<step title="Incoming Request" date="2025-06-26T08:47:12.329" instance="345353" url="/api/zipdeploy?isAsync=true&amp;deployer=GITHUB_ZIP_DEPLOY&amp;message=%7B%22type%22%3A%22deployment%22%2C%22sha%22%3A%22929f3452d7526dcb2115d8d5312cb6db0ad9dcf7%22%2C%22repoName%22%3A%22Satoshi-Niina%2FEmergency-Assistance%22%2C%22actor%22%3A%22Satoshi-Niina%22%2C%22slotName%22%3A%22production%22%2C%22commitMessage%22%3A%22Fix%3A%20resolve%20react-dropzone%20import%20issue%20in%20vite.config.js%22%7D" method="POST" type="request" pid="820,1,52" Host="emergency-backend-api-efg6gaawcjdmaggy.scm.japanwest-01.azurewebsites.net" User-Agent="GITHUBACTIONS_DeployWebAppToAzure_6afaea893f47a147fa5dac857d1041ffd4a8f022e29971635168cd4dcb90f2c0" Authorization="Bas..." Content-Type="application/octet-stream" Cookie="ARRAffinity=345353a6e2e5ca1cb44ba615462d7ac6ac166df501ae2807c92c9581cdccacea;Path=/;HttpOnly;Secure;Domain=emergency-backend-api-efg6gaawcjdmaggy.scm.japanwest-01.azurewebsites.net; ARRAffinitySameSite=345353a6e2e5ca1cb44ba615462d7ac6ac166df501ae2807c92c9581cdccacea;Path=/;HttpOnly;SameSite=None;Secure;Domain=emergency-backend-api-efg6gaawcjdmaggy.scm.japanwest-01.azurewebsites.net" Transfer-Encoding="chunked" X-ARR-LOG-ID="2c20f657-af16-4208-9563-8ca0e861fe66" CLIENT-IP="4.246.162.138:52544" X-SITE-DEPLOYMENT-ID="emergency-backend-api" WAS-DEFAULT-HOSTNAME="emergency-backend-api-efg6gaawcjdmaggy.scm.japanwest-01.azurewebsites.net" X-Forwarded-Proto="https" X-AppService-Proto="https" X-Forwarded-TlsVersion="1.3" X-WAWS-Unencoded-URL="/api/zipdeploy?isAsync=true&amp;deployer=GITHUB_ZIP_DEPLOY&amp;message=%7B%22type%22%3A%22deployment%22%2C%22sha%22%3A%22929f3452d7526dcb2115d8d5312cb6db0ad9dcf7%22%2C%22repoName%22%3A%22Satoshi-Niina%2FEmergency-Assistance%22%2C%22actor%22%3A%22Satoshi-Niina%22%2C%22slotName%22%3A%22production%22%2C%22commitMessage%22%3A%22Fix%3A%20resolve%20react-dropzone%20import%20issue%20in%20vite.config.js%22%7D" X-Client-IP="4.246.162.138" X-Client-Port="52544" >
  <step title="ZipPushDeploy" date="2025-06-26T08:47:12.709" >
    <step title="ZipDeploy. Extract zip." date="2025-06-26T08:47:12.787" /><!-- duration: 1ms -->
    <step title="None repository commit" date="2025-06-26T08:47:12.817" >
      <step title="Commit id: cd968e74-520f-4864-b99f-f886c273a360" date="2025-06-26T08:47:12.835" Message="N/A" AuthorName="N/A" AuthorEmail="N/A" /><!-- duration: 1ms -->
    </step><!-- duration: 20ms -->
    <step title="Starting PushDeployAsync" date="2025-06-26T08:47:12.845" /><!-- duration: 1ms -->
    <step title="Writing artifact to /tmp/zipdeploy/8cb62b6f-ae44-4d05-8a02-df73d8dc3816.zip" date="2025-06-26T08:47:12.936" >
      <step title="Writing multipart request body to /tmp/zipdeploy/8cb62b6f-ae44-4d05-8a02-df73d8dc3816.zip" date="2025-06-26T08:47:12.954" /><!-- duration: 1ms -->
    </step><!-- duration: 466ms -->
    <step title="Start deployment in the background" date="2025-06-26T08:47:13.422" >
      <step title="Acquiring Deployment Lock" date="2025-06-26T08:47:13.492" /><!-- duration: 9ms -->
      <step title="Acquired Deployment Lock" date="2025-06-26T08:47:13.653" /><!-- duration: 9ms -->
    </step><!-- duration: 450ms -->
  </step><!-- duration: 1195ms -->
  <step title="Outgoing response" date="2025-06-26T08:47:13.932" type="response" statusCode="202" statusText="Accepted" /><!-- duration: 1ms -->
</step><!-- duration: 1605ms -->
