<step title="Incoming Request" date="2025-07-02T08:00:26.136" instance="345353" url="/api/publish?async=true&amp;deployer=GITHUB_ONE_DEPLOY&amp;type=zip&amp;message=%7B%22type%22%3A%22deployment%22%2C%22sha%22%3A%221dd8efd47624f9bad372a9cbfb749b2582a98c80%22%2C%22repoName%22%3A%22Satoshi-Niina%2FEmergency-Assistance%22%2C%22actor%22%3A%22Satoshi-Niina%22%2C%22slotName%22%3A%22production%22%2C%22commitMessage%22%3A%22%E3%83%95%E3%83%AD%E3%83%B3%E3%83%88%E3%82%A8%E3%83%B3%E3%83%89API%E8%A8%AD%E5%AE%9A%E4%BF%AE%E6%AD%A3%3A%20%E7%9B%B4%E6%8E%A5%E3%83%90%E3%83%83%E3%82%AF%E3%82%A8%E3%83%B3%E3%83%89%E3%82%A2%E3%82%AF%E3%82%BB%E3%82%B9%E3%81%AB%E5%A4%89%E6%9B%B4%22%7D" method="POST" type="request" pid="820,1,7" Host="emergency-backend-api-efg6gaawcjdmaggy.scm.japanwest-01.azurewebsites.net" User-Agent="GITHUBACTIONS_DeployWebAppToAzure_6afaea893f47a147fa5dac857d1041ffd4a8f022e29971635168cd4dcb90f2c0" Authorization="Bea..." Content-Type="application/octet-stream" Cookie="ARRAffinity=345353a6e2e5ca1cb44ba615462d7ac6ac166df501ae2807c92c9581cdccacea;Path=/;HttpOnly;Secure;Domain=emergency-backend-api-efg6gaawcjdmaggy.scm.japanwest-01.azurewebsites.net; ARRAffinitySameSite=345353a6e2e5ca1cb44ba615462d7ac6ac166df501ae2807c92c9581cdccacea;Path=/;HttpOnly;SameSite=None;Secure;Domain=emergency-backend-api-efg6gaawcjdmaggy.scm.japanwest-01.azurewebsites.net" Transfer-Encoding="chunked" X-ARR-LOG-ID="71a6b505-7782-4bc2-85a7-0798e1a0465a" CLIENT-IP="20.25.190.204:1984" X-SITE-DEPLOYMENT-ID="emergency-backend-api" WAS-DEFAULT-HOSTNAME="emergency-backend-api-efg6gaawcjdmaggy.scm.japanwest-01.azurewebsites.net" X-Forwarded-Proto="https" X-AppService-Proto="https" X-Forwarded-TlsVersion="1.3" X-WAWS-Unencoded-URL="/api/publish?async=true&amp;deployer=GITHUB_ONE_DEPLOY&amp;type=zip&amp;message=%7B%22type%22%3A%22deployment%22%2C%22sha%22%3A%221dd8efd47624f9bad372a9cbfb749b2582a98c80%22%2C%22repoName%22%3A%22Satoshi-Niina%2FEmergency-Assistance%22%2C%22actor%22%3A%22Satoshi-Niina%22%2C%22slotName%22%3A%22production%22%2C%22commitMessage%22%3A%22%E3%83%95%E3%83%AD%E3%83%B3%E3%83%88%E3%82%A8%E3%83%B3%E3%83%89API%E8%A8%AD%E5%AE%9A%E4%BF%AE%E6%AD%A3%3A%20%E7%9B%B4%E6%8E%A5%E3%83%90%E3%83%83%E3%82%AF%E3%82%A8%E3%83%B3%E3%83%89%E3%82%A2%E3%82%AF%E3%82%BB%E3%82%B9%E3%81%AB%E5%A4%89%E6%9B%B4%22%7D" X-Client-IP="20.25.190.204" X-Client-Port="1984" >
  <step title="Cleanup Xml Logs" date="2025-07-02T08:00:26.139" >
    <step title="Cleanup Infos" date="2025-07-02T08:00:26.145" totalFiles="410" totalCleanup="250" /><!-- duration: 1ms -->
  </step><!-- duration: 8ms -->
  <step title="OneDeploy" date="2025-07-02T08:00:26.155" >
    <step title="Starting PushDeployAsync" date="2025-07-02T08:00:26.167" /><!-- duration: 1ms -->
    <step title="Writing artifact to /tmp/zipdeploy/2dc70aa1-8457-4f64-ac7a-5eb73a79ce38.zip" date="2025-07-02T08:00:26.174" >
      <step title="Writing multipart request body to /tmp/zipdeploy/2dc70aa1-8457-4f64-ac7a-5eb73a79ce38.zip" date="2025-07-02T08:00:26.175" /><!-- duration: 8ms -->
    </step><!-- duration: 16629ms -->
    <step title="Start deployment in the background" date="2025-07-02T08:00:42.809" >
      <step title="Acquiring Deployment Lock" date="2025-07-02T08:00:42.851" /><!-- duration: 1ms -->
      <step title="Acquired Deployment Lock" date="2025-07-02T08:00:42.865" /><!-- duration: 1ms -->
    </step><!-- duration: 111ms -->
  </step><!-- duration: 16770ms -->
  <step title="Outgoing response" date="2025-07-02T08:00:42.926" type="response" statusCode="202" statusText="Accepted" /><!-- duration: 2ms -->
</step><!-- duration: 16792ms -->
