<step title="Incoming Request" date="2025-07-02T07:51:54.861" instance="345353" url="/api/deployments/latest?deployer=OneDeploy&amp;time=2025-07-02_07-49-42Z" method="GET" type="request" pid="820,1,27" Host="emergency-backend-api-efg6gaawcjdmaggy.scm.japanwest-01.azurewebsites.net" User-Agent="GITHUBACTIONS_DeployWebAppToAzure_6afaea893f47a147fa5dac857d1041ffd4a8f022e29971635168cd4dcb90f2c0" Authorization="Bea..." Content-Type="application/json; charset=utf-8" Cookie="ARRAffinity=345353a6e2e5ca1cb44ba615462d7ac6ac166df501ae2807c92c9581cdccacea;Path=/;HttpOnly;Secure;Domain=emergency-backend-api-efg6gaawcjdmaggy.scm.japanwest-01.azurewebsites.net; ARRAffinitySameSite=345353a6e2e5ca1cb44ba615462d7ac6ac166df501ae2807c92c9581cdccacea;Path=/;HttpOnly;SameSite=None;Secure;Domain=emergency-backend-api-efg6gaawcjdmaggy.scm.japanwest-01.azurewebsites.net" Content-Length="0" X-ARR-LOG-ID="4fe4714a-3271-476a-ac6c-2551a492f323" CLIENT-IP="40.71.56.15:1026" X-SITE-DEPLOYMENT-ID="emergency-backend-api" WAS-DEFAULT-HOSTNAME="emergency-backend-api-efg6gaawcjdmaggy.scm.japanwest-01.azurewebsites.net" X-Forwarded-Proto="https" X-AppService-Proto="https" X-Forwarded-TlsVersion="1.3" X-WAWS-Unencoded-URL="/api/deployments/latest?deployer=OneDeploy&amp;time=2025-07-02_07-49-42Z" X-Client-IP="40.71.56.15" X-Client-Port="1026" >
  <step title="Cleanup Xml Logs" date="2025-07-02T07:51:54.869" >
    <step title="Cleanup Infos" date="2025-07-02T07:51:54.879" totalFiles="393" totalCleanup="233" /><!-- duration: 1ms -->
  </step><!-- duration: 13ms -->
  <step title="DeploymentService.GetResult" date="2025-07-02T07:51:54.890" >
    <step title="DeploymentService.GetLatestDeployment" date="2025-07-02T07:51:54.898" >
      <step title="DeploymentManager.GetResults" date="2025-07-02T07:51:54.899" /><!-- duration: 489ms -->
    </step><!-- duration: 499ms -->
  </step><!-- duration: 507ms -->
  <step title="Outgoing response" date="2025-07-02T07:51:55.406" type="response" statusCode="202" statusText="Accepted" /><!-- duration: 1ms -->
</step><!-- duration: 548ms -->
