<step title="Incoming Request" date="2025-07-02T07:34:02.020" instance="345353" url="/api/deployments/latest?deployer=OneDeploy&amp;time=2025-07-02_07-32-27Z" method="GET" type="request" pid="820,1,34" Host="emergency-backend-api-efg6gaawcjdmaggy.scm.japanwest-01.azurewebsites.net" User-Agent="GITHUBACTIONS_DeployWebAppToAzure_6afaea893f47a147fa5dac857d1041ffd4a8f022e29971635168cd4dcb90f2c0" Authorization="Bea..." Content-Type="application/json; charset=utf-8" Cookie="ARRAffinity=345353a6e2e5ca1cb44ba615462d7ac6ac166df501ae2807c92c9581cdccacea;Path=/;HttpOnly;Secure;Domain=emergency-backend-api-efg6gaawcjdmaggy.scm.japanwest-01.azurewebsites.net; ARRAffinitySameSite=345353a6e2e5ca1cb44ba615462d7ac6ac166df501ae2807c92c9581cdccacea;Path=/;HttpOnly;SameSite=None;Secure;Domain=emergency-backend-api-efg6gaawcjdmaggy.scm.japanwest-01.azurewebsites.net" Content-Length="0" X-ARR-LOG-ID="b9b5661b-3557-4c6c-8134-669d49d5d7e6" CLIENT-IP="40.86.187.169:1985" X-SITE-DEPLOYMENT-ID="emergency-backend-api" WAS-DEFAULT-HOSTNAME="emergency-backend-api-efg6gaawcjdmaggy.scm.japanwest-01.azurewebsites.net" X-Forwarded-Proto="https" X-AppService-Proto="https" X-Forwarded-TlsVersion="1.3" X-WAWS-Unencoded-URL="/api/deployments/latest?deployer=OneDeploy&amp;time=2025-07-02_07-32-27Z" X-Client-IP="40.86.187.169" X-Client-Port="1985" >
  <step title="Cleanup Xml Logs" date="2025-07-02T07:34:02.039" >
    <step title="Cleanup Infos" date="2025-07-02T07:34:02.050" totalFiles="348" totalCleanup="188" /><!-- duration: 18ms -->
  </step><!-- duration: 31ms -->
  <step title="DeploymentService.GetResult" date="2025-07-02T07:34:02.119" >
    <step title="DeploymentService.GetLatestDeployment" date="2025-07-02T07:34:02.120" >
      <step title="DeploymentManager.GetResults" date="2025-07-02T07:34:02.121" /><!-- duration: 587ms -->
    </step><!-- duration: 589ms -->
  </step><!-- duration: 610ms -->
  <step title="Outgoing response" date="2025-07-02T07:34:02.748" type="response" statusCode="202" statusText="Accepted" /><!-- duration: 9ms -->
</step><!-- duration: 738ms -->
