<step title="Incoming Request" date="2025-11-08T08:06:52.307" instance="22b10c" url="/api/deployments/latest?deployer=OneDeploy&amp;time=2025-11-08_08-05-04Z" method="GET" type="request" pid="833,1,19" Host="emergency-assistance-bfckhjejb3fbf9du.scm.japanwest-01.azurewebsites.net" User-Agent="GITHUBACTIONS_DeployWebAppToAzure_6afaea893f47a147fa5dac857d1041ffd4a8f022e29971635168cd4dcb90f2c0" Authorization="Bas..." Content-Type="application/json; charset=utf-8" Cookie="ARRAffinity=22b10c938bfb8149b35fcbcb38624f0710e5df8fb4c8f5ac3083a96e2b0cc607;Path=/;HttpOnly;Secure;Domain=emergency-assistance-bfckhjejb3fbf9du.scm.japanwest-01.azurewebsites.net; ARRAffinitySameSite=22b10c938bfb8149b35fcbcb38624f0710e5df8fb4c8f5ac3083a96e2b0cc607;Path=/;HttpOnly;SameSite=None;Secure;Domain=emergency-assistance-bfckhjejb3fbf9du.scm.japanwest-01.azurewebsites.net" Content-Length="0" X-ARR-LOG-ID="84497a18-dba6-4145-88c6-d2481b574bb2" CLIENT-IP="172.182.213.65:14346" X-SITE-DEPLOYMENT-ID="Emergency-Assistance" WAS-DEFAULT-HOSTNAME="emergency-assistance-bfckhjejb3fbf9du.scm.japanwest-01.azurewebsites.net" X-Forwarded-Proto="https" X-AppService-Proto="https" X-Forwarded-TlsVersion="1.3" X-WAWS-Unencoded-URL="/api/deployments/latest?deployer=OneDeploy&amp;time=2025-11-08_08-05-04Z" X-Client-IP="172.182.213.65" X-Client-Port="14346" >
  <step title="Cleanup Xml Logs" date="2025-11-08T08:06:52.336" >
    <step title="Cleanup Infos" date="2025-11-08T08:06:52.363" totalFiles="259" totalCleanup="99" /><!-- duration: 23ms -->
  </step><!-- duration: 70ms -->
  <step title="DeploymentService.GetResult" date="2025-11-08T08:06:52.448" >
    <step title="DeploymentService.GetLatestDeployment" date="2025-11-08T08:06:52.469" >
      <step title="DeploymentManager.GetResults" date="2025-11-08T08:06:52.490" /><!-- duration: 1105ms -->
    </step><!-- duration: 1155ms -->
  </step><!-- duration: 1199ms -->
  <step title="Outgoing response" date="2025-11-08T08:06:53.675" type="response" statusCode="202" statusText="Accepted" /><!-- duration: 20ms -->
</step><!-- duration: 1407ms -->
