<step title="BackgroundTrace" date="2025-11-08T08:28:04.377" instance="22b10c" url="/api/publish" method="POST" >
  <step title="Cleanup Xml Logs" date="2025-11-08T08:28:04.392" >
    <step title="Cleanup Infos" date="2025-11-08T08:28:04.416" totalFiles="268" totalCleanup="108" /><!-- duration: 15ms -->
  </step><!-- duration: 50ms -->
  <step title="Creating temporary deployment - FetchDeploymentManager" date="2025-11-08T08:28:04.527" /><!-- duration: 4ms -->
  <step title="Creating temporary deployment" date="2025-11-08T08:28:04.535" /><!-- duration: 149ms -->
  <step title="Performing fetch based deployment" date="2025-11-08T08:28:04.749" >
    <step title="Cleaning up temp folders from previous zip deployments and extracting pushed zip file /tmp/zipdeploy/92e216b3-3086-4b21-9b14-37c18b608fa4.zip (112.69 MB) to /tmp/zipdeploy/extracted" date="2025-11-08T08:28:05.976" >
      <step title="ChmodRecursive Process exited with total time taken in ms: 690" date="2025-11-08T08:28:26.882" /><!-- duration: 13ms -->
    </step><!-- duration: 20934ms -->
    <step title="Deployment timer started" date="2025-11-08T08:28:28.954" >
      <step title="DeploymentManager.Deploy(id:a39176dd-c551-4a1c-85cc-543e1dd46eb4)" date="2025-11-08T08:28:28.964" >
        <step title="Collecting changeset information" date="2025-11-08T08:28:28.987" /><!-- duration: 136ms -->
        <step title="Updating submodules" date="2025-11-08T08:28:29.132" /><!-- duration: 1139ms -->
        <step title="Determining deployment builder" date="2025-11-08T08:28:30.521" >
          <step title="Builder is OneDeployBuilder" date="2025-11-08T08:28:30.548" /><!-- duration: 4ms -->
        </step><!-- duration: 35ms -->
        <step title="PreDeployment: context.CleanOutputPath False" date="2025-11-08T08:28:30.629" >
          <step title="PreDeployment: context.OutputPath /home/site/wwwroot" date="2025-11-08T08:28:30.759" >
            <step title="Building" date="2025-11-08T08:28:30.913" >
              <step title="Executing external process" date="2025-11-08T08:28:31.679" type="process" path="starter.sh" arguments="/opt/Kudu/Scripts/absoluteTar.sh /tmp/zipdeploy/extracted/node_modules /tmp/zipdeploy/extracted/node_modules.tar.gz" /><!-- duration: 45078ms -->
              <step title="Executing external process" date="2025-11-08T08:29:17.131" type="process" path="starter.sh" arguments="/opt/Kudu/Scripts/parallel_rsync.sh /tmp/zipdeploy/extracted /home/site/wwwroot 8 /tmp/ False False node_modules " /><!-- duration: 52860ms -->
              <step title="Modified file to trigger a restart of the app container." date="2025-11-08T08:30:11.027" /><!-- duration: 7ms -->
              <step title="Skip function trigger and logicapp sync because function is not enabled." date="2025-11-08T08:30:11.077" /><!-- duration: 4ms -->
              <step title="Purge deployment items" date="2025-11-08T08:30:12.320" >
                <step title="Remove d35b4330-, Success, received at 11/08/2025 03:28:45" date="2025-11-08T08:30:12.416" /><!-- duration: 4ms -->
              </step><!-- duration: 104ms -->
            </step><!-- duration: 101585ms -->
          </step><!-- duration: 101766ms -->
          <step title="Cleaning up temp files" date="2025-11-08T08:30:12.529" /><!-- duration: 5ms -->
          <step title="Cleaning up temp files" date="2025-11-08T08:30:12.551" /><!-- duration: 524ms -->
          <step title="Reloading status file with latest updates" date="2025-11-08T08:30:13.124" >
            <step title="WebHooksManager.PublishEventAsync: PostDeployment" date="2025-11-08T08:30:13.129" /><!-- duration: 111ms -->
          </step><!-- duration: 120ms -->
          <step title="Cleaning up temporary deployment - fetch deployment was successful" date="2025-11-08T08:30:13.250" /><!-- duration: 4ms -->
        </step><!-- duration: 102704ms -->
      </step><!-- duration: 104391ms -->
