<step title="Incoming Request" date="2025-07-02T07:26:46.584" instance="345353" url="/api/deployments/latest?deployer=OneDeploy&amp;time=2025-07-02_07-23-42Z" method="GET" type="request" pid="820,1,28" Host="emergency-backend-api-efg6gaawcjdmaggy.scm.japanwest-01.azurewebsites.net" User-Agent="GITHUBACTIONS_DeployWebAppToAzure_6afaea893f47a147fa5dac857d1041ffd4a8f022e29971635168cd4dcb90f2c0" Authorization="Bea..." Content-Type="application/json; charset=utf-8" Cookie="ARRAffinity=345353a6e2e5ca1cb44ba615462d7ac6ac166df501ae2807c92c9581cdccacea;Path=/;HttpOnly;Secure;Domain=emergency-backend-api-efg6gaawcjdmaggy.scm.japanwest-01.azurewebsites.net; ARRAffinitySameSite=345353a6e2e5ca1cb44ba615462d7ac6ac166df501ae2807c92c9581cdccacea;Path=/;HttpOnly;SameSite=None;Secure;Domain=emergency-backend-api-efg6gaawcjdmaggy.scm.japanwest-01.azurewebsites.net" Content-Length="0" X-ARR-LOG-ID="4e767f88-3836-4cf4-af98-c504bc0d1a27" CLIENT-IP="4.227.220.251:7106" X-SITE-DEPLOYMENT-ID="emergency-backend-api" WAS-DEFAULT-HOSTNAME="emergency-backend-api-efg6gaawcjdmaggy.scm.japanwest-01.azurewebsites.net" X-Forwarded-Proto="https" X-AppService-Proto="https" X-Forwarded-TlsVersion="1.3" X-WAWS-Unencoded-URL="/api/deployments/latest?deployer=OneDeploy&amp;time=2025-07-02_07-23-42Z" X-Client-IP="4.227.220.251" X-Client-Port="7106" >
  <step title="Cleanup Xml Logs" date="2025-07-02T07:26:46.593" >
    <step title="Cleanup Infos" date="2025-07-02T07:26:46.916" totalFiles="328" totalCleanup="168" /><!-- duration: 2ms -->
  </step><!-- duration: 333ms -->
  <step title="DeploymentService.GetResult" date="2025-07-02T07:26:46.947" >
    <step title="DeploymentService.GetLatestDeployment" date="2025-07-02T07:26:46.956" >
      <step title="DeploymentManager.GetResults" date="2025-07-02T07:26:46.975" /><!-- duration: 4244ms -->
    </step><!-- duration: 4288ms -->
  </step><!-- duration: 4298ms -->
  <step title="Outgoing response" date="2025-07-02T07:26:51.248" type="response" statusCode="202" statusText="Accepted" /><!-- duration: 1ms -->
</step><!-- duration: 4672ms -->
