<step title="BackgroundTrace" date="2025-11-08T10:37:46.839" instance="22b10c" url="/api/publish" method="POST" >
  <step title="Cleanup Xml Logs" date="2025-11-08T10:37:46.846" >
    <step title="Cleanup Infos" date="2025-11-08T10:37:46.867" totalFiles="404" totalCleanup="244" /><!-- duration: 5ms -->
  </step><!-- duration: 30ms -->
  <step title="Creating temporary deployment - FetchDeploymentManager" date="2025-11-08T10:37:47.280" /><!-- duration: 6ms -->
  <step title="Creating temporary deployment" date="2025-11-08T10:37:47.295" /><!-- duration: 409ms -->
  <step title="Performing fetch based deployment" date="2025-11-08T10:37:47.829" >
    <step title="Cleaning up temp folders from previous zip deployments and extracting pushed zip file /tmp/zipdeploy/d9d955ea-d1a1-4fb5-940a-888a4f599d82.zip (112.69 MB) to /tmp/zipdeploy/extracted" date="2025-11-08T10:37:49.267" >
      <step title="ChmodRecursive Process exited with total time taken in ms: 511" date="2025-11-08T10:38:08.941" /><!-- duration: 15ms -->
    </step><!-- duration: 19695ms -->
    <step title="Deployment timer started" date="2025-11-08T10:38:10.984" >
      <step title="DeploymentManager.Deploy(id:ec5ff126-f028-45d5-a498-51f44364b67d)" date="2025-11-08T10:38:10.991" >
        <step title="Collecting changeset information" date="2025-11-08T10:38:11.049" /><!-- duration: 92ms -->
        <step title="Updating submodules" date="2025-11-08T10:38:11.148" /><!-- duration: 1161ms -->
        <step title="Determining deployment builder" date="2025-11-08T10:38:12.534" >
          <step title="Builder is OneDeployBuilder" date="2025-11-08T10:38:12.564" /><!-- duration: 4ms -->
        </step><!-- duration: 40ms -->
        <step title="PreDeployment: context.CleanOutputPath False" date="2025-11-08T10:38:12.671" >
          <step title="PreDeployment: context.OutputPath /home/site/wwwroot" date="2025-11-08T10:38:12.857" >
            <step title="Building" date="2025-11-08T10:38:13.106" >
              <step title="Executing external process" date="2025-11-08T10:38:13.829" type="process" path="starter.sh" arguments="/opt/Kudu/Scripts/absoluteTar.sh /tmp/zipdeploy/extracted/node_modules /tmp/zipdeploy/extracted/node_modules.tar.gz" /><!-- duration: 34206ms -->
              <step title="Executing external process" date="2025-11-08T10:38:48.318" type="process" path="starter.sh" arguments="/opt/Kudu/Scripts/parallel_rsync.sh /tmp/zipdeploy/extracted /home/site/wwwroot 8 /tmp/ False False node_modules " /><!-- duration: 44210ms -->
              <step title="Modified file to trigger a restart of the app container." date="2025-11-08T10:39:33.321" /><!-- duration: 4ms -->
              <step title="Skip function trigger and logicapp sync because function is not enabled." date="2025-11-08T10:39:33.330" /><!-- duration: 15ms -->
              <step title="Purge deployment items" date="2025-11-08T10:39:34.428" >
                <step title="Remove 8e8257c9-, Success, received at 11/08/2025 05:28:58" date="2025-11-08T10:39:34.490" /><!-- duration: 5ms -->
              </step><!-- duration: 70ms -->
            </step><!-- duration: 81473ms -->
          </step><!-- duration: 81733ms -->
          <step title="Cleaning up temp files" date="2025-11-08T10:39:34.594" /><!-- duration: 5ms -->
          <step title="Cleaning up temp files" date="2025-11-08T10:39:34.618" /><!-- duration: 523ms -->
          <step title="Reloading status file with latest updates" date="2025-11-08T10:39:35.719" >
            <step title="WebHooksManager.PublishEventAsync: PostDeployment" date="2025-11-08T10:39:35.733" /><!-- duration: 78ms -->
          </step><!-- duration: 96ms -->
          <step title="Cleaning up temporary deployment - fetch deployment was successful" date="2025-11-08T10:39:35.821" /><!-- duration: 4ms -->
        </step><!-- duration: 83213ms -->
      </step><!-- duration: 84913ms -->
