<step title="BackgroundTrace" date="2025-11-08T10:53:28.081" instance="22b10c" url="/api/publish" method="POST" >
  <step title="Cleanup Xml Logs" date="2025-11-08T10:53:28.089" >
    <step title="Cleanup Infos" date="2025-11-08T10:53:28.106" totalFiles="447" totalCleanup="287" /><!-- duration: 6ms -->
  </step><!-- duration: 26ms -->
  <step title="Creating temporary deployment - FetchDeploymentManager" date="2025-11-08T10:53:28.200" /><!-- duration: 4ms -->
  <step title="Creating temporary deployment" date="2025-11-08T10:53:28.208" /><!-- duration: 92ms -->
  <step title="Performing fetch based deployment" date="2025-11-08T10:53:28.335" >
    <step title="Cleaning up temp folders from previous zip deployments and extracting pushed zip file /tmp/zipdeploy/8aceea30-1870-4145-b76e-62738f9ff034.zip (112.69 MB) to /tmp/zipdeploy/extracted" date="2025-11-08T10:53:29.526" >
      <step title="ChmodRecursive Process exited with total time taken in ms: 539" date="2025-11-08T10:53:45.999" /><!-- duration: 13ms -->
    </step><!-- duration: 16500ms -->
    <step title="Deployment timer started" date="2025-11-08T10:53:48.044" >
      <step title="DeploymentManager.Deploy(id:524932d5-683a-4d67-9c2b-a919555f2760)" date="2025-11-08T10:53:48.052" >
        <step title="Collecting changeset information" date="2025-11-08T10:53:48.094" /><!-- duration: 112ms -->
        <step title="Updating submodules" date="2025-11-08T10:53:48.213" /><!-- duration: 1160ms -->
        <step title="Determining deployment builder" date="2025-11-08T10:53:50.025" >
          <step title="Builder is OneDeployBuilder" date="2025-11-08T10:53:50.054" /><!-- duration: 5ms -->
        </step><!-- duration: 37ms -->
        <step title="PreDeployment: context.CleanOutputPath False" date="2025-11-08T10:53:50.130" >
          <step title="PreDeployment: context.OutputPath /home/site/wwwroot" date="2025-11-08T10:53:50.266" >
            <step title="Building" date="2025-11-08T10:53:50.411" >
              <step title="Executing external process" date="2025-11-08T10:53:51.104" type="process" path="starter.sh" arguments="/opt/Kudu/Scripts/absoluteTar.sh /tmp/zipdeploy/extracted/node_modules /tmp/zipdeploy/extracted/node_modules.tar.gz" /><!-- duration: 35542ms -->
              <step title="Executing external process" date="2025-11-08T10:54:26.954" type="process" path="starter.sh" arguments="/opt/Kudu/Scripts/parallel_rsync.sh /tmp/zipdeploy/extracted /home/site/wwwroot 8 /tmp/ False False node_modules " /><!-- duration: 42502ms -->
              <step title="Modified file to trigger a restart of the app container." date="2025-11-08T10:55:10.247" /><!-- duration: 4ms -->
              <step title="Skip function trigger and logicapp sync because function is not enabled." date="2025-11-08T10:55:10.263" /><!-- duration: 21ms -->
              <step title="Purge deployment items" date="2025-11-08T10:55:11.875" >
                <step title="Remove 5a5e1698-, Success, received at 11/08/2025 07:06:12" date="2025-11-08T10:55:11.935" /><!-- duration: 5ms -->
              </step><!-- duration: 67ms -->
            </step><!-- duration: 81605ms -->
          </step><!-- duration: 81766ms -->
          <step title="Cleaning up temp files" date="2025-11-08T10:55:12.035" /><!-- duration: 5ms -->
          <step title="Cleaning up temp files" date="2025-11-08T10:55:12.057" /><!-- duration: 506ms -->
          <step title="Reloading status file with latest updates" date="2025-11-08T10:55:12.653" >
            <step title="WebHooksManager.PublishEventAsync: PostDeployment" date="2025-11-08T10:55:12.659" /><!-- duration: 132ms -->
          </step><!-- duration: 168ms -->
          <step title="Cleaning up temporary deployment - fetch deployment was successful" date="2025-11-08T10:55:12.863" /><!-- duration: 18ms -->
        </step><!-- duration: 82849ms -->
      </step><!-- duration: 84949ms -->
