<step title="Incoming Request" date="2025-11-08T08:31:33.298" instance="22b10c" url="/api/deployments/latest?deployer=OneDeploy&amp;time=2025-11-08_08-30-33Z" method="GET" type="request" pid="833,1,23" Host="emergency-assistance-bfckhjejb3fbf9du.scm.japanwest-01.azurewebsites.net" User-Agent="GITHUBACTIONS_DeployWebAppToAzure_6afaea893f47a147fa5dac857d1041ffd4a8f022e29971635168cd4dcb90f2c0" Authorization="Bas..." Content-Type="application/json; charset=utf-8" Cookie="ARRAffinity=22b10c938bfb8149b35fcbcb38624f0710e5df8fb4c8f5ac3083a96e2b0cc607;Path=/;HttpOnly;Secure;Domain=emergency-assistance-bfckhjejb3fbf9du.scm.japanwest-01.azurewebsites.net; ARRAffinitySameSite=22b10c938bfb8149b35fcbcb38624f0710e5df8fb4c8f5ac3083a96e2b0cc607;Path=/;HttpOnly;SameSite=None;Secure;Domain=emergency-assistance-bfckhjejb3fbf9du.scm.japanwest-01.azurewebsites.net" Content-Length="0" X-ARR-LOG-ID="c71d27a3-b1b0-49c2-82cd-a8a9fe2b7ab2" CLIENT-IP="20.55.214.64:7169" X-SITE-DEPLOYMENT-ID="Emergency-Assistance" WAS-DEFAULT-HOSTNAME="emergency-assistance-bfckhjejb3fbf9du.scm.japanwest-01.azurewebsites.net" X-Forwarded-Proto="https" X-AppService-Proto="https" X-Forwarded-TlsVersion="1.3" X-WAWS-Unencoded-URL="/api/deployments/latest?deployer=OneDeploy&amp;time=2025-11-08_08-30-33Z" X-Client-IP="20.55.214.64" X-Client-Port="7169" >
  <step title="Cleanup Xml Logs" date="2025-11-08T08:31:33.303" >
    <step title="Cleanup Infos" date="2025-11-08T08:31:33.325" totalFiles="307" totalCleanup="147" /><!-- duration: 10ms -->
  </step><!-- duration: 36ms -->
  <step title="DeploymentService.GetResult" date="2025-11-08T08:31:33.358" >
    <step title="DeploymentService.GetLatestDeployment" date="2025-11-08T08:31:33.376" >
      <step title="DeploymentManager.GetResults" date="2025-11-08T08:31:33.387" /><!-- duration: 784ms -->
    </step><!-- duration: 802ms -->
  </step><!-- duration: 825ms -->
  <step title="Outgoing response" date="2025-11-08T08:31:34.188" type="response" statusCode="202" statusText="Accepted" /><!-- duration: 6ms -->
</step><!-- duration: 903ms -->
