<step title="BackgroundTrace" date="2025-11-08T08:30:33.457" instance="22b10c" url="/api/publish" method="POST" >
  <step title="Cleanup Xml Logs" date="2025-11-08T08:30:33.461" >
    <step title="Cleanup Infos" date="2025-11-08T08:30:33.531" totalFiles="299" totalCleanup="139" /><!-- duration: 29ms -->
  </step><!-- duration: 118ms -->
  <step title="Creating temporary deployment - FetchDeploymentManager" date="2025-11-08T08:30:33.721" /><!-- duration: 22ms -->
  <step title="Creating temporary deployment" date="2025-11-08T08:30:33.760" /><!-- duration: 141ms -->
  <step title="Performing fetch based deployment" date="2025-11-08T08:30:34.198" >
    <step title="Cleaning up temp folders from previous zip deployments and extracting pushed zip file /tmp/zipdeploy/54c969b5-2b09-4a77-b62a-16fcab65dc28.zip (112.69 MB) to /tmp/zipdeploy/extracted" date="2025-11-08T08:30:36.368" >
      <step title="ChmodRecursive Process exited with total time taken in ms: 242" date="2025-11-08T08:31:32.957" /><!-- duration: 21ms -->
    </step><!-- duration: 56729ms -->
    <step title="Deployment timer started" date="2025-11-08T08:31:35.177" >
      <step title="DeploymentManager.Deploy(id:367ad8ea-1ef9-42ad-af14-cd4e69b86485)" date="2025-11-08T08:31:35.294" >
        <step title="Collecting changeset information" date="2025-11-08T08:31:35.364" /><!-- duration: 242ms -->
        <step title="Updating submodules" date="2025-11-08T08:31:35.657" /><!-- duration: 1267ms -->
        <step title="Determining deployment builder" date="2025-11-08T08:31:37.430" >
          <step title="Builder is OneDeployBuilder" date="2025-11-08T08:31:37.478" /><!-- duration: 52ms -->
        </step><!-- duration: 118ms -->
        <step title="PreDeployment: context.CleanOutputPath False" date="2025-11-08T08:31:37.679" >
          <step title="PreDeployment: context.OutputPath /home/site/wwwroot" date="2025-11-08T08:31:37.948" >
            <step title="Building" date="2025-11-08T08:31:38.278" >
              <step title="Executing external process" date="2025-11-08T08:31:40.520" type="process" path="starter.sh" arguments="/opt/Kudu/Scripts/absoluteTar.sh /tmp/zipdeploy/extracted/node_modules /tmp/zipdeploy/extracted/node_modules.tar.gz" /><!-- duration: 58660ms -->
              <step title="Executing external process" date="2025-11-08T08:32:40.439" type="process" path="starter.sh" arguments="/opt/Kudu/Scripts/parallel_rsync.sh /tmp/zipdeploy/extracted /home/site/wwwroot 8 /tmp/ False False node_modules " /><!-- duration: 54384ms -->
              <step title="Modified file to trigger a restart of the app container." date="2025-11-08T08:33:35.708" /><!-- duration: 4ms -->
              <step title="Skip function trigger and logicapp sync because function is not enabled." date="2025-11-08T08:33:35.718" /><!-- duration: 12ms -->
              <step title="Purge deployment items" date="2025-11-08T08:33:36.923" >
                <step title="Remove de16f1e3-, Success, received at 11/08/2025 03:43:40" date="2025-11-08T08:33:37.003" /><!-- duration: 4ms -->
              </step><!-- duration: 88ms -->
            </step><!-- duration: 118808ms -->
          </step><!-- duration: 119153ms -->
          <step title="Cleaning up temp files" date="2025-11-08T08:33:37.109" /><!-- duration: 9ms -->
          <step title="Cleaning up temp files" date="2025-11-08T08:33:37.138" /><!-- duration: 521ms -->
          <step title="Reloading status file with latest updates" date="2025-11-08T08:33:37.709" >
            <step title="WebHooksManager.PublishEventAsync: PostDeployment" date="2025-11-08T08:33:37.716" /><!-- duration: 68ms -->
          </step><!-- duration: 79ms -->
          <step title="Cleaning up temporary deployment - fetch deployment was successful" date="2025-11-08T08:33:37.796" /><!-- duration: 10ms -->
        </step><!-- duration: 120208ms -->
      </step><!-- duration: 122612ms -->
