<step title="Incoming Request" date="2025-11-08T03:47:53.202" instance="22b10c" url="/api/publish?async=true&amp;deployer=GITHUB_ONE_DEPLOY&amp;type=zip&amp;message=%7B%22type%22%3A%22deployment%22%2C%22sha%22%3A%2241c0e7d5198d64cc284af182464c6060573ebbdc%22%2C%22repoName%22%3A%22Satoshi-Niina%2FEmergency-Assistance%22%2C%22actor%22%3A%22Satoshi-Niina%22%2C%22slotName%22%3A%22production%22%2C%22commitMessage%22%3A%22Fix%20503%20server%20error%3A%20Correct%20package.json%20start%20script%20and%20add%20web.config%5Cn%5Cn-%20Fixed%20package.json%20start%20script%20to%20use%20correct%20entry%20point%20(index.js)%5Cn-%20Added%20web.config%20for%20proper%20Azure%20App%20Service%20Node.js%20configuration%5Cn-%20Enhanced%20error%20handling%20in%20debug%20server%20to%20prevent%20crashes%5Cn-%20Ensured%20robust%20server%20startup%20for%20Azure%20environment%22%7D" method="POST" type="request" pid="831,1,24" Host="emergency-assistance-bfckhjejb3fbf9du.scm.japanwest-01.azurewebsites.net" User-Agent="GITHUBACTIONS_DeployWebAppToAzure_6afaea893f47a147fa5dac857d1041ffd4a8f022e29971635168cd4dcb90f2c0" Authorization="Bas..." Content-Type="application/octet-stream" Cookie="ARRAffinity=22b10c938bfb8149b35fcbcb38624f0710e5df8fb4c8f5ac3083a96e2b0cc607;Path=/;HttpOnly;Secure;Domain=emergency-assistance-bfckhjejb3fbf9du.scm.japanwest-01.azurewebsites.net; ARRAffinitySameSite=22b10c938bfb8149b35fcbcb38624f0710e5df8fb4c8f5ac3083a96e2b0cc607;Path=/;HttpOnly;SameSite=None;Secure;Domain=emergency-assistance-bfckhjejb3fbf9du.scm.japanwest-01.azurewebsites.net" Transfer-Encoding="chunked" X-ARR-LOG-ID="4da1e7a7-9673-4200-8f75-3172d61f1b0b" CLIENT-IP="48.214.53.115:8192" X-SITE-DEPLOYMENT-ID="Emergency-Assistance" WAS-DEFAULT-HOSTNAME="emergency-assistance-bfckhjejb3fbf9du.scm.japanwest-01.azurewebsites.net" X-Forwarded-Proto="https" X-AppService-Proto="https" X-Forwarded-TlsVersion="1.3" X-WAWS-Unencoded-URL="/api/publish?async=true&amp;deployer=GITHUB_ONE_DEPLOY&amp;type=zip&amp;message=%7B%22type%22%3A%22deployment%22%2C%22sha%22%3A%2241c0e7d5198d64cc284af182464c6060573ebbdc%22%2C%22repoName%22%3A%22Satoshi-Niina%2FEmergency-Assistance%22%2C%22actor%22%3A%22Satoshi-Niina%22%2C%22slotName%22%3A%22production%22%2C%22commitMessage%22%3A%22Fix%20503%20server%20error%3A%20Correct%20package.json%20start%20script%20and%20add%20web.config%5Cn%5Cn-%20Fixed%20package.json%20start%20script%20to%20use%20correct%20entry%20point%20(index.js)%5Cn-%20Added%20web.config%20for%20proper%20Azure%20App%20Service%20Node.js%20configuration%5Cn-%20Enhanced%20error%20handling%20in%20debug%20server%20to%20prevent%20crashes%5Cn-%20Ensured%20robust%20server%20startup%20for%20Azure%20environment%22%7D" X-Client-IP="48.214.53.115" X-Client-Port="8192" >
  <step title="Cleanup Xml Logs" date="2025-11-08T03:47:53.205" /><!-- duration: 8ms -->
  <step title="OneDeploy" date="2025-11-08T03:47:53.246" >
    <step title="Starting PushDeployAsync" date="2025-11-08T03:47:53.267" /><!-- duration: 3ms -->
    <step title="Removing node_modules symlink" date="2025-11-08T03:47:53.287" >
      <step title="Writing artifact to /tmp/zipdeploy/058d7c70-a8ba-429a-9707-4e6f7b07141f.zip" date="2025-11-08T03:47:53.338" >
        <step title="Writing multipart request body to /tmp/zipdeploy/058d7c70-a8ba-429a-9707-4e6f7b07141f.zip" date="2025-11-08T03:47:53.342" /><!-- duration: 14ms -->
      </step><!-- duration: 2932ms -->
      <step title="Start deployment in the background" date="2025-11-08T03:47:56.284" >
        <step title="Acquiring Deployment Lock" date="2025-11-08T03:47:56.312" /><!-- duration: 15ms -->
        <step title="Acquired Deployment Lock" date="2025-11-08T03:47:56.396" /><!-- duration: 4ms -->
      </step><!-- duration: 217ms -->
    </step><!-- duration: 3218ms -->
    <step title="Outgoing response" date="2025-11-08T03:47:56.510" type="response" statusCode="202" statusText="Accepted" /><!-- duration: 4ms -->
  </step><!-- duration: 3271ms -->
