<step title="Incoming Request" date="2025-11-08T07:43:10.875" instance="22b10c" url="/api/publish?async=true&amp;deployer=GITHUB_ONE_DEPLOY&amp;type=zip&amp;message=%7B%22type%22%3A%22deployment%22%2C%22sha%22%3A%222354f5e58a424c94af97737e48e8208153eb6bc8%22%2C%22repoName%22%3A%22Satoshi-Niina%2FEmergency-Assistance%22%2C%22actor%22%3A%22Satoshi-Niina%22%2C%22slotName%22%3A%22production%22%2C%22commitMessage%22%3A%22Fix%3A%20Update%20npm%20config%20to%20use%20modern%20flags%20-%20replace%20deprecated%20--no-optional%20with%20--omit%3Doptional%20and%20use%20environment%20variables%22%7D" method="POST" type="request" pid="831,1,38" Host="emergency-assistance-bfckhjejb3fbf9du.scm.japanwest-01.azurewebsites.net" User-Agent="GITHUBACTIONS_DeployWebAppToAzure_6afaea893f47a147fa5dac857d1041ffd4a8f022e29971635168cd4dcb90f2c0" Authorization="Bas..." Content-Type="application/octet-stream" Cookie="ARRAffinity=22b10c938bfb8149b35fcbcb38624f0710e5df8fb4c8f5ac3083a96e2b0cc607;Path=/;HttpOnly;Secure;Domain=emergency-assistance-bfckhjejb3fbf9du.scm.japanwest-01.azurewebsites.net; ARRAffinitySameSite=22b10c938bfb8149b35fcbcb38624f0710e5df8fb4c8f5ac3083a96e2b0cc607;Path=/;HttpOnly;SameSite=None;Secure;Domain=emergency-assistance-bfckhjejb3fbf9du.scm.japanwest-01.azurewebsites.net" Transfer-Encoding="chunked" X-ARR-LOG-ID="8cb61203-537e-4a66-af44-3cdc601185f6" CLIENT-IP="52.225.25.48:64448" X-SITE-DEPLOYMENT-ID="Emergency-Assistance" WAS-DEFAULT-HOSTNAME="emergency-assistance-bfckhjejb3fbf9du.scm.japanwest-01.azurewebsites.net" X-Forwarded-Proto="https" X-AppService-Proto="https" X-Forwarded-TlsVersion="1.3" X-WAWS-Unencoded-URL="/api/publish?async=true&amp;deployer=GITHUB_ONE_DEPLOY&amp;type=zip&amp;message=%7B%22type%22%3A%22deployment%22%2C%22sha%22%3A%222354f5e58a424c94af97737e48e8208153eb6bc8%22%2C%22repoName%22%3A%22Satoshi-Niina%2FEmergency-Assistance%22%2C%22actor%22%3A%22Satoshi-Niina%22%2C%22slotName%22%3A%22production%22%2C%22commitMessage%22%3A%22Fix%3A%20Update%20npm%20config%20to%20use%20modern%20flags%20-%20replace%20deprecated%20--no-optional%20with%20--omit%3Doptional%20and%20use%20environment%20variables%22%7D" X-Client-IP="52.225.25.48" X-Client-Port="64448" >
  <step title="Cleanup Xml Logs" date="2025-11-08T07:43:10.915" >
    <step title="Cleanup Infos" date="2025-11-08T07:43:10.935" totalFiles="221" totalCleanup="61" /><!-- duration: 22ms -->
  </step><!-- duration: 45ms -->
  <step title="OneDeploy" date="2025-11-08T07:43:10.990" >
    <step title="Starting PushDeployAsync" date="2025-11-08T07:43:11.007" /><!-- duration: 4ms -->
    <step title="Removing node_modules symlink" date="2025-11-08T07:43:11.032" >
      <step title="Removing _del_node_modules symlink" date="2025-11-08T07:43:11.309" >
        <step title="Writing artifact to /tmp/zipdeploy/32aab8ef-6f32-46e0-b892-907fa30284f9.zip" date="2025-11-08T07:43:11.350" >
          <step title="Writing multipart request body to /tmp/zipdeploy/32aab8ef-6f32-46e0-b892-907fa30284f9.zip" date="2025-11-08T07:43:11.366" /><!-- duration: 5ms -->
        </step><!-- duration: 3839ms -->
        <step title="Start deployment in the background" date="2025-11-08T07:43:15.210" >
          <step title="Acquiring Deployment Lock" date="2025-11-08T07:43:15.278" /><!-- duration: 4ms -->
          <step title="Acquired Deployment Lock" date="2025-11-08T07:43:15.333" /><!-- duration: 4ms -->
        </step><!-- duration: 234ms -->
      </step><!-- duration: 4147ms -->
      <step title="Outgoing response" date="2025-11-08T07:43:15.462" type="response" statusCode="202" statusText="Accepted" /><!-- duration: 5ms -->
    </step><!-- duration: 4439ms -->
