<step title="Incoming Request" date="2025-11-08T10:31:02.539" instance="22b10c" url="/api/deployments/latest?deployer=OneDeploy&amp;time=2025-11-08_10-29-16Z" method="GET" type="request" pid="833,1,18" Host="emergency-assistance-bfckhjejb3fbf9du.scm.japanwest-01.azurewebsites.net" User-Agent="GITHUBACTIONS_DeployWebAppToAzure_6afaea893f47a147fa5dac857d1041ffd4a8f022e29971635168cd4dcb90f2c0" Authorization="Bas..." Content-Type="application/json; charset=utf-8" Cookie="ARRAffinity=22b10c938bfb8149b35fcbcb38624f0710e5df8fb4c8f5ac3083a96e2b0cc607;Path=/;HttpOnly;Secure;Domain=emergency-assistance-bfckhjejb3fbf9du.scm.japanwest-01.azurewebsites.net; ARRAffinitySameSite=22b10c938bfb8149b35fcbcb38624f0710e5df8fb4c8f5ac3083a96e2b0cc607;Path=/;HttpOnly;SameSite=None;Secure;Domain=emergency-assistance-bfckhjejb3fbf9du.scm.japanwest-01.azurewebsites.net" Content-Length="0" X-ARR-LOG-ID="f1c4b275-b30c-4a3a-8957-9cc19c4bf585" CLIENT-IP="172.184.210.34:33808" X-SITE-DEPLOYMENT-ID="Emergency-Assistance" WAS-DEFAULT-HOSTNAME="emergency-assistance-bfckhjejb3fbf9du.scm.japanwest-01.azurewebsites.net" X-Forwarded-Proto="https" X-AppService-Proto="https" X-Forwarded-TlsVersion="1.3" X-WAWS-Unencoded-URL="/api/deployments/latest?deployer=OneDeploy&amp;time=2025-11-08_10-29-16Z" X-Client-IP="172.184.210.34" X-Client-Port="33808" >
  <step title="Cleanup Xml Logs" date="2025-11-08T10:31:02.545" >
    <step title="Cleanup Infos" date="2025-11-08T10:31:02.577" totalFiles="397" totalCleanup="237" /><!-- duration: 22ms -->
  </step><!-- duration: 64ms -->
  <step title="DeploymentService.GetResult" date="2025-11-08T10:31:02.635" >
    <step title="DeploymentService.GetLatestDeployment" date="2025-11-08T10:31:02.641" >
      <step title="DeploymentManager.GetResults" date="2025-11-08T10:31:02.652" /><!-- duration: 841ms -->
    </step><!-- duration: 855ms -->
  </step><!-- duration: 868ms -->
  <step title="Outgoing response" date="2025-11-08T10:31:03.510" type="response" statusCode="202" statusText="Accepted" /><!-- duration: 6ms -->
</step><!-- duration: 990ms -->
