<step title="Incoming Request" date="2025-07-02T07:25:36.832" instance="345353" url="/api/deployments/latest?deployer=OneDeploy&amp;time=2025-07-02_07-23-42Z" method="GET" type="request" pid="820,1,3" Host="emergency-backend-api-efg6gaawcjdmaggy.scm.japanwest-01.azurewebsites.net" User-Agent="GITHUBACTIONS_DeployWebAppToAzure_6afaea893f47a147fa5dac857d1041ffd4a8f022e29971635168cd4dcb90f2c0" Authorization="Bea..." Content-Type="application/json; charset=utf-8" Cookie="ARRAffinity=345353a6e2e5ca1cb44ba615462d7ac6ac166df501ae2807c92c9581cdccacea;Path=/;HttpOnly;Secure;Domain=emergency-backend-api-efg6gaawcjdmaggy.scm.japanwest-01.azurewebsites.net; ARRAffinitySameSite=345353a6e2e5ca1cb44ba615462d7ac6ac166df501ae2807c92c9581cdccacea;Path=/;HttpOnly;SameSite=None;Secure;Domain=emergency-backend-api-efg6gaawcjdmaggy.scm.japanwest-01.azurewebsites.net" Content-Length="0" X-ARR-LOG-ID="54b6e0f1-007a-4238-af63-a49bd18b3638" CLIENT-IP="4.227.220.251:7104" X-SITE-DEPLOYMENT-ID="emergency-backend-api" WAS-DEFAULT-HOSTNAME="emergency-backend-api-efg6gaawcjdmaggy.scm.japanwest-01.azurewebsites.net" X-Forwarded-Proto="https" X-AppService-Proto="https" X-Forwarded-TlsVersion="1.3" X-WAWS-Unencoded-URL="/api/deployments/latest?deployer=OneDeploy&amp;time=2025-07-02_07-23-42Z" X-Client-IP="4.227.220.251" X-Client-Port="7104" >
  <step title="Cleanup Xml Logs" date="2025-07-02T07:25:36.833" >
    <step title="Cleanup Infos" date="2025-07-02T07:25:36.850" totalFiles="318" totalCleanup="158" /><!-- duration: 1ms -->
  </step><!-- duration: 20ms -->
  <step title="DeploymentService.GetResult" date="2025-07-02T07:25:36.862" >
    <step title="DeploymentService.GetLatestDeployment" date="2025-07-02T07:25:36.869" >
      <step title="DeploymentManager.GetResults" date="2025-07-02T07:25:36.870" /><!-- duration: 457ms -->
    </step><!-- duration: 476ms -->
  </step><!-- duration: 484ms -->
  <step title="Outgoing response" date="2025-07-02T07:25:37.356" type="response" statusCode="202" statusText="Accepted" /><!-- duration: 1ms -->
</step><!-- duration: 526ms -->
