<step title="BackgroundTrace" date="2025-11-08T05:57:56.456" instance="22b10c" url="/api/publish" method="POST" >
  <step title="Creating temporary deployment - FetchDeploymentManager" date="2025-11-08T05:57:56.514" /><!-- duration: 3ms -->
  <step title="Creating temporary deployment" date="2025-11-08T05:57:56.522" /><!-- duration: 89ms -->
  <step title="Performing fetch based deployment" date="2025-11-08T05:57:56.650" >
    <step title="Cleaning up temp folders from previous zip deployments and extracting pushed zip file /tmp/zipdeploy/b2c9654f-188e-4c23-9268-a400d3cf3b1c.zip (45.41 MB) to /tmp/zipdeploy/extracted" date="2025-11-08T05:57:57.971" >
      <step title="ChmodRecursive Process exited with total time taken in ms: 177" date="2025-11-08T05:58:04.382" /><!-- duration: 4ms -->
    </step><!-- duration: 6441ms -->
    <step title="Deployment timer started" date="2025-11-08T05:58:06.423" >
      <step title="DeploymentManager.Deploy(id:7aa2bd79-17a1-42cc-9bb8-7c97f9fed62a)" date="2025-11-08T05:58:06.432" >
        <step title="Collecting changeset information" date="2025-11-08T05:58:06.453" /><!-- duration: 159ms -->
        <step title="Updating submodules" date="2025-11-08T05:58:06.618" /><!-- duration: 1147ms -->
        <step title="Determining deployment builder" date="2025-11-08T05:58:08.012" >
          <step title="Builder is OneDeployBuilder" date="2025-11-08T05:58:08.042" /><!-- duration: 4ms -->
        </step><!-- duration: 42ms -->
        <step title="PreDeployment: context.CleanOutputPath False" date="2025-11-08T05:58:08.120" >
          <step title="PreDeployment: context.OutputPath /home/site/wwwroot" date="2025-11-08T05:58:08.267" >
            <step title="Building" date="2025-11-08T05:58:08.433" >
              <step title="Executing external process" date="2025-11-08T05:58:09.206" type="process" path="starter.sh" arguments="/opt/Kudu/Scripts/absoluteTar.sh /tmp/zipdeploy/extracted/node_modules /tmp/zipdeploy/extracted/node_modules.tar.gz" /><!-- duration: 1665ms -->
              <step title="Executing external process" date="2025-11-08T05:58:11.392" type="process" path="starter.sh" arguments="/opt/Kudu/Scripts/parallel_rsync.sh /tmp/zipdeploy/extracted /home/site/wwwroot 8 /tmp/ False False node_modules " /><!-- duration: 44918ms -->
              <step title="Modified file to trigger a restart of the app container." date="2025-11-08T05:58:57.155" /><!-- duration: 3ms -->
              <step title="Skip function trigger and logicapp sync because function is not enabled." date="2025-11-08T05:58:57.169" /><!-- duration: 13ms -->
              <step title="Purge deployment items" date="2025-11-08T05:58:58.311" >
                <step title="Remove 45c492cc-, Success, received at 11/08/2025 02:26:14" date="2025-11-08T05:58:58.369" /><!-- duration: 3ms -->
              </step><!-- duration: 65ms -->
            </step><!-- duration: 50038ms -->
          </step><!-- duration: 50228ms -->
          <step title="Cleaning up temp files" date="2025-11-08T05:58:58.503" /><!-- duration: 4ms -->
          <step title="Cleaning up temp files" date="2025-11-08T05:58:58.514" /><!-- duration: 528ms -->
          <step title="Reloading status file with latest updates" date="2025-11-08T05:58:59.068" >
            <step title="WebHooksManager.PublishEventAsync: PostDeployment" date="2025-11-08T05:58:59.077" /><!-- duration: 48ms -->
          </step><!-- duration: 60ms -->
          <step title="Cleaning up temporary deployment - fetch deployment was successful" date="2025-11-08T05:58:59.135" /><!-- duration: 4ms -->
        </step><!-- duration: 51099ms -->
      </step><!-- duration: 52838ms -->
