<step title="Incoming Request" date="2025-11-08T08:55:11.939" instance="22b10c" url="/api/deployments/latest?deployer=OneDeploy&amp;time=2025-11-08_08-54-51Z" method="GET" type="request" pid="831,1,22" Host="emergency-assistance-bfckhjejb3fbf9du.scm.japanwest-01.azurewebsites.net" User-Agent="GITHUBACTIONS_DeployWebAppToAzure_6afaea893f47a147fa5dac857d1041ffd4a8f022e29971635168cd4dcb90f2c0" Authorization="Bas..." Content-Type="application/json; charset=utf-8" Cookie="ARRAffinity=22b10c938bfb8149b35fcbcb38624f0710e5df8fb4c8f5ac3083a96e2b0cc607;Path=/;HttpOnly;Secure;Domain=emergency-assistance-bfckhjejb3fbf9du.scm.japanwest-01.azurewebsites.net; ARRAffinitySameSite=22b10c938bfb8149b35fcbcb38624f0710e5df8fb4c8f5ac3083a96e2b0cc607;Path=/;HttpOnly;SameSite=None;Secure;Domain=emergency-assistance-bfckhjejb3fbf9du.scm.japanwest-01.azurewebsites.net" Content-Length="0" X-ARR-LOG-ID="b26d5ef7-2264-43a0-886e-1f31bf21b1e8" CLIENT-IP="145.132.102.178:15361" X-SITE-DEPLOYMENT-ID="Emergency-Assistance" WAS-DEFAULT-HOSTNAME="emergency-assistance-bfckhjejb3fbf9du.scm.japanwest-01.azurewebsites.net" X-Forwarded-Proto="https" X-AppService-Proto="https" X-Forwarded-TlsVersion="1.3" X-WAWS-Unencoded-URL="/api/deployments/latest?deployer=OneDeploy&amp;time=2025-11-08_08-54-51Z" X-Client-IP="145.132.102.178" X-Client-Port="15361" >
  <step title="Cleanup Xml Logs" date="2025-11-08T08:55:11.949" >
    <step title="Cleanup Infos" date="2025-11-08T08:55:12.007" totalFiles="338" totalCleanup="178" /><!-- duration: 21ms -->
  </step><!-- duration: 89ms -->
  <step title="DeploymentService.GetResult" date="2025-11-08T08:55:12.077" >
    <step title="DeploymentService.GetLatestDeployment" date="2025-11-08T08:55:12.088" >
      <step title="DeploymentManager.GetResults" date="2025-11-08T08:55:12.107" /><!-- duration: 1160ms -->
    </step><!-- duration: 1201ms -->
  </step><!-- duration: 1230ms -->
  <step title="Outgoing response" date="2025-11-08T08:55:13.319" type="response" statusCode="202" statusText="Accepted" /><!-- duration: 17ms -->
</step><!-- duration: 1409ms -->
