<step title="BackgroundTrace" date="2025-06-28T04:52:47.865" instance="345353" url="/api/zipdeploy" method="POST" >
  <step title="Creating temporary deployment - FetchDeploymentManager" date="2025-06-28T04:52:47.907" /><!-- duration: 1ms -->
  <step title="Creating temporary deployment" date="2025-06-28T04:52:47.914" /><!-- duration: 53ms -->
  <step title="Performing fetch based deployment" date="2025-06-28T04:52:48.012" >
    <step title="Cleaning up temp folders from previous zip deployments and extracting pushed zip file /tmp/zipdeploy/3e62ba6c-279a-413a-b074-4c911638fc89.zip (0.33 MB) to /tmp/zipdeploy/extracted" date="2025-06-28T04:52:49.117" >
      <step title="ChmodRecursive Process exited with total time taken in ms: 69" date="2025-06-28T04:52:49.326" /><!-- duration: 1ms -->
    </step><!-- duration: 210ms -->
    <step title="Deployment timer started" date="2025-06-28T04:52:51.341" >
      <step title="DeploymentManager.Deploy(id:424cbe7d-2f72-4f54-be66-08fbdcefad65)" date="2025-06-28T04:52:51.359" >
        <step title="Collecting changeset information" date="2025-06-28T04:52:51.370" /><!-- duration: 61ms -->
        <step title="Updating submodules" date="2025-06-28T04:52:51.440" /><!-- duration: 1074ms -->
        <step title="Determining deployment builder" date="2025-06-28T04:52:52.623" >
          <step title="Builder is BasicBuilder" date="2025-06-28T04:52:52.632" /><!-- duration: 1ms -->
        </step><!-- duration: 10ms -->
        <step title="PreDeployment: context.CleanOutputPath False" date="2025-06-28T04:52:52.681" >
          <step title="PreDeployment: context.OutputPath /home/site/wwwroot" date="2025-06-28T04:52:52.742" >
            <step title="Building" date="2025-06-28T04:52:52.822" >
              <step title="Executing external process" date="2025-06-28T04:52:52.977" type="process" path="starter.sh" arguments="/opt/Kudu/Scripts/parallel_rsync.sh /tmp/zipdeploy/extracted /home/site/wwwroot 8 /tmp/ False True  " /><!-- duration: 3300ms -->
              <step title="Triggering recycle (preview mode disabled)." date="2025-06-28T04:52:56.515" /><!-- duration: 1ms -->
              <step title="Modified file to trigger a restart of the app container." date="2025-06-28T04:52:56.556" /><!-- duration: 1ms -->
              <step title="Skip function trigger and logicapp sync because function is not enabled." date="2025-06-28T04:52:56.565" /><!-- duration: 1ms -->
            </step><!-- duration: 4352ms -->
          </step><!-- duration: 4433ms -->
          <step title="Cleaning up temp files" date="2025-06-28T04:52:57.176" /><!-- duration: 6ms -->
          <step title="Cleaning up temp files" date="2025-06-28T04:52:57.184" /><!-- duration: 509ms -->
          <step title="Reloading status file with latest updates" date="2025-06-28T04:52:57.709" >
            <step title="WebHooksManager.PublishEventAsync: PostDeployment" date="2025-06-28T04:52:57.716" /><!-- duration: 71ms -->
          </step><!-- duration: 79ms -->
          <step title="Cleaning up temporary deployment - fetch deployment was successful" date="2025-06-28T04:52:57.790" /><!-- duration: 1ms -->
        </step><!-- duration: 5158ms -->
      </step><!-- duration: 6484ms -->
