<step title="Incoming Request" date="2025-06-28T11:13:06.459" instance="345353" url="/api/zipdeploy?isAsync=true&amp;deployer=GITHUB_ZIP_DEPLOY&amp;message=%7B%22type%22%3A%22deployment%22%2C%22sha%22%3A%2261a0e9d5caf584333ccbee08da8a67c15c9fd5aa%22%2C%22repoName%22%3A%22Satoshi-Niina%2FEmergency-Assistance%22%2C%22actor%22%3A%22Satoshi-Niina%22%2C%22slotName%22%3A%22production%22%2C%22commitMessage%22%3A%22azure%E3%81%AE%E3%83%95%E3%83%AD%E3%83%B3%E3%83%88%2F%E3%82%B5%E3%83%BC%E3%83%90%E3%83%BC%E6%8E%A5%E7%B6%9A%E8%A8%AD%E5%AE%9A%E3%81%AE%E4%BF%AE%E6%AD%A3%22%7D" method="POST" type="request" pid="820,1,3" Host="emergency-backend-api-efg6gaawcjdmaggy.scm.japanwest-01.azurewebsites.net" User-Agent="GITHUBACTIONS_DeployWebAppToAzure_6afaea893f47a147fa5dac857d1041ffd4a8f022e29971635168cd4dcb90f2c0" Authorization="Bas..." Content-Type="application/octet-stream" Cookie="ARRAffinity=345353a6e2e5ca1cb44ba615462d7ac6ac166df501ae2807c92c9581cdccacea;Path=/;HttpOnly;Secure;Domain=emergency-backend-api-efg6gaawcjdmaggy.scm.japanwest-01.azurewebsites.net; ARRAffinitySameSite=345353a6e2e5ca1cb44ba615462d7ac6ac166df501ae2807c92c9581cdccacea;Path=/;HttpOnly;SameSite=None;Secure;Domain=emergency-backend-api-efg6gaawcjdmaggy.scm.japanwest-01.azurewebsites.net" Transfer-Encoding="chunked" X-ARR-LOG-ID="1a1e303f-6db5-4032-b9d2-7c9b96fee10f" CLIENT-IP="51.57.68.173:1024" X-SITE-DEPLOYMENT-ID="emergency-backend-api" WAS-DEFAULT-HOSTNAME="emergency-backend-api-efg6gaawcjdmaggy.scm.japanwest-01.azurewebsites.net" X-Forwarded-Proto="https" X-AppService-Proto="https" X-Forwarded-TlsVersion="1.3" X-WAWS-Unencoded-URL="/api/zipdeploy?isAsync=true&amp;deployer=GITHUB_ZIP_DEPLOY&amp;message=%7B%22type%22%3A%22deployment%22%2C%22sha%22%3A%2261a0e9d5caf584333ccbee08da8a67c15c9fd5aa%22%2C%22repoName%22%3A%22Satoshi-Niina%2FEmergency-Assistance%22%2C%22actor%22%3A%22Satoshi-Niina%22%2C%22slotName%22%3A%22production%22%2C%22commitMessage%22%3A%22azure%E3%81%AE%E3%83%95%E3%83%AD%E3%83%B3%E3%83%88%2F%E3%82%B5%E3%83%BC%E3%83%90%E3%83%BC%E6%8E%A5%E7%B6%9A%E8%A8%AD%E5%AE%9A%E3%81%AE%E4%BF%AE%E6%AD%A3%22%7D" X-Client-IP="51.57.68.173" X-Client-Port="1024" >
  <step title="ZipPushDeploy" date="2025-06-28T11:13:06.483" >
    <step title="ZipDeploy. Extract zip." date="2025-06-28T11:13:06.493" /><!-- duration: 1ms -->
    <step title="Starting PushDeployAsync" date="2025-06-28T11:13:06.496" /><!-- duration: 1ms -->
    <step title="Writing artifact to /tmp/zipdeploy/32240db3-c9fd-40ca-b701-79de933f67e6.zip" date="2025-06-28T11:13:06.509" >
      <step title="Writing multipart request body to /tmp/zipdeploy/32240db3-c9fd-40ca-b701-79de933f67e6.zip" date="2025-06-28T11:13:06.511" /><!-- duration: 1ms -->
    </step><!-- duration: 302ms -->
    <step title="Start deployment in the background" date="2025-06-28T11:13:06.814" >
      <step title="Acquiring Deployment Lock" date="2025-06-28T11:13:06.843" /><!-- duration: 1ms -->
      <step title="Acquired Deployment Lock" date="2025-06-28T11:13:06.874" /><!-- duration: 1ms -->
    </step><!-- duration: 119ms -->
  </step><!-- duration: 453ms -->
  <step title="Outgoing response" date="2025-06-28T11:13:06.937" type="response" statusCode="202" statusText="Accepted" /><!-- duration: 1ms -->
</step><!-- duration: 479ms -->
