<step title="Incoming Request" date="2025-11-08T10:26:17.665" instance="22b10c" url="/api/deployments/latest?deployer=OneDeploy&amp;time=2025-11-08_10-24-55Z" method="GET" type="request" pid="833,1,20" Host="emergency-assistance-bfckhjejb3fbf9du.scm.japanwest-01.azurewebsites.net" User-Agent="GITHUBACTIONS_DeployWebAppToAzure_6afaea893f47a147fa5dac857d1041ffd4a8f022e29971635168cd4dcb90f2c0" Authorization="Bas..." Content-Type="application/json; charset=utf-8" Cookie="ARRAffinity=22b10c938bfb8149b35fcbcb38624f0710e5df8fb4c8f5ac3083a96e2b0cc607;Path=/;HttpOnly;Secure;Domain=emergency-assistance-bfckhjejb3fbf9du.scm.japanwest-01.azurewebsites.net; ARRAffinitySameSite=22b10c938bfb8149b35fcbcb38624f0710e5df8fb4c8f5ac3083a96e2b0cc607;Path=/;HttpOnly;SameSite=None;Secure;Domain=emergency-assistance-bfckhjejb3fbf9du.scm.japanwest-01.azurewebsites.net" Content-Length="0" X-ARR-LOG-ID="48ed46c9-e695-4069-a42c-4d60d72e7f20" CLIENT-IP="132.196.19.19:45082" X-SITE-DEPLOYMENT-ID="Emergency-Assistance" WAS-DEFAULT-HOSTNAME="emergency-assistance-bfckhjejb3fbf9du.scm.japanwest-01.azurewebsites.net" X-Forwarded-Proto="https" X-AppService-Proto="https" X-Forwarded-TlsVersion="1.3" X-WAWS-Unencoded-URL="/api/deployments/latest?deployer=OneDeploy&amp;time=2025-11-08_10-24-55Z" X-Client-IP="132.196.19.19" X-Client-Port="45082" >
  <step title="Cleanup Xml Logs" date="2025-11-08T10:26:17.723" >
    <step title="Cleanup Infos" date="2025-11-08T10:26:17.809" totalFiles="368" totalCleanup="208" /><!-- duration: 11ms -->
  </step><!-- duration: 107ms -->
  <step title="DeploymentService.GetResult" date="2025-11-08T10:26:17.865" >
    <step title="DeploymentService.GetLatestDeployment" date="2025-11-08T10:26:17.886" >
      <step title="DeploymentManager.GetResults" date="2025-11-08T10:26:17.906" /><!-- duration: 961ms -->
    </step><!-- duration: 1014ms -->
  </step><!-- duration: 1043ms -->
  <step title="Outgoing response" date="2025-11-08T10:26:18.916" type="response" statusCode="202" statusText="Accepted" /><!-- duration: 17ms -->
</step><!-- duration: 1277ms -->
