<step title="Incoming Request" date="2025-11-08T11:10:51.242" instance="22b10c" url="/api/publish?async=true&amp;deployer=GITHUB_ONE_DEPLOY&amp;type=zip&amp;message=%7B%22type%22%3A%22deployment%22%2C%22sha%22%3A%22daa5a676ca9469cfa5006aec4ce11b7441aeb2a5%22%2C%22repoName%22%3A%22Satoshi-Niina%2FEmergency-Assistance%22%2C%22actor%22%3A%22Satoshi-Niina%22%2C%22slotName%22%3A%22production%22%2C%22commitMessage%22%3A%22Fix%20Azure%20App%20Service%20Docker%20configuration%20-%20force%20code%20deployment%22%7D" method="POST" type="request" pid="768,1,15" Host="emergency-assistance-bfckhjejb3fbf9du.scm.japanwest-01.azurewebsites.net" User-Agent="GITHUBACTIONS_DeployWebAppToAzure_6afaea893f47a147fa5dac857d1041ffd4a8f022e29971635168cd4dcb90f2c0" Authorization="Bas..." Content-Type="application/octet-stream" Cookie="ARRAffinity=22b10c938bfb8149b35fcbcb38624f0710e5df8fb4c8f5ac3083a96e2b0cc607;Path=/;HttpOnly;Secure;Domain=emergency-assistance-bfckhjejb3fbf9du.scm.japanwest-01.azurewebsites.net; ARRAffinitySameSite=22b10c938bfb8149b35fcbcb38624f0710e5df8fb4c8f5ac3083a96e2b0cc607;Path=/;HttpOnly;SameSite=None;Secure;Domain=emergency-assistance-bfckhjejb3fbf9du.scm.japanwest-01.azurewebsites.net" Transfer-Encoding="chunked" X-ARR-LOG-ID="3befb4b2-953d-4251-9fd2-154f773f2313" CLIENT-IP="172.184.219.160:44032" X-SITE-DEPLOYMENT-ID="Emergency-Assistance" WAS-DEFAULT-HOSTNAME="emergency-assistance-bfckhjejb3fbf9du.scm.japanwest-01.azurewebsites.net" X-Forwarded-Proto="https" X-AppService-Proto="https" X-Forwarded-TlsVersion="1.3" X-WAWS-Unencoded-URL="/api/publish?async=true&amp;deployer=GITHUB_ONE_DEPLOY&amp;type=zip&amp;message=%7B%22type%22%3A%22deployment%22%2C%22sha%22%3A%22daa5a676ca9469cfa5006aec4ce11b7441aeb2a5%22%2C%22repoName%22%3A%22Satoshi-Niina%2FEmergency-Assistance%22%2C%22actor%22%3A%22Satoshi-Niina%22%2C%22slotName%22%3A%22production%22%2C%22commitMessage%22%3A%22Fix%20Azure%20App%20Service%20Docker%20configuration%20-%20force%20code%20deployment%22%7D" X-Client-IP="172.184.219.160" X-Client-Port="44032" >
  <step title="OneDeploy" date="2025-11-08T11:10:51.337" >
    <step title="None repository commit" date="2025-11-08T11:10:51.366" >
      <step title="Commit id: 2f2a3fb4-6ca1-4f41-9dbc-32eccdaa8b74" date="2025-11-08T11:10:51.371" Message="N/A" AuthorName="N/A" AuthorEmail="N/A" /><!-- duration: 4ms -->
    </step><!-- duration: 12ms -->
    <step title="Starting PushDeployAsync" date="2025-11-08T11:10:51.381" /><!-- duration: 3ms -->
    <step title="Removing node_modules symlink" date="2025-11-08T11:10:51.428" >
      <step title="Removing _del_node_modules symlink" date="2025-11-08T11:10:51.601" >
        <step title="Writing artifact to /tmp/zipdeploy/0bc07be6-f6ae-4afa-ac0e-954c0306c9eb.zip" date="2025-11-08T11:10:51.667" >
          <step title="Writing multipart request body to /tmp/zipdeploy/0bc07be6-f6ae-4afa-ac0e-954c0306c9eb.zip" date="2025-11-08T11:10:51.689" /><!-- duration: 21ms -->
        </step><!-- duration: 5932ms -->
        <step title="Removing previous build artifact&apos;s manifest file" date="2025-11-08T11:10:57.644" >
          <step title="Start deployment in the background" date="2025-11-08T11:10:57.698" >
            <step title="Acquiring Deployment Lock" date="2025-11-08T11:10:57.988" /><!-- duration: 11ms -->
            <step title="Acquired Deployment Lock" date="2025-11-08T11:10:58.109" /><!-- duration: 4ms -->
          </step><!-- duration: 613ms -->
        </step><!-- duration: 708ms -->
        <step title="Outgoing response" date="2025-11-08T11:10:58.442" type="response" statusCode="202" statusText="Accepted" /><!-- duration: 11ms -->
      </step><!-- duration: 6860ms -->
