<step title="BackgroundTrace" date="2025-06-28T08:58:44.723" instance="345353" url="/api/zipdeploy" method="POST" >
  <step title="Creating temporary deployment - FetchDeploymentManager" date="2025-06-28T08:58:44.762" /><!-- duration: 1ms -->
  <step title="Creating temporary deployment" date="2025-06-28T08:58:44.769" /><!-- duration: 54ms -->
  <step title="Performing fetch based deployment" date="2025-06-28T08:58:44.836" >
    <step title="Cleaning up temp folders from previous zip deployments and extracting pushed zip file /tmp/zipdeploy/48c6a289-69f8-4523-a442-57614c5a9ff7.zip (0.33 MB) to /tmp/zipdeploy/extracted" date="2025-06-28T08:58:45.941" >
      <step title="ChmodRecursive Process exited with total time taken in ms: 30" date="2025-06-28T08:58:46.083" /><!-- duration: 1ms -->
    </step><!-- duration: 144ms -->
    <step title="Deployment timer started" date="2025-06-28T08:58:48.100" >
      <step title="DeploymentManager.Deploy(id:edca2b24-be3d-4a3b-905f-bc8be626596f)" date="2025-06-28T08:58:48.120" >
        <step title="Collecting changeset information" date="2025-06-28T08:58:48.143" /><!-- duration: 137ms -->
        <step title="Updating submodules" date="2025-06-28T08:58:48.282" /><!-- duration: 1154ms -->
        <step title="Determining deployment builder" date="2025-06-28T08:58:49.529" >
          <step title="Builder is BasicBuilder" date="2025-06-28T08:58:49.533" /><!-- duration: 1ms -->
        </step><!-- duration: 6ms -->
        <step title="PreDeployment: context.CleanOutputPath False" date="2025-06-28T08:58:49.583" >
          <step title="PreDeployment: context.OutputPath /home/site/wwwroot" date="2025-06-28T08:58:49.654" >
            <step title="Building" date="2025-06-28T08:58:49.738" >
              <step title="Executing external process" date="2025-06-28T08:58:49.892" type="process" path="starter.sh" arguments="/opt/Kudu/Scripts/parallel_rsync.sh /tmp/zipdeploy/extracted /home/site/wwwroot 8 /tmp/ False True  " /><!-- duration: 3164ms -->
              <step title="Triggering recycle (preview mode disabled)." date="2025-06-28T08:58:53.263" /><!-- duration: 1ms -->
              <step title="Modified file to trigger a restart of the app container." date="2025-06-28T08:58:53.294" /><!-- duration: 1ms -->
              <step title="Skip function trigger and logicapp sync because function is not enabled." date="2025-06-28T08:58:53.303" /><!-- duration: 1ms -->
            </step><!-- duration: 4205ms -->
          </step><!-- duration: 4289ms -->
          <step title="Cleaning up temp files" date="2025-06-28T08:58:53.944" /><!-- duration: 2ms -->
          <step title="Cleaning up temp files" date="2025-06-28T08:58:53.957" /><!-- duration: 502ms -->
          <step title="Reloading status file with latest updates" date="2025-06-28T08:58:54.478" >
            <step title="WebHooksManager.PublishEventAsync: PostDeployment" date="2025-06-28T08:58:54.484" /><!-- duration: 13ms -->
          </step><!-- duration: 27ms -->
          <step title="Cleaning up temporary deployment - fetch deployment was successful" date="2025-06-28T08:58:54.506" /><!-- duration: 1ms -->
        </step><!-- duration: 4973ms -->
      </step><!-- duration: 6440ms -->
