<step title="Incoming Request" date="2025-06-29T07:12:25.159" instance="345353" url="/api/zipdeploy?isAsync=true&amp;deployer=GITHUB_ZIP_DEPLOY&amp;message=%7B%22type%22%3A%22deployment%22%2C%22sha%22%3A%22d2bf3647c40218d10fd1677c6e9672a46e6c0377%22%2C%22repoName%22%3A%22Satoshi-Niina%2FEmergency-Assistance%22%2C%22actor%22%3A%22Satoshi-Niina%22%2C%22slotName%22%3A%22production%22%2C%22commitMessage%22%3A%22%E3%83%95%E3%83%AD%E3%83%B3%E3%83%88%E3%82%A8%E3%83%B3%E3%83%89%E3%81%AE%E3%82%A8%E3%83%A9%E3%83%BC%E3%83%8F%E3%83%B3%E3%83%89%E3%83%AA%E3%83%B3%E3%82%B0%E6%94%B9%E5%96%84%20-%20503%E3%82%A8%E3%83%A9%E3%83%BC%E5%AF%BE%E5%BF%9C%22%7D" method="POST" type="request" pid="820,1,29" Host="emergency-backend-api-efg6gaawcjdmaggy.scm.japanwest-01.azurewebsites.net" User-Agent="GITHUBACTIONS_DeployWebAppToAzure_6afaea893f47a147fa5dac857d1041ffd4a8f022e29971635168cd4dcb90f2c0" Authorization="Bas..." Content-Type="application/octet-stream" Cookie="ARRAffinity=345353a6e2e5ca1cb44ba615462d7ac6ac166df501ae2807c92c9581cdccacea;Path=/;HttpOnly;Secure;Domain=emergency-backend-api-efg6gaawcjdmaggy.scm.japanwest-01.azurewebsites.net; ARRAffinitySameSite=345353a6e2e5ca1cb44ba615462d7ac6ac166df501ae2807c92c9581cdccacea;Path=/;HttpOnly;SameSite=None;Secure;Domain=emergency-backend-api-efg6gaawcjdmaggy.scm.japanwest-01.azurewebsites.net" Transfer-Encoding="chunked" X-ARR-LOG-ID="fb7f2d58-d6f3-4a11-b4a3-0a4ce3798a56" CLIENT-IP="20.241.68.103:1024" X-SITE-DEPLOYMENT-ID="emergency-backend-api" WAS-DEFAULT-HOSTNAME="emergency-backend-api-efg6gaawcjdmaggy.scm.japanwest-01.azurewebsites.net" X-Forwarded-Proto="https" X-AppService-Proto="https" X-Forwarded-TlsVersion="1.3" X-WAWS-Unencoded-URL="/api/zipdeploy?isAsync=true&amp;deployer=GITHUB_ZIP_DEPLOY&amp;message=%7B%22type%22%3A%22deployment%22%2C%22sha%22%3A%22d2bf3647c40218d10fd1677c6e9672a46e6c0377%22%2C%22repoName%22%3A%22Satoshi-Niina%2FEmergency-Assistance%22%2C%22actor%22%3A%22Satoshi-Niina%22%2C%22slotName%22%3A%22production%22%2C%22commitMessage%22%3A%22%E3%83%95%E3%83%AD%E3%83%B3%E3%83%88%E3%82%A8%E3%83%B3%E3%83%89%E3%81%AE%E3%82%A8%E3%83%A9%E3%83%BC%E3%83%8F%E3%83%B3%E3%83%89%E3%83%AA%E3%83%B3%E3%82%B0%E6%94%B9%E5%96%84%20-%20503%E3%82%A8%E3%83%A9%E3%83%BC%E5%AF%BE%E5%BF%9C%22%7D" X-Client-IP="20.241.68.103" X-Client-Port="1024" >
  <step title="ZipPushDeploy" date="2025-06-29T07:12:25.188" >
    <step title="ZipDeploy. Extract zip." date="2025-06-29T07:12:25.198" /><!-- duration: 18ms -->
    <step title="Starting PushDeployAsync" date="2025-06-29T07:12:25.218" /><!-- duration: 1ms -->
    <step title="Writing artifact to /tmp/zipdeploy/6527c9bd-6dbf-4756-b433-46020a9b5945.zip" date="2025-06-29T07:12:25.237" >
      <step title="Writing multipart request body to /tmp/zipdeploy/6527c9bd-6dbf-4756-b433-46020a9b5945.zip" date="2025-06-29T07:12:25.238" /><!-- duration: 10ms -->
    </step><!-- duration: 343ms -->
    <step title="Start deployment in the background" date="2025-06-29T07:12:25.582" >
      <step title="Acquiring Deployment Lock" date="2025-06-29T07:12:25.600" /><!-- duration: 1ms -->
      <step title="Acquired Deployment Lock" date="2025-06-29T07:12:25.641" /><!-- duration: 1ms -->
    </step><!-- duration: 111ms -->
  </step><!-- duration: 515ms -->
  <step title="Outgoing response" date="2025-06-29T07:12:25.704" type="response" statusCode="202" statusText="Accepted" /><!-- duration: 1ms -->
</step><!-- duration: 547ms -->
