<step title="Incoming Request" date="2025-07-02T08:42:30.299" instance="345353" url="/api/publish?async=true&amp;deployer=GITHUB_ONE_DEPLOY&amp;type=zip&amp;message=%7B%22type%22%3A%22deployment%22%2C%22sha%22%3A%229986ec7e1d7b11087690def9cc3493179f079c88%22%2C%22repoName%22%3A%22Satoshi-Niina%2FEmergency-Assistance%22%2C%22actor%22%3A%22Satoshi-Niina%22%2C%22slotName%22%3A%22production%22%2C%22commitMessage%22%3A%22%E3%83%87%E3%83%90%E3%83%83%E3%82%B0%E6%83%85%E5%A0%B1%E8%BF%BD%E5%8A%A0%3A%20%E7%92%B0%E5%A2%83%E5%A4%89%E6%95%B0%E3%81%AE%E8%A9%B3%E7%B4%B0%E7%A2%BA%E8%AA%8D%E3%82%92%E8%BF%BD%E5%8A%A0%22%7D" method="POST" type="request" pid="820,1,24" Host="emergency-backend-api-efg6gaawcjdmaggy.scm.japanwest-01.azurewebsites.net" User-Agent="GITHUBACTIONS_DeployWebAppToAzure_6afaea893f47a147fa5dac857d1041ffd4a8f022e29971635168cd4dcb90f2c0" Authorization="Bea..." Content-Type="application/octet-stream" Cookie="ARRAffinity=345353a6e2e5ca1cb44ba615462d7ac6ac166df501ae2807c92c9581cdccacea;Path=/;HttpOnly;Secure;Domain=emergency-backend-api-efg6gaawcjdmaggy.scm.japanwest-01.azurewebsites.net; ARRAffinitySameSite=345353a6e2e5ca1cb44ba615462d7ac6ac166df501ae2807c92c9581cdccacea;Path=/;HttpOnly;SameSite=None;Secure;Domain=emergency-backend-api-efg6gaawcjdmaggy.scm.japanwest-01.azurewebsites.net" Transfer-Encoding="chunked" X-ARR-LOG-ID="e4284a10-6ef6-42bf-87e6-31de62a1f984" CLIENT-IP="40.112.255.120:1024" X-SITE-DEPLOYMENT-ID="emergency-backend-api" WAS-DEFAULT-HOSTNAME="emergency-backend-api-efg6gaawcjdmaggy.scm.japanwest-01.azurewebsites.net" X-Forwarded-Proto="https" X-AppService-Proto="https" X-Forwarded-TlsVersion="1.3" X-WAWS-Unencoded-URL="/api/publish?async=true&amp;deployer=GITHUB_ONE_DEPLOY&amp;type=zip&amp;message=%7B%22type%22%3A%22deployment%22%2C%22sha%22%3A%229986ec7e1d7b11087690def9cc3493179f079c88%22%2C%22repoName%22%3A%22Satoshi-Niina%2FEmergency-Assistance%22%2C%22actor%22%3A%22Satoshi-Niina%22%2C%22slotName%22%3A%22production%22%2C%22commitMessage%22%3A%22%E3%83%87%E3%83%90%E3%83%83%E3%82%B0%E6%83%85%E5%A0%B1%E8%BF%BD%E5%8A%A0%3A%20%E7%92%B0%E5%A2%83%E5%A4%89%E6%95%B0%E3%81%AE%E8%A9%B3%E7%B4%B0%E7%A2%BA%E8%AA%8D%E3%82%92%E8%BF%BD%E5%8A%A0%22%7D" X-Client-IP="40.112.255.120" X-Client-Port="1024" >
  <step title="Cleanup Xml Logs" date="2025-07-02T08:42:30.301" >
    <step title="Cleanup Infos" date="2025-07-02T08:42:30.311" totalFiles="450" totalCleanup="290" /><!-- duration: 1ms -->
  </step><!-- duration: 12ms -->
  <step title="OneDeploy" date="2025-07-02T08:42:30.328" >
    <step title="Starting PushDeployAsync" date="2025-07-02T08:42:30.331" /><!-- duration: 18ms -->
    <step title="Writing artifact to /tmp/zipdeploy/43ba405d-ee70-4675-8475-e3167aa24a47.zip" date="2025-07-02T08:42:30.360" >
      <step title="Writing multipart request body to /tmp/zipdeploy/43ba405d-ee70-4675-8475-e3167aa24a47.zip" date="2025-07-02T08:42:30.361" /><!-- duration: 7ms -->
    </step><!-- duration: 18029ms -->
    <step title="Start deployment in the background" date="2025-07-02T08:42:48.401" >
      <step title="Acquiring Deployment Lock" date="2025-07-02T08:42:48.498" /><!-- duration: 1ms -->
      <step title="Acquired Deployment Lock" date="2025-07-02T08:42:48.553" /><!-- duration: 1ms -->
    </step><!-- duration: 314ms -->
  </step><!-- duration: 18397ms -->
  <step title="Outgoing response" date="2025-07-02T08:42:48.735" type="response" statusCode="202" statusText="Accepted" /><!-- duration: 1ms -->
</step><!-- duration: 18437ms -->
