<step title="BackgroundTrace" date="2025-11-08T05:28:51.269" instance="22b10c" url="/api/publish" method="POST" >
  <step title="Creating temporary deployment - FetchDeploymentManager" date="2025-11-08T05:28:51.334" /><!-- duration: 4ms -->
  <step title="Creating temporary deployment" date="2025-11-08T05:28:51.343" /><!-- duration: 86ms -->
  <step title="Performing fetch based deployment" date="2025-11-08T05:28:51.536" >
    <step title="Cleaning up temp folders from previous zip deployments and extracting pushed zip file /tmp/zipdeploy/9097d71a-5089-4d4a-b45a-7328ac7a2e87.zip (45.41 MB) to /tmp/zipdeploy/extracted" date="2025-11-08T05:28:52.798" >
      <step title="ChmodRecursive Process exited with total time taken in ms: 171" date="2025-11-08T05:28:56.492" /><!-- duration: 7ms -->
    </step><!-- duration: 3712ms -->
    <step title="Deployment timer started" date="2025-11-08T05:28:58.532" >
      <step title="DeploymentManager.Deploy(id:8e8257c9-75b5-4418-b7db-62b8cd319271)" date="2025-11-08T05:28:58.562" >
        <step title="Collecting changeset information" date="2025-11-08T05:28:58.576" /><!-- duration: 158ms -->
        <step title="Updating submodules" date="2025-11-08T05:28:58.742" /><!-- duration: 1119ms -->
        <step title="Determining deployment builder" date="2025-11-08T05:29:00.164" >
          <step title="Builder is OneDeployBuilder" date="2025-11-08T05:29:00.199" /><!-- duration: 5ms -->
        </step><!-- duration: 46ms -->
        <step title="PreDeployment: context.CleanOutputPath False" date="2025-11-08T05:29:00.292" >
          <step title="PreDeployment: context.OutputPath /home/site/wwwroot" date="2025-11-08T05:29:00.417" >
            <step title="Building" date="2025-11-08T05:29:00.572" >
              <step title="Executing external process" date="2025-11-08T05:29:01.437" type="process" path="starter.sh" arguments="/opt/Kudu/Scripts/absoluteTar.sh /tmp/zipdeploy/extracted/node_modules /tmp/zipdeploy/extracted/node_modules.tar.gz" /><!-- duration: 1442ms -->
              <step title="Executing external process" date="2025-11-08T05:29:03.195" type="process" path="starter.sh" arguments="/opt/Kudu/Scripts/parallel_rsync.sh /tmp/zipdeploy/extracted /home/site/wwwroot 8 /tmp/ False False node_modules " /><!-- duration: 56099ms -->
              <step title="Modified file to trigger a restart of the app container." date="2025-11-08T05:30:00.993" /><!-- duration: 4ms -->
              <step title="Skip function trigger and logicapp sync because function is not enabled." date="2025-11-08T05:30:01.006" /><!-- duration: 19ms -->
              <step title="Purge deployment items" date="2025-11-08T05:30:02.512" >
                <step title="Remove c9f4b453-, Success, received at 11/08/2025 01:39:58" date="2025-11-08T05:30:02.734" /><!-- duration: 27ms -->
              </step><!-- duration: 261ms -->
            </step><!-- duration: 62349ms -->
          </step><!-- duration: 62584ms -->
          <step title="Cleaning up temp files" date="2025-11-08T05:30:03.021" /><!-- duration: 21ms -->
          <step title="Cleaning up temp files" date="2025-11-08T05:30:03.101" /><!-- duration: 531ms -->
          <step title="Reloading status file with latest updates" date="2025-11-08T05:30:03.703" >
            <step title="WebHooksManager.PublishEventAsync: PostDeployment" date="2025-11-08T05:30:03.713" /><!-- duration: 269ms -->
          </step><!-- duration: 290ms -->
          <step title="Cleaning up temporary deployment - fetch deployment was successful" date="2025-11-08T05:30:04.023" /><!-- duration: 17ms -->
        </step><!-- duration: 63890ms -->
      </step><!-- duration: 65739ms -->
