<step title="Incoming Request" date="2025-07-02T07:23:56.329" instance="345353" url="/api/deployments/latest?deployer=OneDeploy&amp;time=2025-07-02_07-23-42Z" method="GET" type="request" pid="820,1,22" Host="emergency-backend-api-efg6gaawcjdmaggy.scm.japanwest-01.azurewebsites.net" User-Agent="GITHUBACTIONS_DeployWebAppToAzure_6afaea893f47a147fa5dac857d1041ffd4a8f022e29971635168cd4dcb90f2c0" Authorization="Bea..." Content-Type="application/json; charset=utf-8" Cookie="ARRAffinity=345353a6e2e5ca1cb44ba615462d7ac6ac166df501ae2807c92c9581cdccacea;Path=/;HttpOnly;Secure;Domain=emergency-backend-api-efg6gaawcjdmaggy.scm.japanwest-01.azurewebsites.net; ARRAffinitySameSite=345353a6e2e5ca1cb44ba615462d7ac6ac166df501ae2807c92c9581cdccacea;Path=/;HttpOnly;SameSite=None;Secure;Domain=emergency-backend-api-efg6gaawcjdmaggy.scm.japanwest-01.azurewebsites.net" Content-Length="0" X-ARR-LOG-ID="f2345dca-7eba-432e-b540-f29bde060cfa" CLIENT-IP="4.227.220.251:7104" X-SITE-DEPLOYMENT-ID="emergency-backend-api" WAS-DEFAULT-HOSTNAME="emergency-backend-api-efg6gaawcjdmaggy.scm.japanwest-01.azurewebsites.net" X-Forwarded-Proto="https" X-AppService-Proto="https" X-Forwarded-TlsVersion="1.3" X-WAWS-Unencoded-URL="/api/deployments/latest?deployer=OneDeploy&amp;time=2025-07-02_07-23-42Z" X-Client-IP="4.227.220.251" X-Client-Port="7104" >
  <step title="Cleanup Xml Logs" date="2025-07-02T07:23:56.331" >
    <step title="Cleanup Infos" date="2025-07-02T07:23:56.359" totalFiles="304" totalCleanup="144" /><!-- duration: 1ms -->
  </step><!-- duration: 37ms -->
  <step title="DeploymentService.GetResult" date="2025-07-02T07:23:56.378" >
    <step title="DeploymentService.GetLatestDeployment" date="2025-07-02T07:23:56.379" >
      <step title="DeploymentManager.GetResults" date="2025-07-02T07:23:56.396" /><!-- duration: 513ms -->
    </step><!-- duration: 540ms -->
  </step><!-- duration: 542ms -->
  <step title="Outgoing response" date="2025-07-02T07:23:56.983" type="response" statusCode="202" statusText="Accepted" /><!-- duration: 1ms -->
</step><!-- duration: 680ms -->
