<step title="Incoming Request" date="2025-11-08T10:25:26.171" instance="22b10c" url="/api/deployments/latest?deployer=OneDeploy&amp;time=2025-11-08_10-24-55Z" method="GET" type="request" pid="833,1,17" Host="emergency-assistance-bfckhjejb3fbf9du.scm.japanwest-01.azurewebsites.net" User-Agent="GITHUBACTIONS_DeployWebAppToAzure_6afaea893f47a147fa5dac857d1041ffd4a8f022e29971635168cd4dcb90f2c0" Authorization="Bas..." Content-Type="application/json; charset=utf-8" Cookie="ARRAffinity=22b10c938bfb8149b35fcbcb38624f0710e5df8fb4c8f5ac3083a96e2b0cc607;Path=/;HttpOnly;Secure;Domain=emergency-assistance-bfckhjejb3fbf9du.scm.japanwest-01.azurewebsites.net; ARRAffinitySameSite=22b10c938bfb8149b35fcbcb38624f0710e5df8fb4c8f5ac3083a96e2b0cc607;Path=/;HttpOnly;SameSite=None;Secure;Domain=emergency-assistance-bfckhjejb3fbf9du.scm.japanwest-01.azurewebsites.net" Content-Length="0" X-ARR-LOG-ID="16e4699b-9439-4bfc-a122-204d7c330376" CLIENT-IP="132.196.19.19:45080" X-SITE-DEPLOYMENT-ID="Emergency-Assistance" WAS-DEFAULT-HOSTNAME="emergency-assistance-bfckhjejb3fbf9du.scm.japanwest-01.azurewebsites.net" X-Forwarded-Proto="https" X-AppService-Proto="https" X-Forwarded-TlsVersion="1.3" X-WAWS-Unencoded-URL="/api/deployments/latest?deployer=OneDeploy&amp;time=2025-11-08_10-24-55Z" X-Client-IP="132.196.19.19" X-Client-Port="45080" >
  <step title="Cleanup Xml Logs" date="2025-11-08T10:25:26.181" >
    <step title="Cleanup Infos" date="2025-11-08T10:25:26.252" totalFiles="361" totalCleanup="201" /><!-- duration: 21ms -->
  </step><!-- duration: 103ms -->
  <step title="DeploymentService.GetResult" date="2025-11-08T10:25:26.313" >
    <step title="DeploymentService.GetLatestDeployment" date="2025-11-08T10:25:26.341" >
      <step title="DeploymentManager.GetResults" date="2025-11-08T10:25:26.354" /><!-- duration: 1070ms -->
    </step><!-- duration: 1111ms -->
  </step><!-- duration: 1151ms -->
  <step title="Outgoing response" date="2025-11-08T10:25:27.484" type="response" statusCode="202" statusText="Accepted" /><!-- duration: 12ms -->
</step><!-- duration: 1330ms -->
