<step title="Incoming Request" date="2025-07-02T07:35:09.602" instance="345353" url="/api/deployments/latest?deployer=OneDeploy&amp;time=2025-07-02_07-32-27Z" method="GET" type="request" pid="820,1,24" Host="emergency-backend-api-efg6gaawcjdmaggy.scm.japanwest-01.azurewebsites.net" User-Agent="GITHUBACTIONS_DeployWebAppToAzure_6afaea893f47a147fa5dac857d1041ffd4a8f022e29971635168cd4dcb90f2c0" Authorization="Bea..." Content-Type="application/json; charset=utf-8" Cookie="ARRAffinity=345353a6e2e5ca1cb44ba615462d7ac6ac166df501ae2807c92c9581cdccacea;Path=/;HttpOnly;Secure;Domain=emergency-backend-api-efg6gaawcjdmaggy.scm.japanwest-01.azurewebsites.net; ARRAffinitySameSite=345353a6e2e5ca1cb44ba615462d7ac6ac166df501ae2807c92c9581cdccacea;Path=/;HttpOnly;SameSite=None;Secure;Domain=emergency-backend-api-efg6gaawcjdmaggy.scm.japanwest-01.azurewebsites.net" Content-Length="0" X-ARR-LOG-ID="a1459a19-a2a0-4394-9f60-f2756d940c10" CLIENT-IP="40.86.187.169:1984" X-SITE-DEPLOYMENT-ID="emergency-backend-api" WAS-DEFAULT-HOSTNAME="emergency-backend-api-efg6gaawcjdmaggy.scm.japanwest-01.azurewebsites.net" X-Forwarded-Proto="https" X-AppService-Proto="https" X-Forwarded-TlsVersion="1.3" X-WAWS-Unencoded-URL="/api/deployments/latest?deployer=OneDeploy&amp;time=2025-07-02_07-32-27Z" X-Client-IP="40.86.187.169" X-Client-Port="1984" >
  <step title="Cleanup Xml Logs" date="2025-07-02T07:35:09.603" >
    <step title="Cleanup Infos" date="2025-07-02T07:35:09.614" totalFiles="359" totalCleanup="199" /><!-- duration: 18ms -->
  </step><!-- duration: 30ms -->
  <step title="DeploymentService.GetResult" date="2025-07-02T07:35:09.647" >
    <step title="DeploymentService.GetLatestDeployment" date="2025-07-02T07:35:09.651" >
      <step title="DeploymentManager.GetResults" date="2025-07-02T07:35:09.652" /><!-- duration: 507ms -->
    </step><!-- duration: 510ms -->
  </step><!-- duration: 521ms -->
  <step title="Outgoing response" date="2025-07-02T07:35:10.169" type="response" statusCode="202" statusText="Accepted" /><!-- duration: 1ms -->
</step><!-- duration: 569ms -->
