<step title="Incoming Request" date="2025-07-02T07:23:19.334" instance="345353" url="/api/publish?async=true&amp;deployer=GITHUB_ONE_DEPLOY&amp;type=zip&amp;message=%7B%22type%22%3A%22deployment%22%2C%22sha%22%3A%2292c7359563cd0d225d8c7947c99ca390c1f793fe%22%2C%22repoName%22%3A%22Satoshi-Niina%2FEmergency-Assistance%22%2C%22actor%22%3A%22Satoshi-Niina%22%2C%22slotName%22%3A%22production%22%2C%22commitMessage%22%3A%22%E3%83%95%E3%83%AD%E3%83%B3%E3%83%88%E3%82%A8%E3%83%B3%E3%83%89API%E8%A8%AD%E5%AE%9A%E4%BF%AE%E6%AD%A3%3A%20%E6%9C%AC%E7%95%AA%E7%92%B0%E5%A2%83%E3%81%A7%E3%81%AEAPI%E3%82%A8%E3%83%B3%E3%83%89%E3%83%9D%E3%82%A4%E3%83%B3%E3%83%88%E6%8E%A5%E7%B6%9A%E3%82%92%E6%94%B9%E5%96%84%22%7D" method="POST" type="request" pid="820,1,19" Host="emergency-backend-api-efg6gaawcjdmaggy.scm.japanwest-01.azurewebsites.net" User-Agent="GITHUBACTIONS_DeployWebAppToAzure_6afaea893f47a147fa5dac857d1041ffd4a8f022e29971635168cd4dcb90f2c0" Authorization="Bea..." Content-Type="application/octet-stream" Cookie="ARRAffinity=345353a6e2e5ca1cb44ba615462d7ac6ac166df501ae2807c92c9581cdccacea;Path=/;HttpOnly;Secure;Domain=emergency-backend-api-efg6gaawcjdmaggy.scm.japanwest-01.azurewebsites.net; ARRAffinitySameSite=345353a6e2e5ca1cb44ba615462d7ac6ac166df501ae2807c92c9581cdccacea;Path=/;HttpOnly;SameSite=None;Secure;Domain=emergency-backend-api-efg6gaawcjdmaggy.scm.japanwest-01.azurewebsites.net" Transfer-Encoding="chunked" X-ARR-LOG-ID="b076a6a9-4cc2-405c-9e5f-db34d8633683" CLIENT-IP="4.227.220.251:7104" X-SITE-DEPLOYMENT-ID="emergency-backend-api" WAS-DEFAULT-HOSTNAME="emergency-backend-api-efg6gaawcjdmaggy.scm.japanwest-01.azurewebsites.net" X-Forwarded-Proto="https" X-AppService-Proto="https" X-Forwarded-TlsVersion="1.3" X-WAWS-Unencoded-URL="/api/publish?async=true&amp;deployer=GITHUB_ONE_DEPLOY&amp;type=zip&amp;message=%7B%22type%22%3A%22deployment%22%2C%22sha%22%3A%2292c7359563cd0d225d8c7947c99ca390c1f793fe%22%2C%22repoName%22%3A%22Satoshi-Niina%2FEmergency-Assistance%22%2C%22actor%22%3A%22Satoshi-Niina%22%2C%22slotName%22%3A%22production%22%2C%22commitMessage%22%3A%22%E3%83%95%E3%83%AD%E3%83%B3%E3%83%88%E3%82%A8%E3%83%B3%E3%83%89API%E8%A8%AD%E5%AE%9A%E4%BF%AE%E6%AD%A3%3A%20%E6%9C%AC%E7%95%AA%E7%92%B0%E5%A2%83%E3%81%A7%E3%81%AEAPI%E3%82%A8%E3%83%B3%E3%83%89%E3%83%9D%E3%82%A4%E3%83%B3%E3%83%88%E6%8E%A5%E7%B6%9A%E3%82%92%E6%94%B9%E5%96%84%22%7D" X-Client-IP="4.227.220.251" X-Client-Port="7104" >
  <step title="Cleanup Xml Logs" date="2025-07-02T07:23:19.335" >
    <step title="Cleanup Infos" date="2025-07-02T07:23:19.338" totalFiles="301" totalCleanup="141" /><!-- duration: 1ms -->
  </step><!-- duration: 5ms -->
  <step title="OneDeploy" date="2025-07-02T07:23:19.349" >
    <step title="Starting PushDeployAsync" date="2025-07-02T07:23:19.377" /><!-- duration: 1ms -->
    <step title="Writing artifact to /tmp/zipdeploy/004e9362-70ff-47d2-84f3-fcc6ad6ffd8b.zip" date="2025-07-02T07:23:19.386" >
      <step title="Writing multipart request body to /tmp/zipdeploy/004e9362-70ff-47d2-84f3-fcc6ad6ffd8b.zip" date="2025-07-02T07:23:19.387" /><!-- duration: 1ms -->
    </step><!-- duration: 23200ms -->
    <step title="Start deployment in the background" date="2025-07-02T07:23:42.597" >
      <step title="Acquiring Deployment Lock" date="2025-07-02T07:23:42.653" /><!-- duration: 1ms -->
      <step title="Acquired Deployment Lock" date="2025-07-02T07:23:42.669" /><!-- duration: 1ms -->
    </step><!-- duration: 157ms -->
  </step><!-- duration: 23409ms -->
  <step title="Outgoing response" date="2025-07-02T07:23:42.759" type="response" statusCode="202" statusText="Accepted" /><!-- duration: 1ms -->
</step><!-- duration: 23427ms -->
