<step title="BackgroundTrace" date="2025-11-08T02:52:10.557" instance="22b10c" url="/api/publish" method="POST" >
  <step title="Cleanup Xml Logs" date="2025-11-08T02:52:10.559" /><!-- duration: 39ms -->
  <step title="Creating temporary deployment - FetchDeploymentManager" date="2025-11-08T02:52:10.777" /><!-- duration: 10ms -->
  <step title="Creating temporary deployment" date="2025-11-08T02:52:10.958" /><!-- duration: 311ms -->
  <step title="Performing fetch based deployment" date="2025-11-08T02:52:11.427" >
    <step title="Cleaning up temp folders from previous zip deployments and extracting pushed zip file /tmp/zipdeploy/fda1f826-66c2-4231-9d6e-53a57c0545ea.zip (41.96 MB) to /tmp/zipdeploy/extracted" date="2025-11-08T02:52:13.010" >
      <step title="ChmodRecursive Process exited with total time taken in ms: 120" date="2025-11-08T02:52:20.542" /><!-- duration: 20ms -->
    </step><!-- duration: 7589ms -->
    <step title="Deployment timer started" date="2025-11-08T02:52:22.641" >
      <step title="DeploymentManager.Deploy(id:c77f3685-c298-4c20-929a-201869183d67)" date="2025-11-08T02:52:22.650" >
        <step title="Collecting changeset information" date="2025-11-08T02:52:22.696" /><!-- duration: 96ms -->
        <step title="Updating submodules" date="2025-11-08T02:52:22.798" /><!-- duration: 1120ms -->
        <step title="Determining deployment builder" date="2025-11-08T02:52:24.161" >
          <step title="Builder is OneDeployBuilder" date="2025-11-08T02:52:24.186" /><!-- duration: 3ms -->
        </step><!-- duration: 33ms -->
        <step title="PreDeployment: context.CleanOutputPath False" date="2025-11-08T02:52:24.267" >
          <step title="PreDeployment: context.OutputPath /home/site/wwwroot" date="2025-11-08T02:52:24.414" >
            <step title="Building" date="2025-11-08T02:52:24.569" >
              <step title="Executing external process" date="2025-11-08T02:52:25.582" type="process" path="starter.sh" arguments="/opt/Kudu/Scripts/absoluteTar.sh /tmp/zipdeploy/extracted/node_modules /tmp/zipdeploy/extracted/node_modules.tar.gz" /><!-- duration: 2861ms -->
              <step title="Executing external process" date="2025-11-08T02:52:29.145" type="process" path="starter.sh" arguments="/opt/Kudu/Scripts/parallel_rsync.sh /tmp/zipdeploy/extracted /home/site/wwwroot 8 /tmp/ False False node_modules " /><!-- duration: 13698ms -->
              <step title="Modified file to trigger a restart of the app container." date="2025-11-08T02:52:43.794" /><!-- duration: 4ms -->
              <step title="Skip function trigger and logicapp sync because function is not enabled." date="2025-11-08T02:52:43.806" /><!-- duration: 15ms -->
            </step><!-- duration: 20287ms -->
          </step><!-- duration: 20450ms -->
          <step title="Cleaning up temp files" date="2025-11-08T02:52:44.867" /><!-- duration: 6ms -->
          <step title="Cleaning up temp files" date="2025-11-08T02:52:44.884" /><!-- duration: 519ms -->
          <step title="Reloading status file with latest updates" date="2025-11-08T02:52:45.447" >
            <step title="WebHooksManager.PublishEventAsync: PostDeployment" date="2025-11-08T02:52:45.451" /><!-- duration: 47ms -->
          </step><!-- duration: 54ms -->
          <step title="Cleaning up temporary deployment - fetch deployment was successful" date="2025-11-08T02:52:45.508" /><!-- duration: 3ms -->
        </step><!-- duration: 21352ms -->
      </step><!-- duration: 23007ms -->
