<step title="Incoming Request" date="2025-07-02T05:54:46.819" instance="345353" url="/api/deployments/latest?deployer=GITHUB_ZIP_DEPLOY&amp;time=2025-07-02_05-54-26Z" method="GET" type="request" pid="820,1,28" Host="emergency-backend-api-efg6gaawcjdmaggy.scm.japanwest-01.azurewebsites.net" User-Agent="GITHUBACTIONS_DeployWebAppToAzure_6afaea893f47a147fa5dac857d1041ffd4a8f022e29971635168cd4dcb90f2c0" Authorization="Bea..." Content-Type="application/json; charset=utf-8" Cookie="ARRAffinity=345353a6e2e5ca1cb44ba615462d7ac6ac166df501ae2807c92c9581cdccacea;Path=/;HttpOnly;Secure;Domain=emergency-backend-api-efg6gaawcjdmaggy.scm.japanwest-01.azurewebsites.net; ARRAffinitySameSite=345353a6e2e5ca1cb44ba615462d7ac6ac166df501ae2807c92c9581cdccacea;Path=/;HttpOnly;SameSite=None;Secure;Domain=emergency-backend-api-efg6gaawcjdmaggy.scm.japanwest-01.azurewebsites.net" Content-Length="0" X-ARR-LOG-ID="33de4a4f-ac22-40c1-9226-afec88f3accb" CLIENT-IP="20.241.97.155:1026" X-SITE-DEPLOYMENT-ID="emergency-backend-api" WAS-DEFAULT-HOSTNAME="emergency-backend-api-efg6gaawcjdmaggy.scm.japanwest-01.azurewebsites.net" X-Forwarded-Proto="https" X-AppService-Proto="https" X-Forwarded-TlsVersion="1.3" X-WAWS-Unencoded-URL="/api/deployments/latest?deployer=GITHUB_ZIP_DEPLOY&amp;time=2025-07-02_05-54-26Z" X-Client-IP="20.241.97.155" X-Client-Port="1026" >
  <step title="Cleanup Xml Logs" date="2025-07-02T05:54:46.828" >
    <step title="Cleanup Infos" date="2025-07-02T05:54:46.879" totalFiles="201" totalCleanup="41" /><!-- duration: 8ms -->
  </step><!-- duration: 61ms -->
  <step title="DeploymentService.GetResult" date="2025-07-02T05:54:46.909" >
    <step title="DeploymentService.GetLatestDeployment" date="2025-07-02T05:54:46.916" >
      <step title="DeploymentManager.GetResults" date="2025-07-02T05:54:46.918" /><!-- duration: 522ms -->
    </step><!-- duration: 543ms -->
  </step><!-- duration: 559ms -->
  <step title="Outgoing response" date="2025-07-02T05:54:47.470" type="response" statusCode="202" statusText="Accepted" /><!-- duration: 8ms -->
</step><!-- duration: 660ms -->
