<step title="Incoming Request" date="2025-11-08T10:25:33.109" instance="22b10c" url="/api/deployments/latest?deployer=OneDeploy&amp;time=2025-11-08_10-24-55Z" method="GET" type="request" pid="833,1,19" Host="emergency-assistance-bfckhjejb3fbf9du.scm.japanwest-01.azurewebsites.net" User-Agent="GITHUBACTIONS_DeployWebAppToAzure_6afaea893f47a147fa5dac857d1041ffd4a8f022e29971635168cd4dcb90f2c0" Authorization="Bas..." Content-Type="application/json; charset=utf-8" Cookie="ARRAffinity=22b10c938bfb8149b35fcbcb38624f0710e5df8fb4c8f5ac3083a96e2b0cc607;Path=/;HttpOnly;Secure;Domain=emergency-assistance-bfckhjejb3fbf9du.scm.japanwest-01.azurewebsites.net; ARRAffinitySameSite=22b10c938bfb8149b35fcbcb38624f0710e5df8fb4c8f5ac3083a96e2b0cc607;Path=/;HttpOnly;SameSite=None;Secure;Domain=emergency-assistance-bfckhjejb3fbf9du.scm.japanwest-01.azurewebsites.net" Content-Length="0" X-ARR-LOG-ID="2799bfb1-384c-4aeb-80a4-44d5801678df" CLIENT-IP="132.196.19.19:45081" X-SITE-DEPLOYMENT-ID="Emergency-Assistance" WAS-DEFAULT-HOSTNAME="emergency-assistance-bfckhjejb3fbf9du.scm.japanwest-01.azurewebsites.net" X-Forwarded-Proto="https" X-AppService-Proto="https" X-Forwarded-TlsVersion="1.3" X-WAWS-Unencoded-URL="/api/deployments/latest?deployer=OneDeploy&amp;time=2025-11-08_10-24-55Z" X-Client-IP="132.196.19.19" X-Client-Port="45081" >
  <step title="Cleanup Xml Logs" date="2025-11-08T10:25:33.128" >
    <step title="Cleanup Infos" date="2025-11-08T10:25:33.167" totalFiles="362" totalCleanup="202" /><!-- duration: 29ms -->
  </step><!-- duration: 73ms -->
  <step title="DeploymentService.GetResult" date="2025-11-08T10:25:33.218" >
    <step title="DeploymentService.GetLatestDeployment" date="2025-11-08T10:25:33.258" >
      <step title="DeploymentManager.GetResults" date="2025-11-08T10:25:33.270" /><!-- duration: 1029ms -->
    </step><!-- duration: 1069ms -->
  </step><!-- duration: 1120ms -->
  <step title="Outgoing response" date="2025-11-08T10:25:34.343" type="response" statusCode="202" statusText="Accepted" /><!-- duration: 5ms -->
</step><!-- duration: 1250ms -->
