<step title="Incoming Request" date="2025-11-08T07:07:06.245" instance="22b10c" url="/api/deployments/latest?deployer=OneDeploy&amp;time=2025-11-08_07-06-04Z" method="GET" type="request" pid="831,1,17" Host="emergency-assistance-bfckhjejb3fbf9du.scm.japanwest-01.azurewebsites.net" User-Agent="GITHUBACTIONS_DeployWebAppToAzure_6afaea893f47a147fa5dac857d1041ffd4a8f022e29971635168cd4dcb90f2c0" Authorization="Bas..." Content-Type="application/json; charset=utf-8" Cookie="ARRAffinity=22b10c938bfb8149b35fcbcb38624f0710e5df8fb4c8f5ac3083a96e2b0cc607;Path=/;HttpOnly;Secure;Domain=emergency-assistance-bfckhjejb3fbf9du.scm.japanwest-01.azurewebsites.net; ARRAffinitySameSite=22b10c938bfb8149b35fcbcb38624f0710e5df8fb4c8f5ac3083a96e2b0cc607;Path=/;HttpOnly;SameSite=None;Secure;Domain=emergency-assistance-bfckhjejb3fbf9du.scm.japanwest-01.azurewebsites.net" Content-Length="0" X-ARR-LOG-ID="a0eb39b0-844e-4d30-84fe-0f064896b314" CLIENT-IP="48.214.55.51:49176" X-SITE-DEPLOYMENT-ID="Emergency-Assistance" WAS-DEFAULT-HOSTNAME="emergency-assistance-bfckhjejb3fbf9du.scm.japanwest-01.azurewebsites.net" X-Forwarded-Proto="https" X-AppService-Proto="https" X-Forwarded-TlsVersion="1.3" X-WAWS-Unencoded-URL="/api/deployments/latest?deployer=OneDeploy&amp;time=2025-11-08_07-06-04Z" X-Client-IP="48.214.55.51" X-Client-Port="49176" >
  <step title="Cleanup Xml Logs" date="2025-11-08T07:07:06.250" >
    <step title="Cleanup Infos" date="2025-11-08T07:07:06.278" totalFiles="216" totalCleanup="56" /><!-- duration: 10ms -->
  </step><!-- duration: 51ms -->
  <step title="DeploymentService.GetResult" date="2025-11-08T07:07:06.348" >
    <step title="DeploymentService.GetLatestDeployment" date="2025-11-08T07:07:06.369" >
      <step title="DeploymentManager.GetResults" date="2025-11-08T07:07:06.384" /><!-- duration: 1007ms -->
    </step><!-- duration: 1033ms -->
  </step><!-- duration: 1060ms -->
  <step title="Outgoing response" date="2025-11-08T07:07:07.418" type="response" statusCode="202" statusText="Accepted" /><!-- duration: 8ms -->
</step><!-- duration: 1188ms -->
