<step title="Incoming Request" date="2025-07-02T07:03:47.631" instance="345353" url="/api/deployments/latest?deployer=OneDeploy&amp;time=2025-07-02_06-59-57Z" method="GET" type="request" pid="820,1,20" Host="emergency-backend-api-efg6gaawcjdmaggy.scm.japanwest-01.azurewebsites.net" User-Agent="GITHUBACTIONS_DeployWebAppToAzure_6afaea893f47a147fa5dac857d1041ffd4a8f022e29971635168cd4dcb90f2c0" Authorization="Bea..." Content-Type="application/json; charset=utf-8" Cookie="ARRAffinity=345353a6e2e5ca1cb44ba615462d7ac6ac166df501ae2807c92c9581cdccacea;Path=/;HttpOnly;Secure;Domain=emergency-backend-api-efg6gaawcjdmaggy.scm.japanwest-01.azurewebsites.net; ARRAffinitySameSite=345353a6e2e5ca1cb44ba615462d7ac6ac166df501ae2807c92c9581cdccacea;Path=/;HttpOnly;SameSite=None;Secure;Domain=emergency-backend-api-efg6gaawcjdmaggy.scm.japanwest-01.azurewebsites.net" Content-Length="0" X-ARR-LOG-ID="57026316-9565-42ed-a21d-c9838f4fe563" CLIENT-IP="20.230.67.101:1026" X-SITE-DEPLOYMENT-ID="emergency-backend-api" WAS-DEFAULT-HOSTNAME="emergency-backend-api-efg6gaawcjdmaggy.scm.japanwest-01.azurewebsites.net" X-Forwarded-Proto="https" X-AppService-Proto="https" X-Forwarded-TlsVersion="1.3" X-WAWS-Unencoded-URL="/api/deployments/latest?deployer=OneDeploy&amp;time=2025-07-02_06-59-57Z" X-Client-IP="20.230.67.101" X-Client-Port="1026" >
  <step title="Cleanup Xml Logs" date="2025-07-02T07:03:47.633" >
    <step title="Cleanup Infos" date="2025-07-02T07:03:47.636" totalFiles="261" totalCleanup="101" /><!-- duration: 1ms -->
  </step><!-- duration: 5ms -->
  <step title="DeploymentService.GetResult" date="2025-07-02T07:03:47.640" >
    <step title="DeploymentService.GetLatestDeployment" date="2025-07-02T07:03:47.641" >
      <step title="DeploymentManager.GetResults" date="2025-07-02T07:03:47.641" /><!-- duration: 312ms -->
    </step><!-- duration: 314ms -->
  </step><!-- duration: 315ms -->
  <step title="Outgoing response" date="2025-07-02T07:03:47.957" type="response" statusCode="202" statusText="Accepted" /><!-- duration: 1ms -->
</step><!-- duration: 327ms -->
