<step title="Incoming Request" date="2025-07-02T07:02:36.824" instance="345353" url="/api/deployments/latest?deployer=OneDeploy&amp;time=2025-07-02_06-59-57Z" method="GET" type="request" pid="820,1,18" Host="emergency-backend-api-efg6gaawcjdmaggy.scm.japanwest-01.azurewebsites.net" User-Agent="GITHUBACTIONS_DeployWebAppToAzure_6afaea893f47a147fa5dac857d1041ffd4a8f022e29971635168cd4dcb90f2c0" Authorization="Bea..." Content-Type="application/json; charset=utf-8" Cookie="ARRAffinity=345353a6e2e5ca1cb44ba615462d7ac6ac166df501ae2807c92c9581cdccacea;Path=/;HttpOnly;Secure;Domain=emergency-backend-api-efg6gaawcjdmaggy.scm.japanwest-01.azurewebsites.net; ARRAffinitySameSite=345353a6e2e5ca1cb44ba615462d7ac6ac166df501ae2807c92c9581cdccacea;Path=/;HttpOnly;SameSite=None;Secure;Domain=emergency-backend-api-efg6gaawcjdmaggy.scm.japanwest-01.azurewebsites.net" Content-Length="0" X-ARR-LOG-ID="48cbe2c6-51c4-48c2-a2df-e6c95822e18d" CLIENT-IP="20.230.67.101:1024" X-SITE-DEPLOYMENT-ID="emergency-backend-api" WAS-DEFAULT-HOSTNAME="emergency-backend-api-efg6gaawcjdmaggy.scm.japanwest-01.azurewebsites.net" X-Forwarded-Proto="https" X-AppService-Proto="https" X-Forwarded-TlsVersion="1.3" X-WAWS-Unencoded-URL="/api/deployments/latest?deployer=OneDeploy&amp;time=2025-07-02_06-59-57Z" X-Client-IP="20.230.67.101" X-Client-Port="1024" >
  <step title="Cleanup Xml Logs" date="2025-07-02T07:02:36.826" >
    <step title="Cleanup Infos" date="2025-07-02T07:02:36.836" totalFiles="252" totalCleanup="92" /><!-- duration: 80ms -->
  </step><!-- duration: 98ms -->
  <step title="DeploymentService.GetResult" date="2025-07-02T07:02:36.926" >
    <step title="DeploymentService.GetLatestDeployment" date="2025-07-02T07:02:36.934" >
      <step title="DeploymentManager.GetResults" date="2025-07-02T07:02:36.936" /><!-- duration: 470ms -->
    </step><!-- duration: 481ms -->
  </step><!-- duration: 490ms -->
  <step title="Outgoing response" date="2025-07-02T07:02:37.435" type="response" statusCode="202" statusText="Accepted" /><!-- duration: 1ms -->
</step><!-- duration: 613ms -->
