<step title="Incoming Request" date="2025-06-28T11:39:17.398" instance="345353" url="/api/zipdeploy?isAsync=true&amp;deployer=GITHUB_ZIP_DEPLOY&amp;message=%7B%22type%22%3A%22deployment%22%2C%22sha%22%3A%228fe46be47aeccca4ac0a3098ee701746f1c97f79%22%2C%22repoName%22%3A%22Satoshi-Niina%2FEmergency-Assistance%22%2C%22actor%22%3A%22Satoshi-Niina%22%2C%22slotName%22%3A%22production%22%2C%22commitMessage%22%3A%22azure%E3%83%95%E3%83%AD%E3%83%B3%E3%83%88%E3%81%A8%E3%82%B5%E3%83%BC%E3%83%90%E3%83%BC%E6%8E%A5%E7%B6%9A%E8%A8%AD%E5%AE%9A%E5%A4%89%E6%9B%B4%22%7D" method="POST" type="request" pid="820,1,3" Host="emergency-backend-api-efg6gaawcjdmaggy.scm.japanwest-01.azurewebsites.net" User-Agent="GITHUBACTIONS_DeployWebAppToAzure_6afaea893f47a147fa5dac857d1041ffd4a8f022e29971635168cd4dcb90f2c0" Authorization="Bas..." Content-Type="application/octet-stream" Cookie="ARRAffinity=345353a6e2e5ca1cb44ba615462d7ac6ac166df501ae2807c92c9581cdccacea;Path=/;HttpOnly;Secure;Domain=emergency-backend-api-efg6gaawcjdmaggy.scm.japanwest-01.azurewebsites.net; ARRAffinitySameSite=345353a6e2e5ca1cb44ba615462d7ac6ac166df501ae2807c92c9581cdccacea;Path=/;HttpOnly;SameSite=None;Secure;Domain=emergency-backend-api-efg6gaawcjdmaggy.scm.japanwest-01.azurewebsites.net" Transfer-Encoding="chunked" X-ARR-LOG-ID="b4fed6eb-fbb6-4cdf-be02-69f684d3d7fc" CLIENT-IP="104.209.242.139:1024" X-SITE-DEPLOYMENT-ID="emergency-backend-api" WAS-DEFAULT-HOSTNAME="emergency-backend-api-efg6gaawcjdmaggy.scm.japanwest-01.azurewebsites.net" X-Forwarded-Proto="https" X-AppService-Proto="https" X-Forwarded-TlsVersion="1.3" X-WAWS-Unencoded-URL="/api/zipdeploy?isAsync=true&amp;deployer=GITHUB_ZIP_DEPLOY&amp;message=%7B%22type%22%3A%22deployment%22%2C%22sha%22%3A%228fe46be47aeccca4ac0a3098ee701746f1c97f79%22%2C%22repoName%22%3A%22Satoshi-Niina%2FEmergency-Assistance%22%2C%22actor%22%3A%22Satoshi-Niina%22%2C%22slotName%22%3A%22production%22%2C%22commitMessage%22%3A%22azure%E3%83%95%E3%83%AD%E3%83%B3%E3%83%88%E3%81%A8%E3%82%B5%E3%83%BC%E3%83%90%E3%83%BC%E6%8E%A5%E7%B6%9A%E8%A8%AD%E5%AE%9A%E5%A4%89%E6%9B%B4%22%7D" X-Client-IP="104.209.242.139" X-Client-Port="1024" >
  <step title="ZipPushDeploy" date="2025-06-28T11:39:17.418" >
    <step title="ZipDeploy. Extract zip." date="2025-06-28T11:39:17.423" /><!-- duration: 1ms -->
    <step title="Starting PushDeployAsync" date="2025-06-28T11:39:17.426" /><!-- duration: 1ms -->
    <step title="Writing artifact to /tmp/zipdeploy/b21b39c0-f4a5-4e5b-93b3-9f9f4bbd7f43.zip" date="2025-06-28T11:39:17.445" >
      <step title="Writing multipart request body to /tmp/zipdeploy/b21b39c0-f4a5-4e5b-93b3-9f9f4bbd7f43.zip" date="2025-06-28T11:39:17.446" /><!-- duration: 17ms -->
    </step><!-- duration: 439ms -->
    <step title="Start deployment in the background" date="2025-06-28T11:39:17.886" >
      <step title="Acquiring Deployment Lock" date="2025-06-28T11:39:17.907" /><!-- duration: 1ms -->
      <step title="Acquired Deployment Lock" date="2025-06-28T11:39:17.920" /><!-- duration: 1ms -->
    </step><!-- duration: 78ms -->
  </step><!-- duration: 547ms -->
  <step title="Outgoing response" date="2025-06-28T11:39:17.966" type="response" statusCode="202" statusText="Accepted" /><!-- duration: 1ms -->
</step><!-- duration: 570ms -->
