<step title="Incoming Request" date="2025-07-02T07:12:33.216" instance="345353" url="/api/deployments/latest?deployer=OneDeploy&amp;time=2025-07-02_07-08-58Z" method="GET" type="request" pid="820,1,28" Host="emergency-backend-api-efg6gaawcjdmaggy.scm.japanwest-01.azurewebsites.net" User-Agent="GITHUBACTIONS_DeployWebAppToAzure_6afaea893f47a147fa5dac857d1041ffd4a8f022e29971635168cd4dcb90f2c0" Authorization="Bea..." Content-Type="application/json; charset=utf-8" Cookie="ARRAffinity=345353a6e2e5ca1cb44ba615462d7ac6ac166df501ae2807c92c9581cdccacea;Path=/;HttpOnly;Secure;Domain=emergency-backend-api-efg6gaawcjdmaggy.scm.japanwest-01.azurewebsites.net; ARRAffinitySameSite=345353a6e2e5ca1cb44ba615462d7ac6ac166df501ae2807c92c9581cdccacea;Path=/;HttpOnly;SameSite=None;Secure;Domain=emergency-backend-api-efg6gaawcjdmaggy.scm.japanwest-01.azurewebsites.net" Content-Length="0" X-ARR-LOG-ID="74ce787a-c4b4-4229-8ed1-79b1f10573c4" CLIENT-IP="40.122.116.134:1026" X-SITE-DEPLOYMENT-ID="emergency-backend-api" WAS-DEFAULT-HOSTNAME="emergency-backend-api-efg6gaawcjdmaggy.scm.japanwest-01.azurewebsites.net" X-Forwarded-Proto="https" X-AppService-Proto="https" X-Forwarded-TlsVersion="1.3" X-WAWS-Unencoded-URL="/api/deployments/latest?deployer=OneDeploy&amp;time=2025-07-02_07-08-58Z" X-Client-IP="40.122.116.134" X-Client-Port="1026" >
  <step title="Cleanup Xml Logs" date="2025-07-02T07:12:33.217" >
    <step title="Cleanup Infos" date="2025-07-02T07:12:33.247" totalFiles="298" totalCleanup="138" /><!-- duration: 9ms -->
  </step><!-- duration: 50ms -->
  <step title="DeploymentService.GetResult" date="2025-07-02T07:12:33.292" >
    <step title="DeploymentService.GetLatestDeployment" date="2025-07-02T07:12:33.293" >
      <step title="DeploymentManager.GetResults" date="2025-07-02T07:12:33.294" /><!-- duration: 587ms -->
    </step><!-- duration: 590ms -->
  </step><!-- duration: 592ms -->
  <step title="Outgoing response" date="2025-07-02T07:12:33.888" type="response" statusCode="202" statusText="Accepted" /><!-- duration: 1ms -->
</step><!-- duration: 674ms -->
