<step title="Incoming Request" date="2025-07-02T07:49:17.139" instance="345353" url="/api/publish?async=true&amp;deployer=GITHUB_ONE_DEPLOY&amp;type=zip&amp;message=%7B%22type%22%3A%22deployment%22%2C%22sha%22%3A%2221fc8f9d273b047e33a814a4c7df06cbd399cc32%22%2C%22repoName%22%3A%22Satoshi-Niina%2FEmergency-Assistance%22%2C%22actor%22%3A%22Satoshi-Niina%22%2C%22slotName%22%3A%22production%22%2C%22commitMessage%22%3A%22Azure%20Static%20Web%20Apps%E8%A8%AD%E5%AE%9A%E8%A9%B3%E7%B4%B0%E5%8C%96%3A%20%E8%AA%8D%E8%A8%BC%E3%82%A8%E3%83%B3%E3%83%89%E3%83%9D%E3%82%A4%E3%83%B3%E3%83%88%E3%81%AE%E5%80%8B%E5%88%A5%E8%A8%AD%E5%AE%9A%E3%81%A8CORS%E8%A8%AD%E5%AE%9A%E3%82%92%E8%BF%BD%E5%8A%A0%22%7D" method="POST" type="request" pid="820,1,26" Host="emergency-backend-api-efg6gaawcjdmaggy.scm.japanwest-01.azurewebsites.net" User-Agent="GITHUBACTIONS_DeployWebAppToAzure_6afaea893f47a147fa5dac857d1041ffd4a8f022e29971635168cd4dcb90f2c0" Authorization="Bea..." Content-Type="application/octet-stream" Cookie="ARRAffinity=345353a6e2e5ca1cb44ba615462d7ac6ac166df501ae2807c92c9581cdccacea;Path=/;HttpOnly;Secure;Domain=emergency-backend-api-efg6gaawcjdmaggy.scm.japanwest-01.azurewebsites.net; ARRAffinitySameSite=345353a6e2e5ca1cb44ba615462d7ac6ac166df501ae2807c92c9581cdccacea;Path=/;HttpOnly;SameSite=None;Secure;Domain=emergency-backend-api-efg6gaawcjdmaggy.scm.japanwest-01.azurewebsites.net" Transfer-Encoding="chunked" X-ARR-LOG-ID="8c53e8fa-8ee0-4cb1-9711-8c602a3a3328" CLIENT-IP="40.71.56.15:1024" X-SITE-DEPLOYMENT-ID="emergency-backend-api" WAS-DEFAULT-HOSTNAME="emergency-backend-api-efg6gaawcjdmaggy.scm.japanwest-01.azurewebsites.net" X-Forwarded-Proto="https" X-AppService-Proto="https" X-Forwarded-TlsVersion="1.3" X-WAWS-Unencoded-URL="/api/publish?async=true&amp;deployer=GITHUB_ONE_DEPLOY&amp;type=zip&amp;message=%7B%22type%22%3A%22deployment%22%2C%22sha%22%3A%2221fc8f9d273b047e33a814a4c7df06cbd399cc32%22%2C%22repoName%22%3A%22Satoshi-Niina%2FEmergency-Assistance%22%2C%22actor%22%3A%22Satoshi-Niina%22%2C%22slotName%22%3A%22production%22%2C%22commitMessage%22%3A%22Azure%20Static%20Web%20Apps%E8%A8%AD%E5%AE%9A%E8%A9%B3%E7%B4%B0%E5%8C%96%3A%20%E8%AA%8D%E8%A8%BC%E3%82%A8%E3%83%B3%E3%83%89%E3%83%9D%E3%82%A4%E3%83%B3%E3%83%88%E3%81%AE%E5%80%8B%E5%88%A5%E8%A8%AD%E5%AE%9A%E3%81%A8CORS%E8%A8%AD%E5%AE%9A%E3%82%92%E8%BF%BD%E5%8A%A0%22%7D" X-Client-IP="40.71.56.15" X-Client-Port="1024" >
  <step title="Cleanup Xml Logs" date="2025-07-02T07:49:17.140" >
    <step title="Cleanup Infos" date="2025-07-02T07:49:17.148" totalFiles="370" totalCleanup="210" /><!-- duration: 1ms -->
  </step><!-- duration: 10ms -->
  <step title="OneDeploy" date="2025-07-02T07:49:17.159" >
    <step title="Starting PushDeployAsync" date="2025-07-02T07:49:17.166" /><!-- duration: 2ms -->
    <step title="Writing artifact to /tmp/zipdeploy/b81e32f5-4a76-4ce8-aa9e-a67681f14f28.zip" date="2025-07-02T07:49:17.188" >
      <step title="Writing multipart request body to /tmp/zipdeploy/b81e32f5-4a76-4ce8-aa9e-a67681f14f28.zip" date="2025-07-02T07:49:17.197" /><!-- duration: 9ms -->
    </step><!-- duration: 25112ms -->
    <step title="Start deployment in the background" date="2025-07-02T07:49:42.308" >
      <step title="Acquiring Deployment Lock" date="2025-07-02T07:49:42.339" /><!-- duration: 1ms -->
      <step title="Acquired Deployment Lock" date="2025-07-02T07:49:42.355" /><!-- duration: 1ms -->
    </step><!-- duration: 99ms -->
  </step><!-- duration: 25274ms -->
  <step title="Outgoing response" date="2025-07-02T07:49:42.436" type="response" statusCode="202" statusText="Accepted" /><!-- duration: 1ms -->
</step><!-- duration: 25299ms -->
