<step title="Incoming Request" date="2025-07-02T07:32:07.150" instance="345353" url="/api/publish?async=true&amp;deployer=GITHUB_ONE_DEPLOY&amp;type=zip&amp;message=%7B%22type%22%3A%22deployment%22%2C%22sha%22%3A%22aaca531317fda09b6b79770cefca899b4870c7e6%22%2C%22repoName%22%3A%22Satoshi-Niina%2FEmergency-Assistance%22%2C%22actor%22%3A%22Satoshi-Niina%22%2C%22slotName%22%3A%22production%22%2C%22commitMessage%22%3A%22Azure%20Static%20Web%20Apps%E8%A8%AD%E5%AE%9A%E4%BF%AE%E6%AD%A3%3A%20API%E3%83%97%E3%83%AD%E3%82%AD%E3%82%B7%E8%A8%AD%E5%AE%9A%E3%81%A8%E3%83%87%E3%83%90%E3%83%83%E3%82%B0%E3%83%AD%E3%82%B0%E3%82%92%E8%BF%BD%E5%8A%A0%22%7D" method="POST" type="request" pid="820,1,25" Host="emergency-backend-api-efg6gaawcjdmaggy.scm.japanwest-01.azurewebsites.net" User-Agent="GITHUBACTIONS_DeployWebAppToAzure_6afaea893f47a147fa5dac857d1041ffd4a8f022e29971635168cd4dcb90f2c0" Authorization="Bea..." Content-Type="application/octet-stream" Cookie="ARRAffinity=345353a6e2e5ca1cb44ba615462d7ac6ac166df501ae2807c92c9581cdccacea;Path=/;HttpOnly;Secure;Domain=emergency-backend-api-efg6gaawcjdmaggy.scm.japanwest-01.azurewebsites.net; ARRAffinitySameSite=345353a6e2e5ca1cb44ba615462d7ac6ac166df501ae2807c92c9581cdccacea;Path=/;HttpOnly;SameSite=None;Secure;Domain=emergency-backend-api-efg6gaawcjdmaggy.scm.japanwest-01.azurewebsites.net" Transfer-Encoding="chunked" X-ARR-LOG-ID="3f0aa3c5-d25e-4139-b0ef-337570f6ae4d" CLIENT-IP="40.86.187.169:1984" X-SITE-DEPLOYMENT-ID="emergency-backend-api" WAS-DEFAULT-HOSTNAME="emergency-backend-api-efg6gaawcjdmaggy.scm.japanwest-01.azurewebsites.net" X-Forwarded-Proto="https" X-AppService-Proto="https" X-Forwarded-TlsVersion="1.3" X-WAWS-Unencoded-URL="/api/publish?async=true&amp;deployer=GITHUB_ONE_DEPLOY&amp;type=zip&amp;message=%7B%22type%22%3A%22deployment%22%2C%22sha%22%3A%22aaca531317fda09b6b79770cefca899b4870c7e6%22%2C%22repoName%22%3A%22Satoshi-Niina%2FEmergency-Assistance%22%2C%22actor%22%3A%22Satoshi-Niina%22%2C%22slotName%22%3A%22production%22%2C%22commitMessage%22%3A%22Azure%20Static%20Web%20Apps%E8%A8%AD%E5%AE%9A%E4%BF%AE%E6%AD%A3%3A%20API%E3%83%97%E3%83%AD%E3%82%AD%E3%82%B7%E8%A8%AD%E5%AE%9A%E3%81%A8%E3%83%87%E3%83%90%E3%83%83%E3%82%B0%E3%83%AD%E3%82%B0%E3%82%92%E8%BF%BD%E5%8A%A0%22%7D" X-Client-IP="40.86.187.169" X-Client-Port="1984" >
  <step title="Cleanup Xml Logs" date="2025-07-02T07:32:07.168" >
    <step title="Cleanup Infos" date="2025-07-02T07:32:07.179" totalFiles="333" totalCleanup="173" /><!-- duration: 9ms -->
  </step><!-- duration: 20ms -->
  <step title="OneDeploy" date="2025-07-02T07:32:07.208" >
    <step title="Starting PushDeployAsync" date="2025-07-02T07:32:07.236" /><!-- duration: 1ms -->
    <step title="Writing artifact to /tmp/zipdeploy/80081f67-c3a2-4210-8743-1cc50d6cad98.zip" date="2025-07-02T07:32:07.286" >
      <step title="Writing multipart request body to /tmp/zipdeploy/80081f67-c3a2-4210-8743-1cc50d6cad98.zip" date="2025-07-02T07:32:07.294" /><!-- duration: 1ms -->
    </step><!-- duration: 19653ms -->
    <step title="Start deployment in the background" date="2025-07-02T07:32:26.959" >
      <step title="Acquiring Deployment Lock" date="2025-07-02T07:32:27.065" /><!-- duration: 1ms -->
      <step title="Acquired Deployment Lock" date="2025-07-02T07:32:27.116" /><!-- duration: 10ms -->
    </step><!-- duration: 293ms -->
  </step><!-- duration: 20096ms -->
  <step title="Outgoing response" date="2025-07-02T07:32:27.322" type="response" statusCode="202" statusText="Accepted" /><!-- duration: 1ms -->
</step><!-- duration: 20174ms -->
