<step title="Incoming Request" date="2025-07-02T07:26:14.607" instance="345353" url="/api/deployments/latest?deployer=OneDeploy&amp;time=2025-07-02_07-23-42Z" method="GET" type="request" pid="820,1,3" Host="emergency-backend-api-efg6gaawcjdmaggy.scm.japanwest-01.azurewebsites.net" User-Agent="GITHUBACTIONS_DeployWebAppToAzure_6afaea893f47a147fa5dac857d1041ffd4a8f022e29971635168cd4dcb90f2c0" Authorization="Bea..." Content-Type="application/json; charset=utf-8" Cookie="ARRAffinity=345353a6e2e5ca1cb44ba615462d7ac6ac166df501ae2807c92c9581cdccacea;Path=/;HttpOnly;Secure;Domain=emergency-backend-api-efg6gaawcjdmaggy.scm.japanwest-01.azurewebsites.net; ARRAffinitySameSite=345353a6e2e5ca1cb44ba615462d7ac6ac166df501ae2807c92c9581cdccacea;Path=/;HttpOnly;SameSite=None;Secure;Domain=emergency-backend-api-efg6gaawcjdmaggy.scm.japanwest-01.azurewebsites.net" Content-Length="0" X-ARR-LOG-ID="6661cf73-a5a8-4a65-a384-f6471055c30c" CLIENT-IP="4.227.220.251:7104" X-SITE-DEPLOYMENT-ID="emergency-backend-api" WAS-DEFAULT-HOSTNAME="emergency-backend-api-efg6gaawcjdmaggy.scm.japanwest-01.azurewebsites.net" X-Forwarded-Proto="https" X-AppService-Proto="https" X-Forwarded-TlsVersion="1.3" X-WAWS-Unencoded-URL="/api/deployments/latest?deployer=OneDeploy&amp;time=2025-07-02_07-23-42Z" X-Client-IP="4.227.220.251" X-Client-Port="7104" >
  <step title="Cleanup Xml Logs" date="2025-07-02T07:26:14.609" >
    <step title="Cleanup Infos" date="2025-07-02T07:26:14.628" totalFiles="324" totalCleanup="164" /><!-- duration: 29ms -->
  </step><!-- duration: 57ms -->
  <step title="DeploymentService.GetResult" date="2025-07-02T07:26:14.696" >
    <step title="DeploymentService.GetLatestDeployment" date="2025-07-02T07:26:14.698" >
      <step title="DeploymentManager.GetResults" date="2025-07-02T07:26:14.705" /><!-- duration: 470ms -->
    </step><!-- duration: 486ms -->
  </step><!-- duration: 488ms -->
  <step title="Outgoing response" date="2025-07-02T07:26:15.185" type="response" statusCode="202" statusText="Accepted" /><!-- duration: 9ms -->
</step><!-- duration: 588ms -->
