<step title="Incoming Request" date="2025-11-08T10:26:00.846" instance="22b10c" url="/api/deployments/latest?deployer=OneDeploy&amp;time=2025-11-08_10-24-55Z" method="GET" type="request" pid="833,1,19" Host="emergency-assistance-bfckhjejb3fbf9du.scm.japanwest-01.azurewebsites.net" User-Agent="GITHUBACTIONS_DeployWebAppToAzure_6afaea893f47a147fa5dac857d1041ffd4a8f022e29971635168cd4dcb90f2c0" Authorization="Bas..." Content-Type="application/json; charset=utf-8" Cookie="ARRAffinity=22b10c938bfb8149b35fcbcb38624f0710e5df8fb4c8f5ac3083a96e2b0cc607;Path=/;HttpOnly;Secure;Domain=emergency-assistance-bfckhjejb3fbf9du.scm.japanwest-01.azurewebsites.net; ARRAffinitySameSite=22b10c938bfb8149b35fcbcb38624f0710e5df8fb4c8f5ac3083a96e2b0cc607;Path=/;HttpOnly;SameSite=None;Secure;Domain=emergency-assistance-bfckhjejb3fbf9du.scm.japanwest-01.azurewebsites.net" Content-Length="0" X-ARR-LOG-ID="da0e860c-ccb4-4dc9-9c99-3ffc3852d048" CLIENT-IP="132.196.19.19:45081" X-SITE-DEPLOYMENT-ID="Emergency-Assistance" WAS-DEFAULT-HOSTNAME="emergency-assistance-bfckhjejb3fbf9du.scm.japanwest-01.azurewebsites.net" X-Forwarded-Proto="https" X-AppService-Proto="https" X-Forwarded-TlsVersion="1.3" X-WAWS-Unencoded-URL="/api/deployments/latest?deployer=OneDeploy&amp;time=2025-11-08_10-24-55Z" X-Client-IP="132.196.19.19" X-Client-Port="45081" >
  <step title="Cleanup Xml Logs" date="2025-11-08T10:26:00.856" >
    <step title="Cleanup Infos" date="2025-11-08T10:26:00.939" totalFiles="366" totalCleanup="206" /><!-- duration: 37ms -->
  </step><!-- duration: 132ms -->
  <step title="DeploymentService.GetResult" date="2025-11-08T10:26:01.038" >
    <step title="DeploymentService.GetLatestDeployment" date="2025-11-08T10:26:01.067" >
      <step title="DeploymentManager.GetResults" date="2025-11-08T10:26:01.106" /><!-- duration: 1929ms -->
    </step><!-- duration: 2002ms -->
  </step><!-- duration: 2060ms -->
  <step title="Outgoing response" date="2025-11-08T10:26:03.156" type="response" statusCode="202" statusText="Accepted" /><!-- duration: 41ms -->
</step><!-- duration: 2392ms -->
