<step title="Incoming Request" date="2025-07-02T07:08:36.078" instance="345353" url="/api/publish?async=true&amp;deployer=GITHUB_ONE_DEPLOY&amp;type=zip&amp;message=%7B%22type%22%3A%22deployment%22%2C%22sha%22%3A%2248098279e5ea0a950c62d016e099335a0ec73607%22%2C%22repoName%22%3A%22Satoshi-Niina%2FEmergency-Assistance%22%2C%22actor%22%3A%22Satoshi-Niina%22%2C%22slotName%22%3A%22production%22%2C%22commitMessage%22%3A%22Azure%E7%92%B0%E5%A2%83%E3%81%A7%E3%81%AE%E3%83%AD%E3%82%B0%E3%82%A4%E3%83%B3%E3%82%A8%E3%83%A9%E3%83%BC%E4%BF%AE%E6%AD%A3%3A%20CORS%E8%A8%AD%E5%AE%9A%E3%81%A8%E3%83%87%E3%83%90%E3%83%83%E3%82%B0%E3%83%AD%E3%82%B0%E3%82%92%E8%BF%BD%E5%8A%A0%22%7D" method="POST" type="request" pid="820,1,18" Host="emergency-backend-api-efg6gaawcjdmaggy.scm.japanwest-01.azurewebsites.net" User-Agent="GITHUBACTIONS_DeployWebAppToAzure_6afaea893f47a147fa5dac857d1041ffd4a8f022e29971635168cd4dcb90f2c0" Authorization="Bea..." Content-Type="application/octet-stream" Cookie="ARRAffinity=345353a6e2e5ca1cb44ba615462d7ac6ac166df501ae2807c92c9581cdccacea;Path=/;HttpOnly;Secure;Domain=emergency-backend-api-efg6gaawcjdmaggy.scm.japanwest-01.azurewebsites.net; ARRAffinitySameSite=345353a6e2e5ca1cb44ba615462d7ac6ac166df501ae2807c92c9581cdccacea;Path=/;HttpOnly;SameSite=None;Secure;Domain=emergency-backend-api-efg6gaawcjdmaggy.scm.japanwest-01.azurewebsites.net" Transfer-Encoding="chunked" X-ARR-LOG-ID="8ec33882-b7cd-4a22-a578-c3d1a372590f" CLIENT-IP="40.122.116.134:1024" X-SITE-DEPLOYMENT-ID="emergency-backend-api" WAS-DEFAULT-HOSTNAME="emergency-backend-api-efg6gaawcjdmaggy.scm.japanwest-01.azurewebsites.net" X-Forwarded-Proto="https" X-AppService-Proto="https" X-Forwarded-TlsVersion="1.3" X-WAWS-Unencoded-URL="/api/publish?async=true&amp;deployer=GITHUB_ONE_DEPLOY&amp;type=zip&amp;message=%7B%22type%22%3A%22deployment%22%2C%22sha%22%3A%2248098279e5ea0a950c62d016e099335a0ec73607%22%2C%22repoName%22%3A%22Satoshi-Niina%2FEmergency-Assistance%22%2C%22actor%22%3A%22Satoshi-Niina%22%2C%22slotName%22%3A%22production%22%2C%22commitMessage%22%3A%22Azure%E7%92%B0%E5%A2%83%E3%81%A7%E3%81%AE%E3%83%AD%E3%82%B0%E3%82%A4%E3%83%B3%E3%82%A8%E3%83%A9%E3%83%BC%E4%BF%AE%E6%AD%A3%3A%20CORS%E8%A8%AD%E5%AE%9A%E3%81%A8%E3%83%87%E3%83%90%E3%83%83%E3%82%B0%E3%83%AD%E3%82%B0%E3%82%92%E8%BF%BD%E5%8A%A0%22%7D" X-Client-IP="40.122.116.134" X-Client-Port="1024" >
  <step title="Cleanup Xml Logs" date="2025-07-02T07:08:36.079" >
    <step title="Cleanup Infos" date="2025-07-02T07:08:36.083" totalFiles="264" totalCleanup="104" /><!-- duration: 3ms -->
  </step><!-- duration: 7ms -->
  <step title="OneDeploy" date="2025-07-02T07:08:36.099" >
    <step title="Starting PushDeployAsync" date="2025-07-02T07:08:36.101" /><!-- duration: 1ms -->
    <step title="Writing artifact to /tmp/zipdeploy/3ff3a229-cf56-42b9-bf95-046ce39f8186.zip" date="2025-07-02T07:08:36.107" >
      <step title="Writing multipart request body to /tmp/zipdeploy/3ff3a229-cf56-42b9-bf95-046ce39f8186.zip" date="2025-07-02T07:08:36.126" /><!-- duration: 1ms -->
    </step><!-- duration: 21793ms -->
    <step title="Start deployment in the background" date="2025-07-02T07:08:57.911" >
      <step title="Acquiring Deployment Lock" date="2025-07-02T07:08:57.970" /><!-- duration: 6ms -->
      <step title="Acquired Deployment Lock" date="2025-07-02T07:08:57.990" /><!-- duration: 1ms -->
    </step><!-- duration: 145ms -->
  </step><!-- duration: 21975ms -->
  <step title="Outgoing response" date="2025-07-02T07:08:58.084" type="response" statusCode="202" statusText="Accepted" /><!-- duration: 10ms -->
</step><!-- duration: 22023ms -->
