<step title="Incoming Request" date="2025-11-08T04:17:09.958" instance="22b10c" url="/api/publish?async=true&amp;deployer=GITHUB_ONE_DEPLOY&amp;type=zip&amp;message=%7B%22type%22%3A%22deployment%22%2C%22sha%22%3A%226b10af3952d0da525424743ec789603be8fd4a92%22%2C%22repoName%22%3A%22Satoshi-Niina%2FEmergency-Assistance%22%2C%22actor%22%3A%22Satoshi-Niina%22%2C%22slotName%22%3A%22production%22%2C%22commitMessage%22%3A%22%20Enhanced%20health%20check%20with%205-retry%20logic%20and%20progressive%20wait%20times%22%7D" method="POST" type="request" pid="831,1,26" Host="emergency-assistance-bfckhjejb3fbf9du.scm.japanwest-01.azurewebsites.net" User-Agent="GITHUBACTIONS_DeployWebAppToAzure_6afaea893f47a147fa5dac857d1041ffd4a8f022e29971635168cd4dcb90f2c0" Authorization="Bas..." Content-Type="application/octet-stream" Cookie="ARRAffinity=22b10c938bfb8149b35fcbcb38624f0710e5df8fb4c8f5ac3083a96e2b0cc607;Path=/;HttpOnly;Secure;Domain=emergency-assistance-bfckhjejb3fbf9du.scm.japanwest-01.azurewebsites.net; ARRAffinitySameSite=22b10c938bfb8149b35fcbcb38624f0710e5df8fb4c8f5ac3083a96e2b0cc607;Path=/;HttpOnly;SameSite=None;Secure;Domain=emergency-assistance-bfckhjejb3fbf9du.scm.japanwest-01.azurewebsites.net" Transfer-Encoding="chunked" X-ARR-LOG-ID="789daacd-a497-42b3-8376-f599776bbf6c" CLIENT-IP="172.212.167.81:6080" X-SITE-DEPLOYMENT-ID="Emergency-Assistance" WAS-DEFAULT-HOSTNAME="emergency-assistance-bfckhjejb3fbf9du.scm.japanwest-01.azurewebsites.net" X-Forwarded-Proto="https" X-AppService-Proto="https" X-Forwarded-TlsVersion="1.3" X-WAWS-Unencoded-URL="/api/publish?async=true&amp;deployer=GITHUB_ONE_DEPLOY&amp;type=zip&amp;message=%7B%22type%22%3A%22deployment%22%2C%22sha%22%3A%226b10af3952d0da525424743ec789603be8fd4a92%22%2C%22repoName%22%3A%22Satoshi-Niina%2FEmergency-Assistance%22%2C%22actor%22%3A%22Satoshi-Niina%22%2C%22slotName%22%3A%22production%22%2C%22commitMessage%22%3A%22%20Enhanced%20health%20check%20with%205-retry%20logic%20and%20progressive%20wait%20times%22%7D" X-Client-IP="172.212.167.81" X-Client-Port="6080" >
  <step title="Cleanup Xml Logs" date="2025-11-08T04:17:09.986" /><!-- duration: 40ms -->
  <step title="OneDeploy" date="2025-11-08T04:17:10.077" >
    <step title="Starting PushDeployAsync" date="2025-11-08T04:17:10.107" /><!-- duration: 10ms -->
    <step title="Removing node_modules symlink" date="2025-11-08T04:17:10.186" >
      <step title="Writing artifact to /tmp/zipdeploy/a587a7fc-ed58-4c4f-b02c-e4093274d448.zip" date="2025-11-08T04:17:10.306" >
        <step title="Writing multipart request body to /tmp/zipdeploy/a587a7fc-ed58-4c4f-b02c-e4093274d448.zip" date="2025-11-08T04:17:10.326" /><!-- duration: 11ms -->
      </step><!-- duration: 2159ms -->
      <step title="Start deployment in the background" date="2025-11-08T04:17:12.602" >
        <step title="Acquiring Deployment Lock" date="2025-11-08T04:17:12.674" /><!-- duration: 40ms -->
        <step title="Acquired Deployment Lock" date="2025-11-08T04:17:12.803" /><!-- duration: 22ms -->
      </step><!-- duration: 594ms -->
    </step><!-- duration: 3029ms -->
    <step title="Outgoing response" date="2025-11-08T04:17:13.245" type="response" statusCode="202" statusText="Accepted" /><!-- duration: 21ms -->
  </step><!-- duration: 3220ms -->
