<step title="BackgroundTrace" date="2025-11-08T03:16:49.538" instance="22b10c" url="/api/publish" method="POST" >
  <step title="Creating temporary deployment - FetchDeploymentManager" date="2025-11-08T03:16:49.646" /><!-- duration: 3ms -->
  <step title="Creating temporary deployment" date="2025-11-08T03:16:49.653" /><!-- duration: 76ms -->
  <step title="Performing fetch based deployment" date="2025-11-08T03:16:49.771" >
    <step title="Cleaning up temp folders from previous zip deployments and extracting pushed zip file /tmp/zipdeploy/d9baa3ba-ae1c-4782-b593-37a46d3e872d.zip (41.96 MB) to /tmp/zipdeploy/extracted" date="2025-11-08T03:16:51.003" >
      <step title="ChmodRecursive Process exited with total time taken in ms: 83" date="2025-11-08T03:16:53.541" /><!-- duration: 28ms -->
    </step><!-- duration: 2578ms -->
    <step title="Deployment timer started" date="2025-11-08T03:16:55.608" >
      <step title="DeploymentManager.Deploy(id:03c8cee4-754b-474b-9b75-20cd785390b4)" date="2025-11-08T03:16:55.619" >
        <step title="Collecting changeset information" date="2025-11-08T03:16:55.668" /><!-- duration: 126ms -->
        <step title="Updating submodules" date="2025-11-08T03:16:55.800" /><!-- duration: 1127ms -->
        <step title="Determining deployment builder" date="2025-11-08T03:16:57.489" >
          <step title="Builder is OneDeployBuilder" date="2025-11-08T03:16:57.519" /><!-- duration: 3ms -->
        </step><!-- duration: 36ms -->
        <step title="PreDeployment: context.CleanOutputPath False" date="2025-11-08T03:16:57.591" >
          <step title="PreDeployment: context.OutputPath /home/site/wwwroot" date="2025-11-08T03:16:57.719" >
            <step title="Building" date="2025-11-08T03:16:57.879" >
              <step title="Executing external process" date="2025-11-08T03:16:58.613" type="process" path="starter.sh" arguments="/opt/Kudu/Scripts/absoluteTar.sh /tmp/zipdeploy/extracted/node_modules /tmp/zipdeploy/extracted/node_modules.tar.gz" /><!-- duration: 1449ms -->
              <step title="Executing external process" date="2025-11-08T03:17:00.383" type="process" path="starter.sh" arguments="/opt/Kudu/Scripts/parallel_rsync.sh /tmp/zipdeploy/extracted /home/site/wwwroot 8 /tmp/ False False node_modules " /><!-- duration: 19141ms -->
              <step title="Modified file to trigger a restart of the app container." date="2025-11-08T03:17:21.322" /><!-- duration: 23ms -->
              <step title="Skip function trigger and logicapp sync because function is not enabled." date="2025-11-08T03:17:21.393" /><!-- duration: 30ms -->
            </step><!-- duration: 25292ms -->
          </step><!-- duration: 25459ms -->
          <step title="Cleaning up temp files" date="2025-11-08T03:17:23.183" /><!-- duration: 5ms -->
          <step title="Cleaning up temp files" date="2025-11-08T03:17:23.201" /><!-- duration: 522ms -->
          <step title="Reloading status file with latest updates" date="2025-11-08T03:17:23.749" >
            <step title="WebHooksManager.PublishEventAsync: PostDeployment" date="2025-11-08T03:17:23.754" /><!-- duration: 73ms -->
          </step><!-- duration: 83ms -->
          <step title="Cleaning up temporary deployment - fetch deployment was successful" date="2025-11-08T03:17:23.837" /><!-- duration: 5ms -->
        </step><!-- duration: 26345ms -->
      </step><!-- duration: 28334ms -->
