<step title="Incoming Request" date="2025-11-08T08:28:50.162" instance="22b10c" url="/api/publish?async=true&amp;deployer=GITHUB_ONE_DEPLOY&amp;type=zip&amp;message=%7B%22type%22%3A%22deployment%22%2C%22sha%22%3A%2201478a1ebfd94a39adb5a59ff4bf46a2e8dcec4b%22%2C%22repoName%22%3A%22Satoshi-Niina%2FEmergency-Assistance%22%2C%22actor%22%3A%22Satoshi-Niina%22%2C%22slotName%22%3A%22production%22%2C%22commitMessage%22%3A%22Add%20detailed%20logging%20for%20production%20server%20startup%20errors%22%7D" method="POST" type="request" pid="833,1,5" Host="emergency-assistance-bfckhjejb3fbf9du.scm.japanwest-01.azurewebsites.net" User-Agent="GITHUBACTIONS_DeployWebAppToAzure_6afaea893f47a147fa5dac857d1041ffd4a8f022e29971635168cd4dcb90f2c0" Authorization="Bas..." Content-Type="application/octet-stream" Cookie="ARRAffinity=22b10c938bfb8149b35fcbcb38624f0710e5df8fb4c8f5ac3083a96e2b0cc607;Path=/;HttpOnly;Secure;Domain=emergency-assistance-bfckhjejb3fbf9du.scm.japanwest-01.azurewebsites.net; ARRAffinitySameSite=22b10c938bfb8149b35fcbcb38624f0710e5df8fb4c8f5ac3083a96e2b0cc607;Path=/;HttpOnly;SameSite=None;Secure;Domain=emergency-assistance-bfckhjejb3fbf9du.scm.japanwest-01.azurewebsites.net" Transfer-Encoding="chunked" X-ARR-LOG-ID="4ebff53c-2aa8-4eb1-bb14-a5e23d3f5cc3" CLIENT-IP="20.55.214.64:7168" X-SITE-DEPLOYMENT-ID="Emergency-Assistance" WAS-DEFAULT-HOSTNAME="emergency-assistance-bfckhjejb3fbf9du.scm.japanwest-01.azurewebsites.net" X-Forwarded-Proto="https" X-AppService-Proto="https" X-Forwarded-TlsVersion="1.3" X-WAWS-Unencoded-URL="/api/publish?async=true&amp;deployer=GITHUB_ONE_DEPLOY&amp;type=zip&amp;message=%7B%22type%22%3A%22deployment%22%2C%22sha%22%3A%2201478a1ebfd94a39adb5a59ff4bf46a2e8dcec4b%22%2C%22repoName%22%3A%22Satoshi-Niina%2FEmergency-Assistance%22%2C%22actor%22%3A%22Satoshi-Niina%22%2C%22slotName%22%3A%22production%22%2C%22commitMessage%22%3A%22Add%20detailed%20logging%20for%20production%20server%20startup%20errors%22%7D" X-Client-IP="20.55.214.64" X-Client-Port="7168" >
  <step title="Cleanup Xml Logs" date="2025-11-08T08:28:50.173" >
    <step title="Cleanup Infos" date="2025-11-08T08:28:50.242" totalFiles="278" totalCleanup="118" /><!-- duration: 21ms -->
  </step><!-- duration: 108ms -->
  <step title="OneDeploy" date="2025-11-08T08:28:50.314" >
    <step title="Starting PushDeployAsync" date="2025-11-08T08:28:50.352" /><!-- duration: 11ms -->
    <step title="Writing artifact to /tmp/zipdeploy/d8a940f4-5250-41ce-a92b-3f2fef56cfc3.zip" date="2025-11-08T08:28:50.412" >
      <step title="Writing multipart request body to /tmp/zipdeploy/d8a940f4-5250-41ce-a92b-3f2fef56cfc3.zip" date="2025-11-08T08:28:50.424" /><!-- duration: 37ms -->
    </step><!-- duration: 6060ms -->
    <step title="Start deployment in the background" date="2025-11-08T08:28:56.487" >
      <step title="Acquiring Deployment Lock" date="2025-11-08T08:28:56.499" /><!-- duration: 12ms -->
      <step title="Cannot Acquire Deployment Lock already held" date="2025-11-08T08:28:56.528" /><!-- duration: 11ms -->
    </step><!-- duration: 140ms -->
    <step title="There is a deployment currently in progress. Please try again when it completes." date="2025-11-08T08:28:56.646" /><!-- duration: 11ms -->
  </step><!-- duration: 6362ms -->
  <step title="Outgoing response" date="2025-11-08T08:28:56.705" type="response" statusCode="409" statusText="Conflict" /><!-- duration: 10ms -->
</step><!-- duration: 6574ms -->
