<step title="Incoming Request" date="2025-11-08T03:43:31.799" instance="22b10c" url="/api/publish?async=true&amp;deployer=GITHUB_ONE_DEPLOY&amp;type=zip&amp;message=%7B%22type%22%3A%22deployment%22%2C%22sha%22%3A%22737e54700ef19fbf074ae6fbd0fcb772f6f40108%22%2C%22repoName%22%3A%22Satoshi-Niina%2FEmergency-Assistance%22%2C%22actor%22%3A%22Satoshi-Niina%22%2C%22slotName%22%3A%22production%22%2C%22commitMessage%22%3A%22Fix%20deployment%20errors%3A%20Update%20GitHub%20secrets%20references%20and%20enhance%20server%20error%20handling%5Cn%5Cn-%20Fixed%20AZURE_STATIC_WEB_APPS_API_TOKEN%20reference%20in%20client%20deployment%20workflow%5Cn-%20Enhanced%20server%20startup%20logic%20with%20better%20environment%20variable%20checks%5Cn-%20Added%20robust%20error%20handling%20for%20Azure%20App%20Service%20server%20startup%5Cn-%20Improved%20fallback%20mechanism%20between%20production%20and%20debug%20servers%22%7D" method="POST" type="request" pid="831,1,29" Host="emergency-assistance-bfckhjejb3fbf9du.scm.japanwest-01.azurewebsites.net" User-Agent="GITHUBACTIONS_DeployWebAppToAzure_6afaea893f47a147fa5dac857d1041ffd4a8f022e29971635168cd4dcb90f2c0" Authorization="Bas..." Content-Type="application/octet-stream" Cookie="ARRAffinity=22b10c938bfb8149b35fcbcb38624f0710e5df8fb4c8f5ac3083a96e2b0cc607;Path=/;HttpOnly;Secure;Domain=emergency-assistance-bfckhjejb3fbf9du.scm.japanwest-01.azurewebsites.net; ARRAffinitySameSite=22b10c938bfb8149b35fcbcb38624f0710e5df8fb4c8f5ac3083a96e2b0cc607;Path=/;HttpOnly;SameSite=None;Secure;Domain=emergency-assistance-bfckhjejb3fbf9du.scm.japanwest-01.azurewebsites.net" Transfer-Encoding="chunked" X-ARR-LOG-ID="5c81edc4-7552-4bca-80c5-82568ec3a4d7" CLIENT-IP="172.215.217.98:11280" X-SITE-DEPLOYMENT-ID="Emergency-Assistance" WAS-DEFAULT-HOSTNAME="emergency-assistance-bfckhjejb3fbf9du.scm.japanwest-01.azurewebsites.net" X-Forwarded-Proto="https" X-AppService-Proto="https" X-Forwarded-TlsVersion="1.3" X-WAWS-Unencoded-URL="/api/publish?async=true&amp;deployer=GITHUB_ONE_DEPLOY&amp;type=zip&amp;message=%7B%22type%22%3A%22deployment%22%2C%22sha%22%3A%22737e54700ef19fbf074ae6fbd0fcb772f6f40108%22%2C%22repoName%22%3A%22Satoshi-Niina%2FEmergency-Assistance%22%2C%22actor%22%3A%22Satoshi-Niina%22%2C%22slotName%22%3A%22production%22%2C%22commitMessage%22%3A%22Fix%20deployment%20errors%3A%20Update%20GitHub%20secrets%20references%20and%20enhance%20server%20error%20handling%5Cn%5Cn-%20Fixed%20AZURE_STATIC_WEB_APPS_API_TOKEN%20reference%20in%20client%20deployment%20workflow%5Cn-%20Enhanced%20server%20startup%20logic%20with%20better%20environment%20variable%20checks%5Cn-%20Added%20robust%20error%20handling%20for%20Azure%20App%20Service%20server%20startup%5Cn-%20Improved%20fallback%20mechanism%20between%20production%20and%20debug%20servers%22%7D" X-Client-IP="172.215.217.98" X-Client-Port="11280" >
  <step title="Cleanup Xml Logs" date="2025-11-08T03:43:31.809" /><!-- duration: 43ms -->
  <step title="OneDeploy" date="2025-11-08T03:43:31.930" >
    <step title="Starting PushDeployAsync" date="2025-11-08T03:43:31.949" /><!-- duration: 4ms -->
    <step title="Removing node_modules symlink" date="2025-11-08T03:43:31.970" >
      <step title="Writing artifact to /tmp/zipdeploy/b57bbea5-629c-489b-85ae-8c9d82719baa.zip" date="2025-11-08T03:43:32.046" >
        <step title="Writing multipart request body to /tmp/zipdeploy/b57bbea5-629c-489b-85ae-8c9d82719baa.zip" date="2025-11-08T03:43:32.051" /><!-- duration: 10ms -->
      </step><!-- duration: 2119ms -->
      <step title="Start deployment in the background" date="2025-11-08T03:43:34.237" >
        <step title="Acquiring Deployment Lock" date="2025-11-08T03:43:34.298" /><!-- duration: 30ms -->
        <step title="Acquired Deployment Lock" date="2025-11-08T03:43:34.417" /><!-- duration: 18ms -->
      </step><!-- duration: 347ms -->
    </step><!-- duration: 2623ms -->
    <step title="Outgoing response" date="2025-11-08T03:43:34.600" type="response" statusCode="202" statusText="Accepted" /><!-- duration: 4ms -->
  </step><!-- duration: 2677ms -->
