<step title="Incoming Request" date="2025-06-27T08:13:48.999" instance="345353" url="/api/zipdeploy?isAsync=true&amp;deployer=GITHUB_ZIP_DEPLOY&amp;message=%7B%22type%22%3A%22deployment%22%2C%22sha%22%3A%2297643cd6083137e8794c5da0a593d91630512043%22%2C%22repoName%22%3A%22Satoshi-Niina%2FEmergency-Assistance%22%2C%22actor%22%3A%22Satoshi-Niina%22%2C%22slotName%22%3A%22production%22%2C%22commitMessage%22%3A%22test%3A%20modify%20app.js%20to%20trigger%20backend%20deploy%22%7D" method="POST" type="request" pid="820,1,34" Host="emergency-backend-api-efg6gaawcjdmaggy.scm.japanwest-01.azurewebsites.net" User-Agent="GITHUBACTIONS_DeployWebAppToAzure_6afaea893f47a147fa5dac857d1041ffd4a8f022e29971635168cd4dcb90f2c0" Authorization="Bas..." Content-Type="application/octet-stream" Cookie="ARRAffinity=345353a6e2e5ca1cb44ba615462d7ac6ac166df501ae2807c92c9581cdccacea;Path=/;HttpOnly;Secure;Domain=emergency-backend-api-efg6gaawcjdmaggy.scm.japanwest-01.azurewebsites.net; ARRAffinitySameSite=345353a6e2e5ca1cb44ba615462d7ac6ac166df501ae2807c92c9581cdccacea;Path=/;HttpOnly;SameSite=None;Secure;Domain=emergency-backend-api-efg6gaawcjdmaggy.scm.japanwest-01.azurewebsites.net" Transfer-Encoding="chunked" X-ARR-LOG-ID="4978a69e-b4a0-4263-bb8c-c529a95f30aa" CLIENT-IP="40.122.210.199:1024" X-SITE-DEPLOYMENT-ID="emergency-backend-api" WAS-DEFAULT-HOSTNAME="emergency-backend-api-efg6gaawcjdmaggy.scm.japanwest-01.azurewebsites.net" X-Forwarded-Proto="https" X-AppService-Proto="https" X-Forwarded-TlsVersion="1.3" X-WAWS-Unencoded-URL="/api/zipdeploy?isAsync=true&amp;deployer=GITHUB_ZIP_DEPLOY&amp;message=%7B%22type%22%3A%22deployment%22%2C%22sha%22%3A%2297643cd6083137e8794c5da0a593d91630512043%22%2C%22repoName%22%3A%22Satoshi-Niina%2FEmergency-Assistance%22%2C%22actor%22%3A%22Satoshi-Niina%22%2C%22slotName%22%3A%22production%22%2C%22commitMessage%22%3A%22test%3A%20modify%20app.js%20to%20trigger%20backend%20deploy%22%7D" X-Client-IP="40.122.210.199" X-Client-Port="1024" >
  <step title="ZipPushDeploy" date="2025-06-27T08:13:49.141" >
    <step title="ZipDeploy. Extract zip." date="2025-06-27T08:13:49.148" /><!-- duration: 1ms -->
    <step title="None repository commit" date="2025-06-27T08:13:49.157" >
      <step title="Commit id: 3cf6a9b5-5ee2-4acb-a13e-d40d5719eecc" date="2025-06-27T08:13:49.158" Message="N/A" AuthorName="N/A" AuthorEmail="N/A" /><!-- duration: 1ms -->
    </step><!-- duration: 3ms -->
    <step title="Starting PushDeployAsync" date="2025-06-27T08:13:49.161" /><!-- duration: 1ms -->
    <step title="Writing artifact to /tmp/zipdeploy/5ea7ce75-e15b-4c40-a1fe-92519b2bbee7.zip" date="2025-06-27T08:13:49.186" >
      <step title="Writing multipart request body to /tmp/zipdeploy/5ea7ce75-e15b-4c40-a1fe-92519b2bbee7.zip" date="2025-06-27T08:13:49.194" /><!-- duration: 1ms -->
    </step><!-- duration: 240ms -->
    <step title="Start deployment in the background" date="2025-06-27T08:13:49.436" >
      <step title="Acquiring Deployment Lock" date="2025-06-27T08:13:49.462" /><!-- duration: 1ms -->
      <step title="Acquired Deployment Lock" date="2025-06-27T08:13:49.504" /><!-- duration: 1ms -->
    </step><!-- duration: 178ms -->
  </step><!-- duration: 483ms -->
  <step title="Outgoing response" date="2025-06-27T08:13:49.631" type="response" statusCode="202" statusText="Accepted" /><!-- duration: 6ms -->
</step><!-- duration: 641ms -->
