<step title="BackgroundTrace" date="2025-06-26T10:41:08.437" instance="345353" url="/api/zipdeploy" method="POST" >
  <step title="Creating temporary deployment - FetchDeploymentManager" date="2025-06-26T10:41:08.579" /><!-- duration: 1ms -->
  <step title="Creating temporary deployment" date="2025-06-26T10:41:08.582" /><!-- duration: 70ms -->
  <step title="Performing fetch based deployment" date="2025-06-26T10:41:08.680" >
    <step title="Cleaning up temp folders from previous zip deployments and extracting pushed zip file /tmp/zipdeploy/ad8ee033-54ca-43fd-85a1-e18f12f4f195.zip (0.33 MB) to /tmp/zipdeploy/extracted" date="2025-06-26T10:41:09.785" >
      <step title="ChmodRecursive Process exited with total time taken in ms: 41" date="2025-06-26T10:41:10.023" /><!-- duration: 1ms -->
    </step><!-- duration: 241ms -->
    <step title="Deployment timer started" date="2025-06-26T10:41:12.063" >
      <step title="DeploymentManager.Deploy(id:adcef9d4-b561-491d-8e47-e9ded3514ff1)" date="2025-06-26T10:41:12.082" >
        <step title="Collecting changeset information" date="2025-06-26T10:41:12.102" /><!-- duration: 49ms -->
        <step title="Updating submodules" date="2025-06-26T10:41:12.153" /><!-- duration: 1075ms -->
        <step title="Determining deployment builder" date="2025-06-26T10:41:13.336" >
          <step title="Builder is BasicBuilder" date="2025-06-26T10:41:13.345" /><!-- duration: 9ms -->
        </step><!-- duration: 27ms -->
        <step title="PreDeployment: context.CleanOutputPath False" date="2025-06-26T10:41:13.413" >
          <step title="PreDeployment: context.OutputPath /home/site/wwwroot" date="2025-06-26T10:41:13.624" >
            <step title="Building" date="2025-06-26T10:41:13.707" >
              <step title="Executing external process" date="2025-06-26T10:41:13.872" type="process" path="starter.sh" arguments="/opt/Kudu/Scripts/parallel_rsync.sh /tmp/zipdeploy/extracted /home/site/wwwroot 8 /tmp/ False True  " /><!-- duration: 3681ms -->
              <step title="Triggering recycle (preview mode disabled)." date="2025-06-26T10:41:17.832" /><!-- duration: 1ms -->
              <step title="Modified file to trigger a restart of the app container." date="2025-06-26T10:41:17.862" /><!-- duration: 1ms -->
              <step title="Skip function trigger and logicapp sync because function is not enabled." date="2025-06-26T10:41:17.882" /><!-- duration: 1ms -->
            </step><!-- duration: 4843ms -->
          </step><!-- duration: 4928ms -->
          <step title="Cleaning up temp files" date="2025-06-26T10:41:18.553" /><!-- duration: 9ms -->
          <step title="Cleaning up temp files" date="2025-06-26T10:41:18.564" /><!-- duration: 509ms -->
          <step title="Reloading status file with latest updates" date="2025-06-26T10:41:19.091" >
            <step title="WebHooksManager.PublishEventAsync: PostDeployment" date="2025-06-26T10:41:19.101" /><!-- duration: 72ms -->
          </step><!-- duration: 83ms -->
          <step title="Cleaning up temporary deployment - fetch deployment was successful" date="2025-06-26T10:41:19.176" /><!-- duration: 4ms -->
        </step><!-- duration: 5815ms -->
      </step><!-- duration: 7150ms -->
