<step title="BackgroundTrace" date="2025-07-02T07:32:26.976" instance="345353" url="/api/publish" method="POST" >
  <step title="Cleanup Xml Logs" date="2025-07-02T07:32:26.978" >
    <step title="Cleanup Infos" date="2025-07-02T07:32:26.998" totalFiles="334" totalCleanup="174" /><!-- duration: 9ms -->
  </step><!-- duration: 30ms -->
  <step title="Creating temporary deployment - FetchDeploymentManager" date="2025-07-02T07:32:27.136" /><!-- duration: 1ms -->
  <step title="Creating temporary deployment" date="2025-07-02T07:32:27.156" /><!-- duration: 88ms -->
  <step title="Performing fetch based deployment" date="2025-07-02T07:32:27.382" >
    <step title="Cleaning up temp folders from previous zip deployments and extracting pushed zip file /tmp/zipdeploy/80081f67-c3a2-4210-8743-1cc50d6cad98.zip (524.44 MB) to /tmp/zipdeploy/extracted" date="2025-07-02T07:32:28.821" >
      <step title="ChmodRecursive Process exited with total time taken in ms: 480" date="2025-07-02T07:33:13.692" /><!-- duration: 2ms -->
    </step><!-- duration: 44885ms -->
    <step title="Deployment timer started" date="2025-07-02T07:33:15.724" >
      <step title="DeploymentManager.Deploy(id:fc95f16a-2166-47b8-a596-697c7e7cf9f9)" date="2025-07-02T07:33:15.728" >
        <step title="Collecting changeset information" date="2025-07-02T07:33:15.740" /><!-- duration: 78ms -->
        <step title="Updating submodules" date="2025-07-02T07:33:15.826" /><!-- duration: 1086ms -->
        <step title="Determining deployment builder" date="2025-07-02T07:33:17.080" >
          <step title="Builder is OneDeployBuilder" date="2025-07-02T07:33:17.109" /><!-- duration: 11ms -->
        </step><!-- duration: 59ms -->
        <step title="PreDeployment: context.CleanOutputPath False" date="2025-07-02T07:33:17.181" >
          <step title="PreDeployment: context.OutputPath /home/site/wwwroot" date="2025-07-02T07:33:17.269" >
            <step title="Building" date="2025-07-02T07:33:17.368" >
              <step title="Executing external process" date="2025-07-02T07:33:17.733" type="process" path="starter.sh" arguments="/opt/Kudu/Scripts/absoluteTar.sh /tmp/zipdeploy/extracted/node_modules /tmp/zipdeploy/extracted/node_modules.tar.gz" >
                <step title="Cpu: gzip(19463,47.540s)+sh(19462,0.000s)+tar(19461,2.550s)+absoluteTar.sh(19460,0.010s)=total(50.100s)" date="2025-07-02T07:34:17.957" /><!-- duration: 9ms -->
                <step title="starter.sh: no io activity for 60s, prev-cpu=-1.000s, current-cpu=50.100s" date="2025-07-02T07:34:17.967" /><!-- duration: 9ms -->
                <step title="Cpu: gzip(19463,94.060s)+sh(19462,0.000s)+tar(19461,5.480s)+absoluteTar.sh(19460,0.010s)=total(99.550s)" date="2025-07-02T07:35:18.182" /><!-- duration: 19ms -->
                <step title="starter.sh: no io activity for 120s, prev-cpu=50.100s, current-cpu=99.550s" date="2025-07-02T07:35:18.202" /><!-- duration: 10ms -->
              </step><!-- duration: 134381ms -->
              <step title="Executing external process" date="2025-07-02T07:35:32.285" type="process" path="starter.sh" arguments="/opt/Kudu/Scripts/parallel_rsync.sh /tmp/zipdeploy/extracted /home/site/wwwroot 8 /tmp/ False False node_modules " /><!-- duration: 26415ms -->
              <step title="Modified file to trigger a restart of the app container." date="2025-07-02T07:35:59.209" /><!-- duration: 1ms -->
              <step title="Skip function trigger and logicapp sync because function is not enabled." date="2025-07-02T07:35:59.223" /><!-- duration: 1ms -->
              <step title="Purge deployment items" date="2025-07-02T07:36:00.152" >
                <step title="Remove 7bec7ff3-, Success, received at 06/29/2025 05:32:56" date="2025-07-02T07:36:00.186" /><!-- duration: 1ms -->
              </step><!-- duration: 36ms -->
            </step><!-- duration: 162858ms -->
          </step><!-- duration: 162961ms -->
          <step title="Cleaning up temp files" date="2025-07-02T07:36:00.231" /><!-- duration: 2ms -->
          <step title="Cleaning up temp files" date="2025-07-02T07:36:00.234" /><!-- duration: 502ms -->
          <step title="Reloading status file with latest updates" date="2025-07-02T07:36:00.757" >
            <step title="WebHooksManager.PublishEventAsync: PostDeployment" date="2025-07-02T07:36:00.759" /><!-- duration: 33ms -->
          </step><!-- duration: 35ms -->
          <step title="Cleaning up temporary deployment - fetch deployment was successful" date="2025-07-02T07:36:00.799" /><!-- duration: 1ms -->
        </step><!-- duration: 163667ms -->
      </step><!-- duration: 165126ms -->
