<step title="Incoming Request" date="2025-06-29T12:01:29.167" instance="345353" url="/api/zipdeploy?isAsync=true&amp;deployer=GITHUB_ZIP_DEPLOY&amp;message=%7B%22type%22%3A%22deployment%22%2C%22sha%22%3A%22fd47fd25eee4420092542b624aadf3f7d12049e7%22%2C%22repoName%22%3A%22Satoshi-Niina%2FEmergency-Assistance%22%2C%22actor%22%3A%22Satoshi-Niina%22%2C%22slotName%22%3A%22production%22%2C%22commitMessage%22%3A%22%E3%83%95%E3%83%AD%E3%83%B3%E3%83%88%E3%82%B5%E3%83%BC%E3%83%90%E3%83%BC%EF%BC%8Bpostgresql%E6%8E%A5%E7%B6%9A%22%7D" method="POST" type="request" pid="820,1,34" Host="emergency-backend-api-efg6gaawcjdmaggy.scm.japanwest-01.azurewebsites.net" User-Agent="GITHUBACTIONS_DeployWebAppToAzure_6afaea893f47a147fa5dac857d1041ffd4a8f022e29971635168cd4dcb90f2c0" Authorization="Bas..." Content-Type="application/octet-stream" Cookie="ARRAffinity=345353a6e2e5ca1cb44ba615462d7ac6ac166df501ae2807c92c9581cdccacea;Path=/;HttpOnly;Secure;Domain=emergency-backend-api-efg6gaawcjdmaggy.scm.japanwest-01.azurewebsites.net; ARRAffinitySameSite=345353a6e2e5ca1cb44ba615462d7ac6ac166df501ae2807c92c9581cdccacea;Path=/;HttpOnly;SameSite=None;Secure;Domain=emergency-backend-api-efg6gaawcjdmaggy.scm.japanwest-01.azurewebsites.net" Transfer-Encoding="chunked" X-ARR-LOG-ID="00d5969d-9b8a-4acc-bd14-483e64dc5213" CLIENT-IP="172.171.202.229:32192" X-SITE-DEPLOYMENT-ID="emergency-backend-api" WAS-DEFAULT-HOSTNAME="emergency-backend-api-efg6gaawcjdmaggy.scm.japanwest-01.azurewebsites.net" X-Forwarded-Proto="https" X-AppService-Proto="https" X-Forwarded-TlsVersion="1.3" X-WAWS-Unencoded-URL="/api/zipdeploy?isAsync=true&amp;deployer=GITHUB_ZIP_DEPLOY&amp;message=%7B%22type%22%3A%22deployment%22%2C%22sha%22%3A%22fd47fd25eee4420092542b624aadf3f7d12049e7%22%2C%22repoName%22%3A%22Satoshi-Niina%2FEmergency-Assistance%22%2C%22actor%22%3A%22Satoshi-Niina%22%2C%22slotName%22%3A%22production%22%2C%22commitMessage%22%3A%22%E3%83%95%E3%83%AD%E3%83%B3%E3%83%88%E3%82%B5%E3%83%BC%E3%83%90%E3%83%BC%EF%BC%8Bpostgresql%E6%8E%A5%E7%B6%9A%22%7D" X-Client-IP="172.171.202.229" X-Client-Port="32192" >
  <step title="ZipPushDeploy" date="2025-06-29T12:01:29.184" >
    <step title="ZipDeploy. Extract zip." date="2025-06-29T12:01:29.186" /><!-- duration: 1ms -->
    <step title="Starting PushDeployAsync" date="2025-06-29T12:01:29.189" /><!-- duration: 1ms -->
    <step title="Writing artifact to /tmp/zipdeploy/def85490-c418-410b-bc2d-8dd3599ea2b2.zip" date="2025-06-29T12:01:29.201" >
      <step title="Writing multipart request body to /tmp/zipdeploy/def85490-c418-410b-bc2d-8dd3599ea2b2.zip" date="2025-06-29T12:01:29.202" /><!-- duration: 1ms -->
    </step><!-- duration: 444ms -->
    <step title="Start deployment in the background" date="2025-06-29T12:01:29.649" >
      <step title="Acquiring Deployment Lock" date="2025-06-29T12:01:29.936" /><!-- duration: 2ms -->
      <step title="Acquired Deployment Lock" date="2025-06-29T12:01:29.953" /><!-- duration: 1ms -->
    </step><!-- duration: 363ms -->
  </step><!-- duration: 832ms -->
  <step title="Outgoing response" date="2025-06-29T12:01:30.018" type="response" statusCode="202" statusText="Accepted" /><!-- duration: 1ms -->
</step><!-- duration: 852ms -->
