<step title="Incoming Request" date="2025-07-02T07:49:49.754" instance="345353" url="/api/deployments/latest?deployer=OneDeploy&amp;time=2025-07-02_07-49-42Z" method="GET" type="request" pid="820,1,19" Host="emergency-backend-api-efg6gaawcjdmaggy.scm.japanwest-01.azurewebsites.net" User-Agent="GITHUBACTIONS_DeployWebAppToAzure_6afaea893f47a147fa5dac857d1041ffd4a8f022e29971635168cd4dcb90f2c0" Authorization="Bea..." Content-Type="application/json; charset=utf-8" Cookie="ARRAffinity=345353a6e2e5ca1cb44ba615462d7ac6ac166df501ae2807c92c9581cdccacea;Path=/;HttpOnly;Secure;Domain=emergency-backend-api-efg6gaawcjdmaggy.scm.japanwest-01.azurewebsites.net; ARRAffinitySameSite=345353a6e2e5ca1cb44ba615462d7ac6ac166df501ae2807c92c9581cdccacea;Path=/;HttpOnly;SameSite=None;Secure;Domain=emergency-backend-api-efg6gaawcjdmaggy.scm.japanwest-01.azurewebsites.net" Content-Length="0" X-ARR-LOG-ID="0b54f2f2-675c-451b-85b5-fba3d0a7fd2a" CLIENT-IP="40.71.56.15:1025" X-SITE-DEPLOYMENT-ID="emergency-backend-api" WAS-DEFAULT-HOSTNAME="emergency-backend-api-efg6gaawcjdmaggy.scm.japanwest-01.azurewebsites.net" X-Forwarded-Proto="https" X-AppService-Proto="https" X-Forwarded-TlsVersion="1.3" X-WAWS-Unencoded-URL="/api/deployments/latest?deployer=OneDeploy&amp;time=2025-07-02_07-49-42Z" X-Client-IP="40.71.56.15" X-Client-Port="1025" >
  <step title="Cleanup Xml Logs" date="2025-07-02T07:49:49.763" >
    <step title="Cleanup Infos" date="2025-07-02T07:49:49.774" totalFiles="373" totalCleanup="213" /><!-- duration: 1ms -->
  </step><!-- duration: 14ms -->
  <step title="DeploymentService.GetResult" date="2025-07-02T07:49:49.785" >
    <step title="DeploymentService.GetLatestDeployment" date="2025-07-02T07:49:49.786" >
      <step title="DeploymentManager.GetResults" date="2025-07-02T07:49:49.786" /><!-- duration: 473ms -->
    </step><!-- duration: 481ms -->
  </step><!-- duration: 483ms -->
  <step title="Outgoing response" date="2025-07-02T07:49:50.269" type="response" statusCode="202" statusText="Accepted" /><!-- duration: 9ms -->
</step><!-- duration: 524ms -->
