<step title="BackgroundTrace" date="2025-11-08T03:28:37.928" instance="22b10c" url="/api/publish" method="POST" >
  <step title="Creating temporary deployment - FetchDeploymentManager" date="2025-11-08T03:28:38.188" /><!-- duration: 10ms -->
  <step title="Creating temporary deployment" date="2025-11-08T03:28:38.209" /><!-- duration: 151ms -->
  <step title="Performing fetch based deployment" date="2025-11-08T03:28:38.395" >
    <step title="Cleaning up temp folders from previous zip deployments and extracting pushed zip file /tmp/zipdeploy/1c6e5e0f-34e0-4efc-a2ad-005e53e4a511.zip (41.96 MB) to /tmp/zipdeploy/extracted" date="2025-11-08T03:28:39.590" >
      <step title="ChmodRecursive Process exited with total time taken in ms: 110" date="2025-11-08T03:28:43.317" /><!-- duration: 19ms -->
    </step><!-- duration: 3757ms -->
    <step title="Deployment timer started" date="2025-11-08T03:28:45.396" >
      <step title="DeploymentManager.Deploy(id:d35b4330-6864-4c22-8b49-0e4d9b0127f6)" date="2025-11-08T03:28:45.432" >
        <step title="Collecting changeset information" date="2025-11-08T03:28:45.474" /><!-- duration: 120ms -->
        <step title="Updating submodules" date="2025-11-08T03:28:45.600" /><!-- duration: 1154ms -->
        <step title="Determining deployment builder" date="2025-11-08T03:28:47.035" >
          <step title="Builder is OneDeployBuilder" date="2025-11-08T03:28:47.073" /><!-- duration: 20ms -->
        </step><!-- duration: 79ms -->
        <step title="PreDeployment: context.CleanOutputPath False" date="2025-11-08T03:28:47.200" >
          <step title="PreDeployment: context.OutputPath /home/site/wwwroot" date="2025-11-08T03:28:47.426" >
            <step title="Building" date="2025-11-08T03:28:47.663" >
              <step title="Executing external process" date="2025-11-08T03:28:48.542" type="process" path="starter.sh" arguments="/opt/Kudu/Scripts/absoluteTar.sh /tmp/zipdeploy/extracted/node_modules /tmp/zipdeploy/extracted/node_modules.tar.gz" /><!-- duration: 1375ms -->
              <step title="Executing external process" date="2025-11-08T03:28:50.224" type="process" path="starter.sh" arguments="/opt/Kudu/Scripts/parallel_rsync.sh /tmp/zipdeploy/extracted /home/site/wwwroot 8 /tmp/ False False node_modules " /><!-- duration: 10755ms -->
              <step title="Modified file to trigger a restart of the app container." date="2025-11-08T03:29:01.889" /><!-- duration: 6ms -->
              <step title="Skip function trigger and logicapp sync because function is not enabled." date="2025-11-08T03:29:01.902" /><!-- duration: 20ms -->
            </step><!-- duration: 15956ms -->
          </step><!-- duration: 16199ms -->
          <step title="Cleaning up temp files" date="2025-11-08T03:29:03.628" /><!-- duration: 3ms -->
          <step title="Cleaning up temp files" date="2025-11-08T03:29:03.637" /><!-- duration: 512ms -->
          <step title="Reloading status file with latest updates" date="2025-11-08T03:29:04.186" >
            <step title="WebHooksManager.PublishEventAsync: PostDeployment" date="2025-11-08T03:29:04.191" /><!-- duration: 98ms -->
          </step><!-- duration: 106ms -->
          <step title="Cleaning up temporary deployment - fetch deployment was successful" date="2025-11-08T03:29:04.299" /><!-- duration: 3ms -->
        </step><!-- duration: 17164ms -->
      </step><!-- duration: 18948ms -->
