<step title="BackgroundTrace" date="2025-11-08T02:41:57.679" instance="22b10c" url="/api/publish" method="POST" >
  <step title="Creating temporary deployment - FetchDeploymentManager" date="2025-11-08T02:41:57.762" /><!-- duration: 3ms -->
  <step title="Creating temporary deployment" date="2025-11-08T02:41:57.771" /><!-- duration: 103ms -->
  <step title="Performing fetch based deployment" date="2025-11-08T02:41:57.926" >
    <step title="Cleaning up temp folders from previous zip deployments and extracting pushed zip file /tmp/zipdeploy/d30db8f3-7e64-4d37-8461-01cffe36b3f2.zip (41.95 MB) to /tmp/zipdeploy/extracted" date="2025-11-08T02:41:59.167" >
      <step title="ChmodRecursive Process exited with total time taken in ms: 90" date="2025-11-08T02:42:01.812" /><!-- duration: 8ms -->
    </step><!-- duration: 2656ms -->
    <step title="Deployment timer started" date="2025-11-08T02:42:03.877" >
      <step title="DeploymentManager.Deploy(id:50a15f5d-20c9-4197-89be-00527a1f7559)" date="2025-11-08T02:42:03.904" >
        <step title="Collecting changeset information" date="2025-11-08T02:42:03.957" /><!-- duration: 173ms -->
        <step title="Updating submodules" date="2025-11-08T02:42:04.136" /><!-- duration: 1128ms -->
        <step title="Determining deployment builder" date="2025-11-08T02:42:05.586" >
          <step title="Builder is OneDeployBuilder" date="2025-11-08T02:42:05.617" /><!-- duration: 3ms -->
        </step><!-- duration: 40ms -->
        <step title="PreDeployment: context.CleanOutputPath False" date="2025-11-08T02:42:05.691" >
          <step title="PreDeployment: context.OutputPath /home/site/wwwroot" date="2025-11-08T02:42:05.823" >
            <step title="Building" date="2025-11-08T02:42:06.051" >
              <step title="Executing external process" date="2025-11-08T02:42:06.818" type="process" path="starter.sh" arguments="/opt/Kudu/Scripts/absoluteTar.sh /tmp/zipdeploy/extracted/node_modules /tmp/zipdeploy/extracted/node_modules.tar.gz" /><!-- duration: 1505ms -->
              <step title="Executing external process" date="2025-11-08T02:42:08.635" type="process" path="starter.sh" arguments="/opt/Kudu/Scripts/parallel_rsync.sh /tmp/zipdeploy/extracted /home/site/wwwroot 8 /tmp/ False False node_modules " /><!-- duration: 18354ms -->
              <step title="Modified file to trigger a restart of the app container." date="2025-11-08T02:42:27.954" /><!-- duration: 29ms -->
              <step title="Skip function trigger and logicapp sync because function is not enabled." date="2025-11-08T02:42:28.004" /><!-- duration: 22ms -->
            </step><!-- duration: 23023ms -->
          </step><!-- duration: 23282ms -->
          <step title="Cleaning up temp files" date="2025-11-08T02:42:29.126" /><!-- duration: 5ms -->
          <step title="Cleaning up temp files" date="2025-11-08T02:42:29.157" /><!-- duration: 517ms -->
          <step title="Reloading status file with latest updates" date="2025-11-08T02:42:29.701" >
            <step title="WebHooksManager.PublishEventAsync: PostDeployment" date="2025-11-08T02:42:29.707" /><!-- duration: 84ms -->
          </step><!-- duration: 93ms -->
          <step title="Cleaning up temporary deployment - fetch deployment was successful" date="2025-11-08T02:42:29.800" /><!-- duration: 4ms -->
        </step><!-- duration: 24193ms -->
      </step><!-- duration: 26000ms -->
