<step title="Incoming Request" date="2025-07-02T07:24:02.656" instance="345353" url="/api/deployments/latest?deployer=OneDeploy&amp;time=2025-07-02_07-23-42Z" method="GET" type="request" pid="820,1,22" Host="emergency-backend-api-efg6gaawcjdmaggy.scm.japanwest-01.azurewebsites.net" User-Agent="GITHUBACTIONS_DeployWebAppToAzure_6afaea893f47a147fa5dac857d1041ffd4a8f022e29971635168cd4dcb90f2c0" Authorization="Bea..." Content-Type="application/json; charset=utf-8" Cookie="ARRAffinity=345353a6e2e5ca1cb44ba615462d7ac6ac166df501ae2807c92c9581cdccacea;Path=/;HttpOnly;Secure;Domain=emergency-backend-api-efg6gaawcjdmaggy.scm.japanwest-01.azurewebsites.net; ARRAffinitySameSite=345353a6e2e5ca1cb44ba615462d7ac6ac166df501ae2807c92c9581cdccacea;Path=/;HttpOnly;SameSite=None;Secure;Domain=emergency-backend-api-efg6gaawcjdmaggy.scm.japanwest-01.azurewebsites.net" Content-Length="0" X-ARR-LOG-ID="c49921bd-6b95-4a00-a72c-455fe6866690" CLIENT-IP="4.227.220.251:7105" X-SITE-DEPLOYMENT-ID="emergency-backend-api" WAS-DEFAULT-HOSTNAME="emergency-backend-api-efg6gaawcjdmaggy.scm.japanwest-01.azurewebsites.net" X-Forwarded-Proto="https" X-AppService-Proto="https" X-Forwarded-TlsVersion="1.3" X-WAWS-Unencoded-URL="/api/deployments/latest?deployer=OneDeploy&amp;time=2025-07-02_07-23-42Z" X-Client-IP="4.227.220.251" X-Client-Port="7105" >
  <step title="Cleanup Xml Logs" date="2025-07-02T07:24:02.674" >
    <step title="Cleanup Infos" date="2025-07-02T07:24:02.733" totalFiles="305" totalCleanup="145" /><!-- duration: 8ms -->
  </step><!-- duration: 68ms -->
  <step title="DeploymentService.GetResult" date="2025-07-02T07:24:02.778" >
    <step title="DeploymentService.GetLatestDeployment" date="2025-07-02T07:24:02.779" >
      <step title="DeploymentManager.GetResults" date="2025-07-02T07:24:02.796" /><!-- duration: 690ms -->
    </step><!-- duration: 754ms -->
  </step><!-- duration: 756ms -->
  <step title="Outgoing response" date="2025-07-02T07:24:03.551" type="response" statusCode="202" statusText="Accepted" /><!-- duration: 1ms -->
</step><!-- duration: 898ms -->
