<step title="BackgroundTrace" date="2025-07-01T01:43:03.844" instance="345353" url="/api/zipdeploy" method="POST" >
  <step title="Creating temporary deployment - FetchDeploymentManager" date="2025-07-01T01:43:03.975" /><!-- duration: 1ms -->
  <step title="Creating temporary deployment" date="2025-07-01T01:43:03.982" /><!-- duration: 68ms -->
  <step title="Performing fetch based deployment" date="2025-07-01T01:43:04.104" >
    <step title="Cleaning up temp folders from previous zip deployments and extracting pushed zip file /tmp/zipdeploy/0e65f9a2-70bb-4152-a173-579bff04e995.zip (0.31 MB) to /tmp/zipdeploy/extracted" date="2025-07-01T01:43:05.809" >
      <step title="ChmodRecursive Process exited with total time taken in ms: 90" date="2025-07-01T01:43:06.174" /><!-- duration: 7ms -->
    </step><!-- duration: 380ms -->
    <step title="Deployment timer started" date="2025-07-01T01:43:08.209" >
      <step title="DeploymentManager.Deploy(id:5ff922a4-7171-490c-91a6-2705f32bfd0f)" date="2025-07-01T01:43:08.248" >
        <step title="Collecting changeset information" date="2025-07-01T01:43:08.260" /><!-- duration: 107ms -->
        <step title="Updating submodules" date="2025-07-01T01:43:08.369" /><!-- duration: 1144ms -->
        <step title="Determining deployment builder" date="2025-07-01T01:43:09.660" >
          <step title="Builder is BasicBuilder" date="2025-07-01T01:43:09.669" /><!-- duration: 7ms -->
        </step><!-- duration: 18ms -->
        <step title="PreDeployment: context.CleanOutputPath False" date="2025-07-01T01:43:09.716" >
          <step title="PreDeployment: context.OutputPath /home/site/wwwroot" date="2025-07-01T01:43:09.805" >
            <step title="Building" date="2025-07-01T01:43:09.889" >
              <step title="Executing external process" date="2025-07-01T01:43:10.090" type="process" path="starter.sh" arguments="/opt/Kudu/Scripts/parallel_rsync.sh /tmp/zipdeploy/extracted /home/site/wwwroot 8 /tmp/ False True  " /><!-- duration: 4271ms -->
              <step title="Triggering recycle (preview mode disabled)." date="2025-07-01T01:43:14.746" /><!-- duration: 1ms -->
              <step title="Modified file to trigger a restart of the app container." date="2025-07-01T01:43:14.777" /><!-- duration: 1ms -->
              <step title="Skip function trigger and logicapp sync because function is not enabled." date="2025-07-01T01:43:14.816" /><!-- duration: 2ms -->
              <step title="Purge deployment items" date="2025-07-01T01:43:15.500" >
                <step title="Remove f106d5c9-, Success, received at 06/28/2025 11:13:10" date="2025-07-01T01:43:15.532" /><!-- duration: 1ms -->
              </step><!-- duration: 35ms -->
            </step><!-- duration: 5688ms -->
          </step><!-- duration: 5774ms -->
          <step title="Cleaning up temp files" date="2025-07-01T01:43:15.579" /><!-- duration: 1ms -->
          <step title="Cleaning up temp files" date="2025-07-01T01:43:15.581" /><!-- duration: 507ms -->
          <step title="Reloading status file with latest updates" date="2025-07-01T01:43:16.118" >
            <step title="WebHooksManager.PublishEventAsync: PostDeployment" date="2025-07-01T01:43:16.129" /><!-- duration: 76ms -->
          </step><!-- duration: 87ms -->
          <step title="Cleaning up temporary deployment - fetch deployment was successful" date="2025-07-01T01:43:16.208" /><!-- duration: 1ms -->
        </step><!-- duration: 6561ms -->
      </step><!-- duration: 8050ms -->
