<step title="BackgroundTrace" date="2025-11-08T02:26:07.907" instance="22b10c" url="/api/publish" method="POST" >
  <step title="Creating temporary deployment - FetchDeploymentManager" date="2025-11-08T02:26:07.973" /><!-- duration: 2ms -->
  <step title="Creating temporary deployment" date="2025-11-08T02:26:07.981" /><!-- duration: 105ms -->
  <step title="Performing fetch based deployment" date="2025-11-08T02:26:08.119" >
    <step title="Cleaning up temp folders from previous zip deployments and extracting pushed zip file /tmp/zipdeploy/d65f8d90-dc72-4204-8462-3bc54198b52c.zip (41.95 MB) to /tmp/zipdeploy/extracted" date="2025-11-08T02:26:09.323" >
      <step title="ChmodRecursive Process exited with total time taken in ms: 110" date="2025-11-08T02:26:11.917" /><!-- duration: 4ms -->
    </step><!-- duration: 2607ms -->
    <step title="Deployment timer started" date="2025-11-08T02:26:13.952" >
      <step title="DeploymentManager.Deploy(id:45c492cc-4908-4429-bfb5-24073cb59e72)" date="2025-11-08T02:26:13.959" >
        <step title="Collecting changeset information" date="2025-11-08T02:26:14.013" /><!-- duration: 100ms -->
        <step title="Updating submodules" date="2025-11-08T02:26:14.119" /><!-- duration: 1133ms -->
        <step title="Determining deployment builder" date="2025-11-08T02:26:15.526" >
          <step title="Builder is OneDeployBuilder" date="2025-11-08T02:26:15.556" /><!-- duration: 3ms -->
        </step><!-- duration: 36ms -->
        <step title="PreDeployment: context.CleanOutputPath False" date="2025-11-08T02:26:15.659" >
          <step title="PreDeployment: context.OutputPath /home/site/wwwroot" date="2025-11-08T02:26:15.800" >
            <step title="Building" date="2025-11-08T02:26:15.948" >
              <step title="Executing external process" date="2025-11-08T02:26:16.757" type="process" path="starter.sh" arguments="/opt/Kudu/Scripts/absoluteTar.sh /tmp/zipdeploy/extracted/node_modules /tmp/zipdeploy/extracted/node_modules.tar.gz" /><!-- duration: 1343ms -->
              <step title="Executing external process" date="2025-11-08T02:26:18.428" type="process" path="starter.sh" arguments="/opt/Kudu/Scripts/parallel_rsync.sh /tmp/zipdeploy/extracted /home/site/wwwroot 8 /tmp/ False False node_modules " /><!-- duration: 10618ms -->
              <step title="Modified file to trigger a restart of the app container." date="2025-11-08T02:26:30.011" /><!-- duration: 4ms -->
              <step title="Skip function trigger and logicapp sync because function is not enabled." date="2025-11-08T02:26:30.020" /><!-- duration: 12ms -->
            </step><!-- duration: 15060ms -->
          </step><!-- duration: 15221ms -->
          <step title="Cleaning up temp files" date="2025-11-08T02:26:31.049" /><!-- duration: 33ms -->
          <step title="Cleaning up temp files" date="2025-11-08T02:26:31.088" /><!-- duration: 508ms -->
          <step title="Reloading status file with latest updates" date="2025-11-08T02:26:31.623" >
            <step title="WebHooksManager.PublishEventAsync: PostDeployment" date="2025-11-08T02:26:31.628" /><!-- duration: 70ms -->
          </step><!-- duration: 80ms -->
          <step title="Cleaning up temporary deployment - fetch deployment was successful" date="2025-11-08T02:26:31.710" /><!-- duration: 4ms -->
        </step><!-- duration: 16135ms -->
      </step><!-- duration: 17854ms -->
