<step title="BackgroundTrace" date="2025-11-08T08:05:03.764" instance="22b10c" url="/api/publish" method="POST" >
  <step title="Cleanup Xml Logs" date="2025-11-08T08:05:03.774" >
    <step title="Cleanup Infos" date="2025-11-08T08:05:03.784" totalFiles="243" totalCleanup="83" /><!-- duration: 6ms -->
  </step><!-- duration: 20ms -->
  <step title="Creating temporary deployment - FetchDeploymentManager" date="2025-11-08T08:05:03.916" /><!-- duration: 3ms -->
  <step title="Creating temporary deployment" date="2025-11-08T08:05:03.923" /><!-- duration: 131ms -->
  <step title="Performing fetch based deployment" date="2025-11-08T08:05:04.091" >
    <step title="Cleaning up temp folders from previous zip deployments and extracting pushed zip file /tmp/zipdeploy/54dc3312-3f43-40ce-86db-a8bc7f28cf79.zip (112.69 MB) to /tmp/zipdeploy/extracted" date="2025-11-08T08:05:05.596" >
      <step title="ChmodRecursive Process exited with total time taken in ms: 623" date="2025-11-08T08:05:24.667" /><!-- duration: 4ms -->
    </step><!-- duration: 19087ms -->
    <step title="Deployment timer started" date="2025-11-08T08:05:26.703" >
      <step title="DeploymentManager.Deploy(id:04c59994-fe0f-4b37-ba52-74fccd4cdb6e)" date="2025-11-08T08:05:26.711" >
        <step title="Collecting changeset information" date="2025-11-08T08:05:26.764" /><!-- duration: 102ms -->
        <step title="Updating submodules" date="2025-11-08T08:05:26.874" /><!-- duration: 1148ms -->
        <step title="Determining deployment builder" date="2025-11-08T08:05:28.269" >
          <step title="Builder is OneDeployBuilder" date="2025-11-08T08:05:28.297" /><!-- duration: 4ms -->
        </step><!-- duration: 35ms -->
        <step title="PreDeployment: context.CleanOutputPath False" date="2025-11-08T08:05:28.377" >
          <step title="PreDeployment: context.OutputPath /home/site/wwwroot" date="2025-11-08T08:05:28.507" >
            <step title="Building" date="2025-11-08T08:05:28.651" >
              <step title="Executing external process" date="2025-11-08T08:05:29.507" type="process" path="starter.sh" arguments="/opt/Kudu/Scripts/absoluteTar.sh /tmp/zipdeploy/extracted/node_modules /tmp/zipdeploy/extracted/node_modules.tar.gz" /><!-- duration: 42214ms -->
              <step title="Executing external process" date="2025-11-08T08:06:12.109" type="process" path="starter.sh" arguments="/opt/Kudu/Scripts/parallel_rsync.sh /tmp/zipdeploy/extracted /home/site/wwwroot 8 /tmp/ False False node_modules " /><!-- duration: 54545ms -->
              <step title="Modified file to trigger a restart of the app container." date="2025-11-08T08:07:07.960" /><!-- duration: 5ms -->
              <step title="Skip function trigger and logicapp sync because function is not enabled." date="2025-11-08T08:07:07.978" /><!-- duration: 20ms -->
              <step title="Purge deployment items" date="2025-11-08T08:07:09.251" >
                <step title="Remove 03c8cee4-, Success, received at 11/08/2025 03:16:55" date="2025-11-08T08:07:09.317" /><!-- duration: 12ms -->
              </step><!-- duration: 96ms -->
            </step><!-- duration: 100847ms -->
          </step><!-- duration: 101129ms -->
          <step title="Cleaning up temp files" date="2025-11-08T08:07:09.639" /><!-- duration: 30ms -->
          <step title="Cleaning up temp files" date="2025-11-08T08:07:09.681" /><!-- duration: 537ms -->
          <step title="Reloading status file with latest updates" date="2025-11-08T08:07:10.266" >
            <step title="WebHooksManager.PublishEventAsync: PostDeployment" date="2025-11-08T08:07:10.274" /><!-- duration: 165ms -->
          </step><!-- duration: 191ms -->
          <step title="Cleaning up temporary deployment - fetch deployment was successful" date="2025-11-08T08:07:10.477" /><!-- duration: 10ms -->
        </step><!-- duration: 102222ms -->
      </step><!-- duration: 104027ms -->
