<step title="Incoming Request" date="2025-11-08T03:28:35.613" instance="22b10c" url="/api/publish?async=true&amp;deployer=GITHUB_ONE_DEPLOY&amp;type=zip&amp;message=%7B%22type%22%3A%22deployment%22%2C%22sha%22%3A%22ebdf5af9967f8a26549bea84f56ceac5eb2f6365%22%2C%22repoName%22%3A%22Satoshi-Niina%2FEmergency-Assistance%22%2C%22actor%22%3A%22Satoshi-Niina%22%2C%22slotName%22%3A%22production%22%2C%22commitMessage%22%3A%22Fix%20CORS%20policy%20permanently%20and%20integrate%20workflows%5Cn%5Cn-%20Fixed%20CORS%20configuration%20to%20permanently%20allow%20Azure%20Static%20Web%20Apps%20origin%5Cn-%20Removed%20force-deploy.yml%20and%20integrated%20health%20check%20into%20deploy-server-azure.yml%5Cn-%20Enhanced%20server%20startup%20logic%20to%20prioritize%20main%20production%20server%5Cn-%20Removed%20manual%20CORS%20configuration%20steps%20from%20deployment%20workflow%5Cn-%20Added%20comprehensive%20health%20check%20after%20deployment%22%7D" method="POST" type="request" pid="831,1,30" Host="emergency-assistance-bfckhjejb3fbf9du.scm.japanwest-01.azurewebsites.net" User-Agent="GITHUBACTIONS_DeployWebAppToAzure_6afaea893f47a147fa5dac857d1041ffd4a8f022e29971635168cd4dcb90f2c0" Authorization="Bas..." Content-Type="application/octet-stream" Cookie="ARRAffinity=22b10c938bfb8149b35fcbcb38624f0710e5df8fb4c8f5ac3083a96e2b0cc607;Path=/;HttpOnly;Secure;Domain=emergency-assistance-bfckhjejb3fbf9du.scm.japanwest-01.azurewebsites.net; ARRAffinitySameSite=22b10c938bfb8149b35fcbcb38624f0710e5df8fb4c8f5ac3083a96e2b0cc607;Path=/;HttpOnly;SameSite=None;Secure;Domain=emergency-assistance-bfckhjejb3fbf9du.scm.japanwest-01.azurewebsites.net" Transfer-Encoding="chunked" X-ARR-LOG-ID="7d087bcb-86fc-4094-bc73-2d4d0b873319" CLIENT-IP="128.24.163.71:63512" X-SITE-DEPLOYMENT-ID="Emergency-Assistance" WAS-DEFAULT-HOSTNAME="emergency-assistance-bfckhjejb3fbf9du.scm.japanwest-01.azurewebsites.net" X-Forwarded-Proto="https" X-AppService-Proto="https" X-Forwarded-TlsVersion="1.3" X-WAWS-Unencoded-URL="/api/publish?async=true&amp;deployer=GITHUB_ONE_DEPLOY&amp;type=zip&amp;message=%7B%22type%22%3A%22deployment%22%2C%22sha%22%3A%22ebdf5af9967f8a26549bea84f56ceac5eb2f6365%22%2C%22repoName%22%3A%22Satoshi-Niina%2FEmergency-Assistance%22%2C%22actor%22%3A%22Satoshi-Niina%22%2C%22slotName%22%3A%22production%22%2C%22commitMessage%22%3A%22Fix%20CORS%20policy%20permanently%20and%20integrate%20workflows%5Cn%5Cn-%20Fixed%20CORS%20configuration%20to%20permanently%20allow%20Azure%20Static%20Web%20Apps%20origin%5Cn-%20Removed%20force-deploy.yml%20and%20integrated%20health%20check%20into%20deploy-server-azure.yml%5Cn-%20Enhanced%20server%20startup%20logic%20to%20prioritize%20main%20production%20server%5Cn-%20Removed%20manual%20CORS%20configuration%20steps%20from%20deployment%20workflow%5Cn-%20Added%20comprehensive%20health%20check%20after%20deployment%22%7D" X-Client-IP="128.24.163.71" X-Client-Port="63512" >
  <step title="Cleanup Xml Logs" date="2025-11-08T03:28:35.616" /><!-- duration: 10ms -->
  <step title="OneDeploy" date="2025-11-08T03:28:35.701" >
    <step title="Starting PushDeployAsync" date="2025-11-08T03:28:35.715" /><!-- duration: 4ms -->
    <step title="Removing node_modules symlink" date="2025-11-08T03:28:35.735" >
      <step title="Writing artifact to /tmp/zipdeploy/1c6e5e0f-34e0-4efc-a2ad-005e53e4a511.zip" date="2025-11-08T03:28:35.813" >
        <step title="Writing multipart request body to /tmp/zipdeploy/1c6e5e0f-34e0-4efc-a2ad-005e53e4a511.zip" date="2025-11-08T03:28:35.817" /><!-- duration: 8ms -->
      </step><!-- duration: 2039ms -->
      <step title="Start deployment in the background" date="2025-11-08T03:28:37.917" >
        <step title="Acquiring Deployment Lock" date="2025-11-08T03:28:38.066" /><!-- duration: 21ms -->
        <step title="Acquired Deployment Lock" date="2025-11-08T03:28:38.168" /><!-- duration: 11ms -->
      </step><!-- duration: 446ms -->
    </step><!-- duration: 2637ms -->
    <step title="Outgoing response" date="2025-11-08T03:28:38.375" type="response" statusCode="202" statusText="Accepted" /><!-- duration: 4ms -->
  </step><!-- duration: 2683ms -->
