<step title="Incoming Request" date="2025-11-08T08:05:11.167" instance="22b10c" url="/api/deployments/latest?deployer=OneDeploy&amp;time=2025-11-08_08-05-04Z" method="GET" type="request" pid="833,1,18" Host="emergency-assistance-bfckhjejb3fbf9du.scm.japanwest-01.azurewebsites.net" User-Agent="GITHUBACTIONS_DeployWebAppToAzure_6afaea893f47a147fa5dac857d1041ffd4a8f022e29971635168cd4dcb90f2c0" Authorization="Bas..." Content-Type="application/json; charset=utf-8" Cookie="ARRAffinity=22b10c938bfb8149b35fcbcb38624f0710e5df8fb4c8f5ac3083a96e2b0cc607;Path=/;HttpOnly;Secure;Domain=emergency-assistance-bfckhjejb3fbf9du.scm.japanwest-01.azurewebsites.net; ARRAffinitySameSite=22b10c938bfb8149b35fcbcb38624f0710e5df8fb4c8f5ac3083a96e2b0cc607;Path=/;HttpOnly;SameSite=None;Secure;Domain=emergency-assistance-bfckhjejb3fbf9du.scm.japanwest-01.azurewebsites.net" Content-Length="0" X-ARR-LOG-ID="f7a23abe-865f-4706-a11a-0eb6efaf39ba" CLIENT-IP="172.182.213.65:14345" X-SITE-DEPLOYMENT-ID="Emergency-Assistance" WAS-DEFAULT-HOSTNAME="emergency-assistance-bfckhjejb3fbf9du.scm.japanwest-01.azurewebsites.net" X-Forwarded-Proto="https" X-AppService-Proto="https" X-Forwarded-TlsVersion="1.3" X-WAWS-Unencoded-URL="/api/deployments/latest?deployer=OneDeploy&amp;time=2025-11-08_08-05-04Z" X-Client-IP="172.182.213.65" X-Client-Port="14345" >
  <step title="Cleanup Xml Logs" date="2025-11-08T08:05:11.193" >
    <step title="Cleanup Infos" date="2025-11-08T08:05:11.244" totalFiles="245" totalCleanup="85" /><!-- duration: 21ms -->
  </step><!-- duration: 83ms -->
  <step title="DeploymentService.GetResult" date="2025-11-08T08:05:11.336" >
    <step title="DeploymentService.GetLatestDeployment" date="2025-11-08T08:05:11.353" >
      <step title="DeploymentManager.GetResults" date="2025-11-08T08:05:11.393" /><!-- duration: 1100ms -->
    </step><!-- duration: 1171ms -->
  </step><!-- duration: 1199ms -->
  <step title="Outgoing response" date="2025-11-08T08:05:12.555" type="response" statusCode="202" statusText="Accepted" /><!-- duration: 10ms -->
</step><!-- duration: 1416ms -->
