<step title="Incoming Request" date="2025-11-08T10:47:38.763" instance="22b10c" url="/api/deployments/latest?deployer=OneDeploy&amp;time=2025-11-08_10-46-43Z" method="GET" type="request" pid="831,1,20" Host="emergency-assistance-bfckhjejb3fbf9du.scm.japanwest-01.azurewebsites.net" User-Agent="GITHUBACTIONS_DeployWebAppToAzure_6afaea893f47a147fa5dac857d1041ffd4a8f022e29971635168cd4dcb90f2c0" Authorization="Bas..." Content-Type="application/json; charset=utf-8" Cookie="ARRAffinity=22b10c938bfb8149b35fcbcb38624f0710e5df8fb4c8f5ac3083a96e2b0cc607;Path=/;HttpOnly;Secure;Domain=emergency-assistance-bfckhjejb3fbf9du.scm.japanwest-01.azurewebsites.net; ARRAffinitySameSite=22b10c938bfb8149b35fcbcb38624f0710e5df8fb4c8f5ac3083a96e2b0cc607;Path=/;HttpOnly;SameSite=None;Secure;Domain=emergency-assistance-bfckhjejb3fbf9du.scm.japanwest-01.azurewebsites.net" Content-Length="0" X-ARR-LOG-ID="8c602b57-d3da-474e-995b-dc6aa9ca17ad" CLIENT-IP="172.184.220.146:9216" X-SITE-DEPLOYMENT-ID="Emergency-Assistance" WAS-DEFAULT-HOSTNAME="emergency-assistance-bfckhjejb3fbf9du.scm.japanwest-01.azurewebsites.net" X-Forwarded-Proto="https" X-AppService-Proto="https" X-Forwarded-TlsVersion="1.3" X-WAWS-Unencoded-URL="/api/deployments/latest?deployer=OneDeploy&amp;time=2025-11-08_10-46-43Z" X-Client-IP="172.184.220.146" X-Client-Port="9216" >
  <step title="Cleanup Xml Logs" date="2025-11-08T10:47:38.801" >
    <step title="Cleanup Infos" date="2025-11-08T10:47:38.894" totalFiles="433" totalCleanup="273" /><!-- duration: 60ms -->
  </step><!-- duration: 183ms -->
  <step title="DeploymentService.GetResult" date="2025-11-08T10:47:39.062" >
    <step title="DeploymentService.GetLatestDeployment" date="2025-11-08T10:47:39.083" >
      <step title="DeploymentManager.GetResults" date="2025-11-08T10:47:39.104" /><!-- duration: 1949ms -->
    </step><!-- duration: 2031ms -->
  </step><!-- duration: 2072ms -->
  <step title="Outgoing response" date="2025-11-08T10:47:41.172" type="response" statusCode="202" statusText="Accepted" /><!-- duration: 21ms -->
</step><!-- duration: 2490ms -->
