<step title="Incoming Request" date="2025-11-08T00:15:09.008" instance="22b10c" url="/api/zipdeploy?isAsync=true" method="POST" type="request" pid="768,1,43" Accept="*/*" Host="emergency-assistance-bfckhjejb3fbf9du.scm.japanwest-01.azurewebsites.net" User-Agent="AZURECLI/2.67.0 (MSI)" Accept-Encoding="gzip, deflate" Authorization="Bea..." Cache-Control="no-cache" Content-Type="application/octet-stream" Content-Length="3380422" x-ms-client-request-id="fa61cd88-bc37-11f0-963a-985f41f2c1b3" x-ms-artifact-checksum="6e6323d0650354475c5ba49a189a232e13f33a935916b43d46d66cd80a83d7be" X-ARR-LOG-ID="fa61cd88-bc37-11f0-963a-985f41f2c1b3" CLIENT-IP="153.171.234.141:28407" X-SITE-DEPLOYMENT-ID="Emergency-Assistance" WAS-DEFAULT-HOSTNAME="emergency-assistance-bfckhjejb3fbf9du.scm.japanwest-01.azurewebsites.net" X-Forwarded-Proto="https" X-AppService-Proto="https" X-Forwarded-TlsVersion="1.3" X-WAWS-Unencoded-URL="/api/zipdeploy?isAsync=true" X-Client-IP="153.171.234.141" X-Client-Port="28407" >
  <step title="Cleanup Xml Logs" date="2025-11-08T00:15:09.043" /><!-- duration: 12ms -->
  <step title="ZipPushDeploy" date="2025-11-08T00:15:09.206" >
    <step title="ZipDeploy. Extract zip." date="2025-11-08T00:15:09.219" /><!-- duration: 18ms -->
    <step title="None repository commit" date="2025-11-08T00:15:09.266" >
      <step title="Commit id: cb3e317b-59f7-4305-b4db-76fdb934d1ea" date="2025-11-08T00:15:09.272" Message="N/A" AuthorName="N/A" AuthorEmail="N/A" /><!-- duration: 5ms -->
    </step><!-- duration: 14ms -->
    <step title="Starting PushDeployAsync" date="2025-11-08T00:15:09.284" /><!-- duration: 4ms -->
    <step title="Writing artifact to /tmp/zipdeploy/4230bc70-0922-41a6-83b7-2857d09bbec3.zip" date="2025-11-08T00:15:09.333" >
      <step title="Writing multipart request body to /tmp/zipdeploy/4230bc70-0922-41a6-83b7-2857d09bbec3.zip" date="2025-11-08T00:15:09.377" /><!-- duration: 22ms -->
    </step><!-- duration: 318ms -->
    <step title="Start deployment in the background" date="2025-11-08T00:15:09.670" >
      <step title="Acquiring Deployment Lock" date="2025-11-08T00:15:09.732" /><!-- duration: 4ms -->
      <step title="Acquired Deployment Lock" date="2025-11-08T00:15:09.820" /><!-- duration: 5ms -->
    </step><!-- duration: 413ms -->
  </step><!-- duration: 889ms -->
  <step title="Outgoing response" date="2025-11-08T00:15:10.188" type="response" statusCode="202" statusText="Accepted" /><!-- duration: 64ms -->
</step><!-- duration: 1249ms -->
