<step title="Incoming Request" date="2025-11-08T02:26:05.011" instance="22b10c" url="/api/publish?async=true&amp;deployer=GITHUB_ONE_DEPLOY&amp;type=zip&amp;message=%7B%22type%22%3A%22deployment%22%2C%22sha%22%3A%2294dcdd285f569670330ae7fe553ffd17bf2cf7b4%22%2C%22repoName%22%3A%22Satoshi-Niina%2FEmergency-Assistance%22%2C%22actor%22%3A%22Satoshi-Niina%22%2C%22slotName%22%3A%22production%22%2C%22commitMessage%22%3A%22Test%20deployment%20with%20AZURE_WEBAPP_PUBLISH_PROFILE%20configured%22%7D" method="POST" type="request" pid="831,1,26" Host="emergency-assistance-bfckhjejb3fbf9du.scm.japanwest-01.azurewebsites.net" User-Agent="GITHUBACTIONS_DeployWebAppToAzure_6afaea893f47a147fa5dac857d1041ffd4a8f022e29971635168cd4dcb90f2c0" Authorization="Bas..." Content-Type="application/octet-stream" Cookie="ARRAffinity=22b10c938bfb8149b35fcbcb38624f0710e5df8fb4c8f5ac3083a96e2b0cc607;Path=/;HttpOnly;Secure;Domain=emergency-assistance-bfckhjejb3fbf9du.scm.japanwest-01.azurewebsites.net; ARRAffinitySameSite=22b10c938bfb8149b35fcbcb38624f0710e5df8fb4c8f5ac3083a96e2b0cc607;Path=/;HttpOnly;SameSite=None;Secure;Domain=emergency-assistance-bfckhjejb3fbf9du.scm.japanwest-01.azurewebsites.net" Transfer-Encoding="chunked" X-ARR-LOG-ID="9ac39f56-cbfb-49a4-89f1-2983522615ec" CLIENT-IP="40.76.191.160:54208" X-SITE-DEPLOYMENT-ID="Emergency-Assistance" WAS-DEFAULT-HOSTNAME="emergency-assistance-bfckhjejb3fbf9du.scm.japanwest-01.azurewebsites.net" X-Forwarded-Proto="https" X-AppService-Proto="https" X-Forwarded-TlsVersion="1.3" X-WAWS-Unencoded-URL="/api/publish?async=true&amp;deployer=GITHUB_ONE_DEPLOY&amp;type=zip&amp;message=%7B%22type%22%3A%22deployment%22%2C%22sha%22%3A%2294dcdd285f569670330ae7fe553ffd17bf2cf7b4%22%2C%22repoName%22%3A%22Satoshi-Niina%2FEmergency-Assistance%22%2C%22actor%22%3A%22Satoshi-Niina%22%2C%22slotName%22%3A%22production%22%2C%22commitMessage%22%3A%22Test%20deployment%20with%20AZURE_WEBAPP_PUBLISH_PROFILE%20configured%22%7D" X-Client-IP="40.76.191.160" X-Client-Port="54208" >
  <step title="Cleanup Xml Logs" date="2025-11-08T02:26:05.029" /><!-- duration: 7ms -->
  <step title="OneDeploy" date="2025-11-08T02:26:05.075" >
    <step title="None repository commit" date="2025-11-08T02:26:05.092" >
      <step title="Commit id: 45c492cc-4908-4429-bfb5-24073cb59e72" date="2025-11-08T02:26:05.096" Message="N/A" AuthorName="N/A" AuthorEmail="N/A" /><!-- duration: 8ms -->
    </step><!-- duration: 16ms -->
    <step title="Starting PushDeployAsync" date="2025-11-08T02:26:05.112" /><!-- duration: 3ms -->
    <step title="Removing node_modules symlink" date="2025-11-08T02:26:05.137" >
      <step title="Removing _del_node_modules symlink" date="2025-11-08T02:26:05.252" >
        <step title="Writing artifact to /tmp/zipdeploy/d65f8d90-dc72-4204-8462-3bc54198b52c.zip" date="2025-11-08T02:26:05.298" >
          <step title="Writing multipart request body to /tmp/zipdeploy/d65f8d90-dc72-4204-8462-3bc54198b52c.zip" date="2025-11-08T02:26:05.303" /><!-- duration: 5ms -->
        </step><!-- duration: 2584ms -->
        <step title="Start deployment in the background" date="2025-11-08T02:26:07.902" >
          <step title="Acquiring Deployment Lock" date="2025-11-08T02:26:07.929" /><!-- duration: 4ms -->
          <step title="Acquired Deployment Lock" date="2025-11-08T02:26:07.966" /><!-- duration: 4ms -->
        </step><!-- duration: 189ms -->
      </step><!-- duration: 2844ms -->
      <step title="Outgoing response" date="2025-11-08T02:26:08.103" type="response" statusCode="202" statusText="Accepted" /><!-- duration: 4ms -->
    </step><!-- duration: 2973ms -->
