<step title="BackgroundTrace" date="2025-06-28T11:13:06.815" instance="345353" url="/api/zipdeploy" method="POST" >
  <step title="Creating temporary deployment - FetchDeploymentManager" date="2025-06-28T11:13:06.875" /><!-- duration: 1ms -->
  <step title="Creating temporary deployment" date="2025-06-28T11:13:06.880" /><!-- duration: 51ms -->
  <step title="Performing fetch based deployment" date="2025-06-28T11:13:06.946" >
    <step title="Cleaning up temp folders from previous zip deployments and extracting pushed zip file /tmp/zipdeploy/32240db3-c9fd-40ca-b701-79de933f67e6.zip (0.33 MB) to /tmp/zipdeploy/extracted" date="2025-06-28T11:13:08.022" >
      <step title="ChmodRecursive Process exited with total time taken in ms: 21" date="2025-06-28T11:13:08.152" /><!-- duration: 9ms -->
    </step><!-- duration: 140ms -->
    <step title="Deployment timer started" date="2025-06-28T11:13:10.183" >
      <step title="DeploymentManager.Deploy(id:f106d5c9-c7c5-4044-ae7e-4097864fbf77)" date="2025-06-28T11:13:10.194" >
        <step title="Collecting changeset information" date="2025-06-28T11:13:10.205" /><!-- duration: 61ms -->
        <step title="Updating submodules" date="2025-06-28T11:13:10.275" /><!-- duration: 1067ms -->
        <step title="Determining deployment builder" date="2025-06-28T11:13:11.467" >
          <step title="Builder is BasicBuilder" date="2025-06-28T11:13:11.476" /><!-- duration: 1ms -->
        </step><!-- duration: 11ms -->
        <step title="PreDeployment: context.CleanOutputPath False" date="2025-06-28T11:13:11.518" >
          <step title="PreDeployment: context.OutputPath /home/site/wwwroot" date="2025-06-28T11:13:11.591" >
            <step title="Building" date="2025-06-28T11:13:11.688" >
              <step title="Executing external process" date="2025-06-28T11:13:11.851" type="process" path="starter.sh" arguments="/opt/Kudu/Scripts/parallel_rsync.sh /tmp/zipdeploy/extracted /home/site/wwwroot 8 /tmp/ False True  " /><!-- duration: 3898ms -->
              <step title="Triggering recycle (preview mode disabled)." date="2025-06-28T11:13:15.979" /><!-- duration: 1ms -->
              <step title="Modified file to trigger a restart of the app container." date="2025-06-28T11:13:16.009" /><!-- duration: 1ms -->
              <step title="Skip function trigger and logicapp sync because function is not enabled." date="2025-06-28T11:13:16.011" /><!-- duration: 18ms -->
            </step><!-- duration: 4927ms -->
          </step><!-- duration: 5025ms -->
          <step title="Cleaning up temp files" date="2025-06-28T11:13:16.617" /><!-- duration: 5ms -->
          <step title="Cleaning up temp files" date="2025-06-28T11:13:16.623" /><!-- duration: 502ms -->
          <step title="Reloading status file with latest updates" date="2025-06-28T11:13:17.149" >
            <step title="WebHooksManager.PublishEventAsync: PostDeployment" date="2025-06-28T11:13:17.151" /><!-- duration: 27ms -->
          </step><!-- duration: 30ms -->
          <step title="Cleaning up temporary deployment - fetch deployment was successful" date="2025-06-28T11:13:17.181" /><!-- duration: 1ms -->
        </step><!-- duration: 5718ms -->
      </step><!-- duration: 7046ms -->
