<step title="Incoming Request" date="2025-11-08T01:26:07.440" instance="22b10c" url="/api/publish?async=true&amp;deployer=GITHUB_ONE_DEPLOY&amp;type=zip&amp;message=%7B%22type%22%3A%22deployment%22%2C%22sha%22%3A%22b9fe8877c48a60805059d3020555c856ad6ebc8c%22%2C%22repoName%22%3A%22Satoshi-Niina%2FEmergency-Assistance%22%2C%22actor%22%3A%22Satoshi-Niina%22%2C%22slotName%22%3A%22production%22%2C%22commitMessage%22%3A%22Fix%20Node.js%20dependencies%20deployment%20-%20Ensure%20node_modules%20are%20included%20in%20ZIP%20package%22%7D" method="POST" type="request" pid="831,1,17" Host="emergency-assistance-bfckhjejb3fbf9du.scm.japanwest-01.azurewebsites.net" User-Agent="GITHUBACTIONS_DeployWebAppToAzure_6afaea893f47a147fa5dac857d1041ffd4a8f022e29971635168cd4dcb90f2c0" Authorization="Bea..." Content-Type="application/octet-stream" Cookie="ARRAffinity=22b10c938bfb8149b35fcbcb38624f0710e5df8fb4c8f5ac3083a96e2b0cc607;Path=/;HttpOnly;Secure;Domain=emergency-assistance-bfckhjejb3fbf9du.scm.japanwest-01.azurewebsites.net; ARRAffinitySameSite=22b10c938bfb8149b35fcbcb38624f0710e5df8fb4c8f5ac3083a96e2b0cc607;Path=/;HttpOnly;SameSite=None;Secure;Domain=emergency-assistance-bfckhjejb3fbf9du.scm.japanwest-01.azurewebsites.net" Transfer-Encoding="chunked" X-ARR-LOG-ID="236e3e94-9001-4c66-8c4c-3e32118a9420" CLIENT-IP="172.182.225.82:31744" X-SITE-DEPLOYMENT-ID="Emergency-Assistance" WAS-DEFAULT-HOSTNAME="emergency-assistance-bfckhjejb3fbf9du.scm.japanwest-01.azurewebsites.net" X-Forwarded-Proto="https" X-AppService-Proto="https" X-Forwarded-TlsVersion="1.3" X-WAWS-Unencoded-URL="/api/publish?async=true&amp;deployer=GITHUB_ONE_DEPLOY&amp;type=zip&amp;message=%7B%22type%22%3A%22deployment%22%2C%22sha%22%3A%22b9fe8877c48a60805059d3020555c856ad6ebc8c%22%2C%22repoName%22%3A%22Satoshi-Niina%2FEmergency-Assistance%22%2C%22actor%22%3A%22Satoshi-Niina%22%2C%22slotName%22%3A%22production%22%2C%22commitMessage%22%3A%22Fix%20Node.js%20dependencies%20deployment%20-%20Ensure%20node_modules%20are%20included%20in%20ZIP%20package%22%7D" X-Client-IP="172.182.225.82" X-Client-Port="31744" >
  <step title="Cleanup Xml Logs" date="2025-11-08T01:26:07.443" /><!-- duration: 11ms -->
  <step title="OneDeploy" date="2025-11-08T01:26:07.528" >
    <step title="None repository commit" date="2025-11-08T01:26:07.571" >
      <step title="Commit id: 93d65de4-d3b9-4bc4-aa6c-6674c70235f8" date="2025-11-08T01:26:07.575" Message="N/A" AuthorName="N/A" AuthorEmail="N/A" /><!-- duration: 5ms -->
    </step><!-- duration: 18ms -->
    <step title="Starting PushDeployAsync" date="2025-11-08T01:26:07.593" /><!-- duration: 5ms -->
    <step title="Removing node_modules symlink" date="2025-11-08T01:26:07.659" >
      <step title="Removing _del_node_modules symlink" date="2025-11-08T01:26:07.779" >
        <step title="Writing artifact to /tmp/zipdeploy/f2a2388e-c80b-42f2-a898-cb5c762a7242.zip" date="2025-11-08T01:26:07.811" >
          <step title="Writing multipart request body to /tmp/zipdeploy/f2a2388e-c80b-42f2-a898-cb5c762a7242.zip" date="2025-11-08T01:26:07.821" /><!-- duration: 9ms -->
        </step><!-- duration: 1673ms -->
        <step title="Start deployment in the background" date="2025-11-08T01:26:09.510" >
          <step title="Acquiring Deployment Lock" date="2025-11-08T01:26:09.555" /><!-- duration: 9ms -->
          <step title="Acquired Deployment Lock" date="2025-11-08T01:26:09.603" /><!-- duration: 4ms -->
        </step><!-- duration: 215ms -->
      </step><!-- duration: 1951ms -->
      <step title="Outgoing response" date="2025-11-08T01:26:09.737" type="response" statusCode="202" statusText="Accepted" /><!-- duration: 4ms -->
    </step><!-- duration: 2086ms -->
