<step title="Incoming Request" date="2025-11-08T03:16:47.311" instance="22b10c" url="/api/publish?async=true&amp;deployer=GITHUB_ONE_DEPLOY&amp;type=zip&amp;message=%7B%22type%22%3A%22deployment%22%2C%22sha%22%3A%2223f2c1441adc5303a06524eb8970ab5a9fec25ce%22%2C%22repoName%22%3A%22Satoshi-Niina%2FEmergency-Assistance%22%2C%22actor%22%3A%22Satoshi-Niina%22%2C%22slotName%22%3A%22production%22%2C%22commitMessage%22%3A%22Fix%20CORS%20policy%3A%20Enhanced%20CORS%20configuration%20for%20Azure%20Static%20Web%20Apps%22%7D" method="POST" type="request" pid="831,1,15" Host="emergency-assistance-bfckhjejb3fbf9du.scm.japanwest-01.azurewebsites.net" User-Agent="GITHUBACTIONS_DeployWebAppToAzure_6afaea893f47a147fa5dac857d1041ffd4a8f022e29971635168cd4dcb90f2c0" Authorization="Bas..." Content-Type="application/octet-stream" Cookie="ARRAffinity=22b10c938bfb8149b35fcbcb38624f0710e5df8fb4c8f5ac3083a96e2b0cc607;Path=/;HttpOnly;Secure;Domain=emergency-assistance-bfckhjejb3fbf9du.scm.japanwest-01.azurewebsites.net; ARRAffinitySameSite=22b10c938bfb8149b35fcbcb38624f0710e5df8fb4c8f5ac3083a96e2b0cc607;Path=/;HttpOnly;SameSite=None;Secure;Domain=emergency-assistance-bfckhjejb3fbf9du.scm.japanwest-01.azurewebsites.net" Transfer-Encoding="chunked" X-ARR-LOG-ID="3ae14ff9-7054-44cb-bbd3-57cf2cee3292" CLIENT-IP="128.24.160.225:47040" X-SITE-DEPLOYMENT-ID="Emergency-Assistance" WAS-DEFAULT-HOSTNAME="emergency-assistance-bfckhjejb3fbf9du.scm.japanwest-01.azurewebsites.net" X-Forwarded-Proto="https" X-AppService-Proto="https" X-Forwarded-TlsVersion="1.3" X-WAWS-Unencoded-URL="/api/publish?async=true&amp;deployer=GITHUB_ONE_DEPLOY&amp;type=zip&amp;message=%7B%22type%22%3A%22deployment%22%2C%22sha%22%3A%2223f2c1441adc5303a06524eb8970ab5a9fec25ce%22%2C%22repoName%22%3A%22Satoshi-Niina%2FEmergency-Assistance%22%2C%22actor%22%3A%22Satoshi-Niina%22%2C%22slotName%22%3A%22production%22%2C%22commitMessage%22%3A%22Fix%20CORS%20policy%3A%20Enhanced%20CORS%20configuration%20for%20Azure%20Static%20Web%20Apps%22%7D" X-Client-IP="128.24.160.225" X-Client-Port="47040" >
  <step title="Cleanup Xml Logs" date="2025-11-08T03:16:47.314" /><!-- duration: 9ms -->
  <step title="OneDeploy" date="2025-11-08T03:16:47.378" >
    <step title="None repository commit" date="2025-11-08T03:16:47.389" >
      <step title="Commit id: 03c8cee4-754b-474b-9b75-20cd785390b4" date="2025-11-08T03:16:47.392" Message="N/A" AuthorName="N/A" AuthorEmail="N/A" /><!-- duration: 3ms -->
    </step><!-- duration: 10ms -->
    <step title="Starting PushDeployAsync" date="2025-11-08T03:16:47.404" /><!-- duration: 4ms -->
    <step title="Removing node_modules symlink" date="2025-11-08T03:16:47.430" >
      <step title="Removing _del_node_modules symlink" date="2025-11-08T03:16:47.525" >
        <step title="Writing artifact to /tmp/zipdeploy/d9baa3ba-ae1c-4782-b593-37a46d3e872d.zip" date="2025-11-08T03:16:47.572" >
          <step title="Writing multipart request body to /tmp/zipdeploy/d9baa3ba-ae1c-4782-b593-37a46d3e872d.zip" date="2025-11-08T03:16:47.576" /><!-- duration: 14ms -->
        </step><!-- duration: 1945ms -->
        <step title="Start deployment in the background" date="2025-11-08T03:16:49.533" >
          <step title="Acquiring Deployment Lock" date="2025-11-08T03:16:49.568" /><!-- duration: 4ms -->
          <step title="Acquired Deployment Lock" date="2025-11-08T03:16:49.638" /><!-- duration: 4ms -->
        </step><!-- duration: 200ms -->
      </step><!-- duration: 2215ms -->
      <step title="Outgoing response" date="2025-11-08T03:16:49.749" type="response" statusCode="202" statusText="Accepted" /><!-- duration: 3ms -->
    </step><!-- duration: 2330ms -->
