<step title="Incoming Request" date="2025-11-08T10:30:26.790" instance="22b10c" url="/api/deployments/latest?deployer=OneDeploy&amp;time=2025-11-08_10-29-16Z" method="GET" type="request" pid="833,1,22" Host="emergency-assistance-bfckhjejb3fbf9du.scm.japanwest-01.azurewebsites.net" User-Agent="GITHUBACTIONS_DeployWebAppToAzure_6afaea893f47a147fa5dac857d1041ffd4a8f022e29971635168cd4dcb90f2c0" Authorization="Bas..." Content-Type="application/json; charset=utf-8" Cookie="ARRAffinity=22b10c938bfb8149b35fcbcb38624f0710e5df8fb4c8f5ac3083a96e2b0cc607;Path=/;HttpOnly;Secure;Domain=emergency-assistance-bfckhjejb3fbf9du.scm.japanwest-01.azurewebsites.net; ARRAffinitySameSite=22b10c938bfb8149b35fcbcb38624f0710e5df8fb4c8f5ac3083a96e2b0cc607;Path=/;HttpOnly;SameSite=None;Secure;Domain=emergency-assistance-bfckhjejb3fbf9du.scm.japanwest-01.azurewebsites.net" Content-Length="0" X-ARR-LOG-ID="8053af62-2efb-470e-8e03-b1d695c01262" CLIENT-IP="172.184.210.34:33810" X-SITE-DEPLOYMENT-ID="Emergency-Assistance" WAS-DEFAULT-HOSTNAME="emergency-assistance-bfckhjejb3fbf9du.scm.japanwest-01.azurewebsites.net" X-Forwarded-Proto="https" X-AppService-Proto="https" X-Forwarded-TlsVersion="1.3" X-WAWS-Unencoded-URL="/api/deployments/latest?deployer=OneDeploy&amp;time=2025-11-08_10-29-16Z" X-Client-IP="172.184.210.34" X-Client-Port="33810" >
  <step title="Cleanup Xml Logs" date="2025-11-08T10:30:26.802" >
    <step title="Cleanup Infos" date="2025-11-08T10:30:26.931" totalFiles="392" totalCleanup="232" /><!-- duration: 49ms -->
  </step><!-- duration: 188ms -->
  <step title="DeploymentService.GetResult" date="2025-11-08T10:30:27.033" >
    <step title="DeploymentService.GetLatestDeployment" date="2025-11-08T10:30:27.090" >
      <step title="DeploymentManager.GetResults" date="2025-11-08T10:30:27.111" /><!-- duration: 1334ms -->
    </step><!-- duration: 1364ms -->
  </step><!-- duration: 1427ms -->
  <step title="Outgoing response" date="2025-11-08T10:30:28.465" type="response" statusCode="202" statusText="Accepted" /><!-- duration: 18ms -->
</step><!-- duration: 1714ms -->
