<step title="Incoming Request" date="2025-07-02T08:45:53.622" instance="345353" url="/api/deployments/latest?deployer=OneDeploy&amp;time=2025-07-02_08-42-48Z" method="GET" type="request" pid="820,1,28" Host="emergency-backend-api-efg6gaawcjdmaggy.scm.japanwest-01.azurewebsites.net" User-Agent="GITHUBACTIONS_DeployWebAppToAzure_6afaea893f47a147fa5dac857d1041ffd4a8f022e29971635168cd4dcb90f2c0" Authorization="Bea..." Content-Type="application/json; charset=utf-8" Cookie="ARRAffinity=345353a6e2e5ca1cb44ba615462d7ac6ac166df501ae2807c92c9581cdccacea;Path=/;HttpOnly;Secure;Domain=emergency-backend-api-efg6gaawcjdmaggy.scm.japanwest-01.azurewebsites.net; ARRAffinitySameSite=345353a6e2e5ca1cb44ba615462d7ac6ac166df501ae2807c92c9581cdccacea;Path=/;HttpOnly;SameSite=None;Secure;Domain=emergency-backend-api-efg6gaawcjdmaggy.scm.japanwest-01.azurewebsites.net" Content-Length="0" X-ARR-LOG-ID="673f022a-2675-42ab-966e-9c1bb4639764" CLIENT-IP="40.112.255.120:1024" X-SITE-DEPLOYMENT-ID="emergency-backend-api" WAS-DEFAULT-HOSTNAME="emergency-backend-api-efg6gaawcjdmaggy.scm.japanwest-01.azurewebsites.net" X-Forwarded-Proto="https" X-AppService-Proto="https" X-Forwarded-TlsVersion="1.3" X-WAWS-Unencoded-URL="/api/deployments/latest?deployer=OneDeploy&amp;time=2025-07-02_08-42-48Z" X-Client-IP="40.112.255.120" X-Client-Port="1024" >
  <step title="Cleanup Xml Logs" date="2025-07-02T08:45:53.624" >
    <step title="Cleanup Infos" date="2025-07-02T08:45:53.656" totalFiles="482" totalCleanup="322" /><!-- duration: 2ms -->
  </step><!-- duration: 43ms -->
  <step title="DeploymentService.GetResult" date="2025-07-02T08:45:53.693" >
    <step title="DeploymentService.GetLatestDeployment" date="2025-07-02T08:45:53.695" >
      <step title="DeploymentManager.GetResults" date="2025-07-02T08:45:53.714" /><!-- duration: 992ms -->
    </step><!-- duration: 1032ms -->
  </step><!-- duration: 1042ms -->
  <step title="Outgoing response" date="2025-07-02T08:45:54.745" type="response" statusCode="202" statusText="Accepted" /><!-- duration: 2ms -->
</step><!-- duration: 1133ms -->
