<step title="Incoming Request" date="2025-06-28T11:47:43.158" instance="345353" url="/api/zipdeploy?isAsync=true&amp;deployer=GITHUB_ZIP_DEPLOY&amp;message=%7B%22type%22%3A%22deployment%22%2C%22sha%22%3A%229148a6a14e29e014ebd7a46a8813fdb15d92ee9e%22%2C%22repoName%22%3A%22Satoshi-Niina%2FEmergency-Assistance%22%2C%22actor%22%3A%22Satoshi-Niina%22%2C%22slotName%22%3A%22production%22%2C%22commitMessage%22%3A%22%E3%83%90%E3%83%83%E3%82%AF%E3%82%A8%E3%83%B3%E3%83%89%E3%83%AB%E3%83%BC%E3%83%88%E6%A7%8B%E9%80%A0%E4%BF%AE%E6%AD%A3%20-%20404%E3%82%A8%E3%83%A9%E3%83%BC%E8%A7%A3%E6%B1%BA%22%7D" method="POST" type="request" pid="820,1,21" Host="emergency-backend-api-efg6gaawcjdmaggy.scm.japanwest-01.azurewebsites.net" User-Agent="GITHUBACTIONS_DeployWebAppToAzure_6afaea893f47a147fa5dac857d1041ffd4a8f022e29971635168cd4dcb90f2c0" Authorization="Bas..." Content-Type="application/octet-stream" Cookie="ARRAffinity=345353a6e2e5ca1cb44ba615462d7ac6ac166df501ae2807c92c9581cdccacea;Path=/;HttpOnly;Secure;Domain=emergency-backend-api-efg6gaawcjdmaggy.scm.japanwest-01.azurewebsites.net; ARRAffinitySameSite=345353a6e2e5ca1cb44ba615462d7ac6ac166df501ae2807c92c9581cdccacea;Path=/;HttpOnly;SameSite=None;Secure;Domain=emergency-backend-api-efg6gaawcjdmaggy.scm.japanwest-01.azurewebsites.net" Transfer-Encoding="chunked" X-ARR-LOG-ID="c21a4e5c-4f0e-486c-93a0-5be0dbfd6f56" CLIENT-IP="4.242.234.81:1984" X-SITE-DEPLOYMENT-ID="emergency-backend-api" WAS-DEFAULT-HOSTNAME="emergency-backend-api-efg6gaawcjdmaggy.scm.japanwest-01.azurewebsites.net" X-Forwarded-Proto="https" X-AppService-Proto="https" X-Forwarded-TlsVersion="1.3" X-WAWS-Unencoded-URL="/api/zipdeploy?isAsync=true&amp;deployer=GITHUB_ZIP_DEPLOY&amp;message=%7B%22type%22%3A%22deployment%22%2C%22sha%22%3A%229148a6a14e29e014ebd7a46a8813fdb15d92ee9e%22%2C%22repoName%22%3A%22Satoshi-Niina%2FEmergency-Assistance%22%2C%22actor%22%3A%22Satoshi-Niina%22%2C%22slotName%22%3A%22production%22%2C%22commitMessage%22%3A%22%E3%83%90%E3%83%83%E3%82%AF%E3%82%A8%E3%83%B3%E3%83%89%E3%83%AB%E3%83%BC%E3%83%88%E6%A7%8B%E9%80%A0%E4%BF%AE%E6%AD%A3%20-%20404%E3%82%A8%E3%83%A9%E3%83%BC%E8%A7%A3%E6%B1%BA%22%7D" X-Client-IP="4.242.234.81" X-Client-Port="1984" >
  <step title="ZipPushDeploy" date="2025-06-28T11:47:43.161" >
    <step title="ZipDeploy. Extract zip." date="2025-06-28T11:47:43.163" /><!-- duration: 1ms -->
    <step title="Starting PushDeployAsync" date="2025-06-28T11:47:43.165" /><!-- duration: 1ms -->
    <step title="Writing artifact to /tmp/zipdeploy/e4d7cab4-cb77-4bd1-974d-ac472fbcaed6.zip" date="2025-06-28T11:47:43.174" >
      <step title="Writing multipart request body to /tmp/zipdeploy/e4d7cab4-cb77-4bd1-974d-ac472fbcaed6.zip" date="2025-06-28T11:47:43.175" /><!-- duration: 1ms -->
    </step><!-- duration: 268ms -->
    <step title="Start deployment in the background" date="2025-06-28T11:47:43.447" >
      <step title="Acquiring Deployment Lock" date="2025-06-28T11:47:43.456" /><!-- duration: 1ms -->
      <step title="Acquired Deployment Lock" date="2025-06-28T11:47:43.476" /><!-- duration: 1ms -->
    </step><!-- duration: 69ms -->
  </step><!-- duration: 356ms -->
  <step title="Outgoing response" date="2025-06-28T11:47:43.519" type="response" statusCode="202" statusText="Accepted" /><!-- duration: 1ms -->
</step><!-- duration: 362ms -->
