<step title="BackgroundTrace" date="2025-07-02T07:49:42.312" instance="345353" url="/api/publish" method="POST" >
  <step title="Cleanup Xml Logs" date="2025-07-02T07:49:42.319" >
    <step title="Cleanup Infos" date="2025-07-02T07:49:42.328" totalFiles="371" totalCleanup="211" /><!-- duration: 1ms -->
  </step><!-- duration: 11ms -->
  <step title="Creating temporary deployment - FetchDeploymentManager" date="2025-07-02T07:49:42.357" /><!-- duration: 1ms -->
  <step title="Creating temporary deployment" date="2025-07-02T07:49:42.359" /><!-- duration: 47ms -->
  <step title="Performing fetch based deployment" date="2025-07-02T07:49:42.458" >
    <step title="Cleaning up temp folders from previous zip deployments and extracting pushed zip file /tmp/zipdeploy/b81e32f5-4a76-4ce8-aa9e-a67681f14f28.zip (524.44 MB) to /tmp/zipdeploy/extracted" date="2025-07-02T07:49:43.872" >
      <step title="ChmodRecursive Process exited with total time taken in ms: 407" date="2025-07-02T07:50:25.775" /><!-- duration: 2ms -->
    </step><!-- duration: 41922ms -->
    <step title="Deployment timer started" date="2025-07-02T07:50:27.816" >
      <step title="DeploymentManager.Deploy(id:4815ef3b-8472-4cc2-aa3f-812a7e2010a0)" date="2025-07-02T07:50:27.832" >
        <step title="Collecting changeset information" date="2025-07-02T07:50:27.882" /><!-- duration: 304ms -->
        <step title="Updating submodules" date="2025-07-02T07:50:28.189" /><!-- duration: 1105ms -->
        <step title="Determining deployment builder" date="2025-07-02T07:50:29.402" >
          <step title="Builder is OneDeployBuilder" date="2025-07-02T07:50:29.418" /><!-- duration: 8ms -->
        </step><!-- duration: 26ms -->
        <step title="PreDeployment: context.CleanOutputPath False" date="2025-07-02T07:50:29.459" >
          <step title="PreDeployment: context.OutputPath /home/site/wwwroot" date="2025-07-02T07:50:29.539" >
            <step title="Building" date="2025-07-02T07:50:29.613" >
              <step title="Executing external process" date="2025-07-02T07:50:29.969" type="process" path="starter.sh" arguments="/opt/Kudu/Scripts/absoluteTar.sh /tmp/zipdeploy/extracted/node_modules /tmp/zipdeploy/extracted/node_modules.tar.gz" >
                <step title="Cpu: gzip(19740,46.840s)+sh(19739,0.000s)+tar(19738,2.540s)+absoluteTar.sh(19737,0.010s)=total(49.390s)" date="2025-07-02T07:51:30.177" /><!-- duration: 9ms -->
                <step title="starter.sh: no io activity for 60s, prev-cpu=-1.000s, current-cpu=49.390s" date="2025-07-02T07:51:30.196" /><!-- duration: 29ms -->
                <step title="Cpu: gzip(19740,85.080s)+sh(19739,0.000s)+tar(19738,5.150s)+absoluteTar.sh(19737,0.010s)=total(90.240s)" date="2025-07-02T07:52:30.442" /><!-- duration: 2ms -->
                <step title="starter.sh: no io activity for 120s, prev-cpu=49.390s, current-cpu=90.240s" date="2025-07-02T07:52:30.463" /><!-- duration: 9ms -->
              </step><!-- duration: 153266ms -->
              <step title="Executing external process" date="2025-07-02T07:53:03.390" type="process" path="starter.sh" arguments="/opt/Kudu/Scripts/parallel_rsync.sh /tmp/zipdeploy/extracted /home/site/wwwroot 8 /tmp/ False False node_modules " /><!-- duration: 24232ms -->
              <step title="Modified file to trigger a restart of the app container." date="2025-07-02T07:53:28.161" /><!-- duration: 1ms -->
              <step title="Skip function trigger and logicapp sync because function is not enabled." date="2025-07-02T07:53:28.163" /><!-- duration: 1ms -->
              <step title="Purge deployment items" date="2025-07-02T07:53:28.758" >
                <step title="Remove 52fbe16d-, Success, received at 06/29/2025 06:08:56" date="2025-07-02T07:53:28.825" /><!-- duration: 1ms -->
              </step><!-- duration: 69ms -->
            </step><!-- duration: 179256ms -->
          </step><!-- duration: 179333ms -->
          <step title="Cleaning up temp files" date="2025-07-02T07:53:28.873" /><!-- duration: 3ms -->
          <step title="Cleaning up temp files" date="2025-07-02T07:53:28.878" /><!-- duration: 509ms -->
          <step title="Reloading status file with latest updates" date="2025-07-02T07:53:29.407" >
            <step title="WebHooksManager.PublishEventAsync: PostDeployment" date="2025-07-02T07:53:29.409" /><!-- duration: 32ms -->
          </step><!-- duration: 34ms -->
          <step title="Cleaning up temporary deployment - fetch deployment was successful" date="2025-07-02T07:53:29.443" /><!-- duration: 1ms -->
        </step><!-- duration: 180037ms -->
      </step><!-- duration: 181669ms -->
