<step title="Incoming Request" date="2025-07-02T05:54:40.468" instance="345353" url="/api/deployments/latest?deployer=GITHUB_ZIP_DEPLOY&amp;time=2025-07-02_05-54-26Z" method="GET" type="request" pid="820,1,30" Host="emergency-backend-api-efg6gaawcjdmaggy.scm.japanwest-01.azurewebsites.net" User-Agent="GITHUBACTIONS_DeployWebAppToAzure_6afaea893f47a147fa5dac857d1041ffd4a8f022e29971635168cd4dcb90f2c0" Authorization="Bea..." Content-Type="application/json; charset=utf-8" Cookie="ARRAffinity=345353a6e2e5ca1cb44ba615462d7ac6ac166df501ae2807c92c9581cdccacea;Path=/;HttpOnly;Secure;Domain=emergency-backend-api-efg6gaawcjdmaggy.scm.japanwest-01.azurewebsites.net; ARRAffinitySameSite=345353a6e2e5ca1cb44ba615462d7ac6ac166df501ae2807c92c9581cdccacea;Path=/;HttpOnly;SameSite=None;Secure;Domain=emergency-backend-api-efg6gaawcjdmaggy.scm.japanwest-01.azurewebsites.net" Content-Length="0" X-ARR-LOG-ID="37a77e63-de04-4ae6-b4f1-3cacd726b014" CLIENT-IP="20.241.97.155:1024" X-SITE-DEPLOYMENT-ID="emergency-backend-api" WAS-DEFAULT-HOSTNAME="emergency-backend-api-efg6gaawcjdmaggy.scm.japanwest-01.azurewebsites.net" X-Forwarded-Proto="https" X-AppService-Proto="https" X-Forwarded-TlsVersion="1.3" X-WAWS-Unencoded-URL="/api/deployments/latest?deployer=GITHUB_ZIP_DEPLOY&amp;time=2025-07-02_05-54-26Z" X-Client-IP="20.241.97.155" X-Client-Port="1024" >
  <step title="Cleanup Xml Logs" date="2025-07-02T05:54:40.470" >
    <step title="Cleanup Infos" date="2025-07-02T05:54:40.473" totalFiles="200" totalCleanup="40" /><!-- duration: 1ms -->
  </step><!-- duration: 5ms -->
  <step title="DeploymentService.GetResult" date="2025-07-02T05:54:40.478" >
    <step title="DeploymentService.GetLatestDeployment" date="2025-07-02T05:54:40.479" >
      <step title="DeploymentManager.GetResults" date="2025-07-02T05:54:40.480" /><!-- duration: 403ms -->
    </step><!-- duration: 412ms -->
  </step><!-- duration: 414ms -->
  <step title="Outgoing response" date="2025-07-02T05:54:40.903" type="response" statusCode="202" statusText="Accepted" /><!-- duration: 8ms -->
</step><!-- duration: 443ms -->
