﻿<?xml version="1.0" encoding="utf-8"?>
<deployment>
  <id>ed353b78-54c3-4511-a69e-9d65fa008b6a</id>
  <author>N/A</author>
  <deployer>GITHUB_ZIP_DEPLOY</deployer>
  <authorEmail>N/A</authorEmail>
  <message>{"type":"deployment","sha":"12a3bb111b18431ce3039f2be9dc136cb0efaf5d","repoName":"Satoshi-Niina/Emergency-Assistance","actor":"Satoshi-Niina","slotName":"production","commitMessage":"Fix Azure deployment: Move dotenv to dependencies and update Dockerfile to install all dependencies"}</message>
  <progress></progress>
  <status>Success</status>
  <statusText></statusText>
  <lastSuccessEndTime>2025-07-04T04:05:38.4806258Z</lastSuccessEndTime>
  <receivedTime>2025-07-04T04:02:49.4022367Z</receivedTime>
  <startTime>2025-07-04T04:02:50.6866784Z</startTime>
  <endTime>2025-07-04T04:05:38.4806258Z</endTime>
  <complete>True</complete>
  <is_temp>False</is_temp>
  <is_readonly>True</is_readonly>
  <buildSummary />
</deployment>