﻿<?xml version="1.0" encoding="utf-8"?>
<deployment>
  <id>3b9b1029a6f2bc2baf4dadf76cbd13744acb1b8b1759638844084</id>
  <author>Satoshi-Niina</author>
  <deployer>GitHub</deployer>
  <authorEmail />
  <message>{"type":"Deployment","sha":"3b9b1029a6f2bc2baf4dadf76cbd13744acb1b8b","repoName":"Satoshi-Niina/Emergency-Assistance","actor":"Satoshi-Niina","slotName":"production"}</message>
  <progress />
  <status>Success</status>
  <statusText />
  <lastSuccessEndTime>2025-10-05T04:34:04.6220192Z</lastSuccessEndTime>
  <receivedTime>2025-10-05T04:34:04.6220192Z</receivedTime>
  <startTime>2025-10-05T04:34:04.6220192Z</startTime>
  <endTime>2025-10-05T04:34:04.6220192Z</endTime>
  <complete>True</complete>
  <is_temp>False</is_temp>
  <is_readonly>True</is_readonly>
  <buildSummary />
</deployment>