﻿<?xml version="1.0" encoding="utf-8"?>
<deployment>
  <id>7a111b8311a86ef2247ba2df6ad24d93743d31cf1759641084841</id>
  <author>Satoshi-Niina</author>
  <deployer>GitHub</deployer>
  <authorEmail />
  <message>{"type":"Deployment","sha":"7a111b8311a86ef2247ba2df6ad24d93743d31cf","repoName":"Satoshi-Niina/Emergency-Assistance","actor":"Satoshi-Niina","slotName":"production"}</message>
  <progress />
  <status>Success</status>
  <statusText />
  <lastSuccessEndTime>2025-10-05T05:11:25.0394699Z</lastSuccessEndTime>
  <receivedTime>2025-10-05T05:11:25.0394699Z</receivedTime>
  <startTime>2025-10-05T05:11:25.0394699Z</startTime>
  <endTime>2025-10-05T05:11:25.0394699Z</endTime>
  <complete>True</complete>
  <is_temp>False</is_temp>
  <is_readonly>True</is_readonly>
  <buildSummary />
</deployment>