﻿<?xml version="1.0" encoding="utf-8"?>
<deployment>
  <id>218eb4f6-e86a-49c9-bffe-788ec742faa9</id>
  <author>N/A</author>
  <deployer>GITHUB_ZIP_DEPLOY</deployer>
  <authorEmail>N/A</authorEmail>
  <message>{"type":"deployment","sha":"6cd6a4f2612754a4846ab7a6453a6e0132864619","repoName":"Satoshi-Niina/Emergency-Assistance","actor":"Satoshi-Niina","slotName":"production","commitMessage":" @shared/* パスを ../../shared/src/*.js に修正"}</message>
  <progress></progress>
  <status>Success</status>
  <statusText></statusText>
  <lastSuccessEndTime>2025-07-04T02:48:09.8070798Z</lastSuccessEndTime>
  <receivedTime>2025-07-04T02:45:12.3085747Z</receivedTime>
  <startTime>2025-07-04T02:45:13.522759Z</startTime>
  <endTime>2025-07-04T02:48:09.8070798Z</endTime>
  <complete>True</complete>
  <is_temp>False</is_temp>
  <is_readonly>True</is_readonly>
  <buildSummary />
</deployment>