﻿<?xml version="1.0" encoding="utf-8"?>
<deployment>
  <id>a8a56795-b813-4256-b1b6-b2c9ed96cc9b</id>
  <author>N/A</author>
  <deployer>OneDeploy</deployer>
  <authorEmail>N/A</authorEmail>
  <message>OneDeploy</message>
  <progress></progress>
  <status>Success</status>
  <statusText></statusText>
  <lastSuccessEndTime>2025-09-24T07:36:31.6010064Z</lastSuccessEndTime>
  <receivedTime>2025-09-24T07:30:24.5426337Z</receivedTime>
  <startTime>2025-09-24T07:30:25.9666787Z</startTime>
  <endTime>2025-09-24T07:36:31.6010064Z</endTime>
  <complete>True</complete>
  <is_temp>False</is_temp>
  <is_readonly>True</is_readonly>
  <buildSummary />
</deployment>