﻿<?xml version="1.0" encoding="utf-8"?>
<deployment>
  <id>39c9ad42-7899-4e05-872c-591ef465fa95</id>
  <author>N/A</author>
  <deployer>OneDeploy</deployer>
  <authorEmail>N/A</authorEmail>
  <message>OneDeploy</message>
  <progress></progress>
  <status>Success</status>
  <statusText></statusText>
  <lastSuccessEndTime>2025-11-10T05:16:35.1766155Z</lastSuccessEndTime>
  <receivedTime>2025-11-10T05:13:06.4852711Z</receivedTime>
  <startTime>2025-11-10T05:13:07.8341095Z</startTime>
  <endTime>2025-11-10T05:16:35.1766155Z</endTime>
  <complete>True</complete>
  <is_temp>False</is_temp>
  <is_readonly>True</is_readonly>
  <buildSummary />
</deployment>