﻿<?xml version="1.0" encoding="utf-8"?>
<deployment>
  <id>3b067368-8355-415a-8c29-93aa172b499f</id>
  <author>N/A</author>
  <deployer>OneDeploy</deployer>
  <authorEmail>N/A</authorEmail>
  <message>OneDeploy</message>
  <progress></progress>
  <status>Success</status>
  <statusText></statusText>
  <lastSuccessEndTime>2025-11-12T05:28:42.773532Z</lastSuccessEndTime>
  <receivedTime>2025-11-12T05:27:47.7519928Z</receivedTime>
  <startTime>2025-11-12T05:27:49.1562193Z</startTime>
  <endTime>2025-11-12T05:28:42.773532Z</endTime>
  <complete>True</complete>
  <is_temp>False</is_temp>
  <is_readonly>True</is_readonly>
  <buildSummary />
</deployment>