﻿<?xml version="1.0" encoding="utf-8"?>
<deployment>
  <id>4e57b10f-e7bb-4329-a553-0cc06dae567e</id>
  <author>N/A</author>
  <deployer>GITHUB_ZIP_DEPLOY</deployer>
  <authorEmail>N/A</authorEmail>
  <message>{"type":"deployment","sha":"6edd07b4d41b7834de1d03a8ee84d2a9cf2d0ee0","repoName":"Satoshi-Niina/Emergency-Assistance","actor":"Satoshi-Niina","slotName":"production","commitMessage":"fix: cross-platform shared/dist copy for build:shared"}</message>
  <progress></progress>
  <status>Success</status>
  <statusText></statusText>
  <lastSuccessEndTime>2025-07-04T04:32:53.0182478Z</lastSuccessEndTime>
  <receivedTime>2025-07-04T04:27:26.2344961Z</receivedTime>
  <startTime>2025-07-04T04:27:27.4535571Z</startTime>
  <endTime>2025-07-04T04:32:53.0182478Z</endTime>
  <complete>True</complete>
  <is_temp>False</is_temp>
  <is_readonly>True</is_readonly>
  <buildSummary />
</deployment>