{
  "routes": [
    {
      "route": "/api/*",
      "allowedRoles": ["anonymous"],
      "rewrite": "https://emergencyassistance-sv-fbanemhrbshuf9bd.japanwest-01.azurewebsites.net/api/{*path}",
      "forwardHeaders": true,
      "statusCode": 200
    },
    {
      "route": "/*",
      "serve": "/index.html",
      "statusCode": 200
    }
  ],
  "navigationFallback": {
    "rewrite": "/index.html",
    "exclude": ["/api/*", "/images/*.{png,jpg,jpeg,gif,svg}"]
  },
  "mimeTypes": {
    ".json": "application/json",
    ".js": "application/javascript",
    ".css": "text/css",
    ".html": "text/html",
    ".png": "image/png",
    ".jpg": "image/jpeg",
    ".jpeg": "image/jpeg",
    ".gif": "image/gif",
    ".svg": "image/svg+xml"
  },
  "globalHeaders": {
    "Content-Security-Policy": "default-src 'self'; img-src 'self' data: blob:; style-src 'self' 'unsafe-inline'; script-src 'self' 'unsafe-inline'; connect-src 'self';",
    "X-Content-Type-Options": "nosniff",
    "X-Frame-Options": "DENY",
    "X-XSS-Protection": "1; mode=block"
  },
  "responseOverrides": {
    "404": {
      "rewrite": "/index.html",
      "exclude": ["/api/*"]
    }
  }
}
