﻿<?xml version="1.0" encoding="utf-8"?>
<deployment>
  <id>8bc127b2-4777-40c9-91df-661213acd1b0</id>
  <author>N/A</author>
  <deployer>OneDeploy</deployer>
  <authorEmail>N/A</authorEmail>
  <message>OneDeploy</message>
  <progress></progress>
  <status>Success</status>
  <statusText></statusText>
  <lastSuccessEndTime>2025-09-23T12:21:55.6186847Z</lastSuccessEndTime>
  <receivedTime>2025-09-23T12:18:35.9021916Z</receivedTime>
  <startTime>2025-09-23T12:18:37.3622626Z</startTime>
  <endTime>2025-09-23T12:21:55.6186847Z</endTime>
  <complete>True</complete>
  <is_temp>False</is_temp>
  <is_readonly>True</is_readonly>
  <buildSummary />
</deployment>