﻿<?xml version="1.0" encoding="utf-8"?>
<deployment>
  <id>9bdc85cb-4342-4d47-aa19-95a2d43dba88</id>
  <author>N/A</author>
  <deployer>OneDeploy</deployer>
  <authorEmail>N/A</authorEmail>
  <message>OneDeploy</message>
  <progress></progress>
  <status>Success</status>
  <statusText></statusText>
  <lastSuccessEndTime>2025-11-12T06:09:01.4047785Z</lastSuccessEndTime>
  <receivedTime>2025-11-12T06:08:23.0509485Z</receivedTime>
  <startTime>2025-11-12T06:08:24.4612343Z</startTime>
  <endTime>2025-11-12T06:09:01.4047785Z</endTime>
  <complete>True</complete>
  <is_temp>False</is_temp>
  <is_readonly>True</is_readonly>
  <buildSummary />
</deployment>