﻿<?xml version="1.0" encoding="utf-8"?>
<deployment>
  <id>ea5f7653-5efd-48b3-b441-fb4629dc3a95</id>
  <author>N/A</author>
  <deployer>OneDeploy</deployer>
  <authorEmail>N/A</authorEmail>
  <message>OneDeploy</message>
  <progress></progress>
  <status>Success</status>
  <statusText></statusText>
  <lastSuccessEndTime>2025-11-12T06:57:38.3484079Z</lastSuccessEndTime>
  <receivedTime>2025-11-12T06:56:46.5202671Z</receivedTime>
  <startTime>2025-11-12T06:56:47.9277003Z</startTime>
  <endTime>2025-11-12T06:57:38.3484079Z</endTime>
  <complete>True</complete>
  <is_temp>False</is_temp>
  <is_readonly>True</is_readonly>
  <buildSummary />
</deployment>