﻿<?xml version="1.0" encoding="utf-8"?>
<deployment>
  <id>a1cc6bcb-18db-4fd5-b433-1e8ddcdf6c5a</id>
  <author>N/A</author>
  <deployer>OneDeploy</deployer>
  <authorEmail>N/A</authorEmail>
  <message>OneDeploy</message>
  <progress></progress>
  <status>Success</status>
  <statusText></statusText>
  <lastSuccessEndTime>2025-11-08T01:00:27.7112212Z</lastSuccessEndTime>
  <receivedTime>2025-11-08T01:00:09.2842439Z</receivedTime>
  <startTime>2025-11-08T01:00:10.7522494Z</startTime>
  <endTime>2025-11-08T01:00:27.7112212Z</endTime>
  <complete>True</complete>
  <is_temp>False</is_temp>
  <is_readonly>True</is_readonly>
  <buildSummary />
</deployment>