﻿<?xml version="1.0" encoding="utf-8"?>
<deployment>
  <id>c020f6c24cf5f5aa13a954be67680966d32896fa1759644605273</id>
  <author>Satoshi-Niina</author>
  <deployer>GitHub</deployer>
  <authorEmail />
  <message>{"type":"Deployment","sha":"c020f6c24cf5f5aa13a954be67680966d32896fa","repoName":"Satoshi-Niina/Emergency-Assistance","actor":"Satoshi-Niina","slotName":"production"}</message>
  <progress />
  <status>Success</status>
  <statusText />
  <lastSuccessEndTime>2025-10-05T06:10:05.4225653Z</lastSuccessEndTime>
  <receivedTime>2025-10-05T06:10:05.4225653Z</receivedTime>
  <startTime>2025-10-05T06:10:05.4225653Z</startTime>
  <endTime>2025-10-05T06:10:05.4225653Z</endTime>
  <complete>True</complete>
  <is_temp>False</is_temp>
  <is_readonly>True</is_readonly>
  <buildSummary />
</deployment>