﻿<?xml version="1.0" encoding="utf-8"?>
<deployment>
  <id>12981b5e-02b1-43b4-923e-1c8e15914e18</id>
  <author>N/A</author>
  <deployer>OneDeploy</deployer>
  <authorEmail>N/A</authorEmail>
  <message>OneDeploy</message>
  <progress></progress>
  <status>Success</status>
  <statusText></statusText>
  <lastSuccessEndTime>2025-09-30T02:18:35.0854961Z</lastSuccessEndTime>
  <receivedTime>2025-09-30T02:13:14.6538219Z</receivedTime>
  <startTime>2025-09-30T02:13:16.1578874Z</startTime>
  <endTime>2025-09-30T02:18:35.0854961Z</endTime>
  <complete>True</complete>
  <is_temp>False</is_temp>
  <is_readonly>True</is_readonly>
  <buildSummary />
</deployment>