﻿<?xml version="1.0" encoding="utf-8"?>
<deployment>
  <id>4f7fb65b-274e-47cd-9bfa-3dcd3faa4181</id>
  <author>N/A</author>
  <deployer>OneDeploy</deployer>
  <authorEmail>N/A</authorEmail>
  <message>OneDeploy</message>
  <progress></progress>
  <status>Success</status>
  <statusText></statusText>
  <lastSuccessEndTime>2025-09-25T08:10:34.833838Z</lastSuccessEndTime>
  <receivedTime>2025-09-25T08:06:39.3168788Z</receivedTime>
  <startTime>2025-09-25T08:06:40.6845227Z</startTime>
  <endTime>2025-09-25T08:10:34.833838Z</endTime>
  <complete>True</complete>
  <is_temp>False</is_temp>
  <is_readonly>True</is_readonly>
  <buildSummary />
</deployment>