﻿<?xml version="1.0" encoding="utf-8"?>
<deployment>
  <id>f7b673a2-05e7-45d6-ad02-501be2351beb</id>
  <author>N/A</author>
  <deployer>GITHUB_ZIP_DEPLOY</deployer>
  <authorEmail>N/A</authorEmail>
  <message>{"type":"deployment","sha":"43abc63a426597057cbd610f3bd6e4ebfe968825","repoName":"Satoshi-Niina/Emergency-Assistance","actor":"Satoshi-Niina","slotName":"production","commitMessage":"Fix: Use correct Azure CLI syntax for Node.js version\n\n- Changed --node-version to --generic-configurations with JSON\n- Resolves 'unrecognized arguments: --node-version 20-lts' error\n- Uses proper Azure CLI syntax for App Service configuration"}</message>
  <progress></progress>
  <status>Success</status>
  <statusText></statusText>
  <lastSuccessEndTime>2025-10-02T00:53:11.3880823Z</lastSuccessEndTime>
  <receivedTime>2025-10-02T00:53:08.213863Z</receivedTime>
  <startTime>2025-10-02T00:53:09.8231405Z</startTime>
  <endTime>2025-10-02T00:53:11.3880823Z</endTime>
  <complete>True</complete>
  <is_temp>False</is_temp>
  <is_readonly>True</is_readonly>
  <buildSummary />
</deployment>