﻿<?xml version="1.0" encoding="utf-8"?>
<deployment>
  <id>98b162c4535307edbe22b83a59d9959683bff2c81759643017171</id>
  <author>Satoshi-Niina</author>
  <deployer>GitHub</deployer>
  <authorEmail />
  <message>{"type":"Deployment","sha":"98b162c4535307edbe22b83a59d9959683bff2c8","repoName":"Satoshi-Niina/Emergency-Assistance","actor":"Satoshi-Niina","slotName":"production"}</message>
  <progress />
  <status>Success</status>
  <statusText />
  <lastSuccessEndTime>2025-10-05T05:43:37.4527922Z</lastSuccessEndTime>
  <receivedTime>2025-10-05T05:43:37.4527922Z</receivedTime>
  <startTime>2025-10-05T05:43:37.4527922Z</startTime>
  <endTime>2025-10-05T05:43:37.4527922Z</endTime>
  <complete>True</complete>
  <is_temp>False</is_temp>
  <is_readonly>True</is_readonly>
  <buildSummary />
</deployment>