﻿<?xml version="1.0" encoding="utf-8"?>
<deployment>
  <id>a7de6680-ace9-4dfd-9809-e1f90a1c57e3</id>
  <author>N/A</author>
  <deployer>Push-Deployer</deployer>
  <authorEmail>N/A</authorEmail>
  <message>Created via a push deployment</message>
  <progress></progress>
  <status>Success</status>
  <statusText></statusText>
  <lastSuccessEndTime>2025-09-30T02:59:05.4717005Z</lastSuccessEndTime>
  <receivedTime>2025-09-30T02:59:01.6796949Z</receivedTime>
  <startTime>2025-09-30T02:59:03.5602473Z</startTime>
  <endTime>2025-09-30T02:59:05.4717005Z</endTime>
  <complete>True</complete>
  <is_temp>False</is_temp>
  <is_readonly>True</is_readonly>
  <buildSummary />
</deployment>