﻿<?xml version="1.0" encoding="utf-8"?>
<deployment>
  <id>a760df51-58b3-49b7-8aaa-4c4f42bde4c0</id>
  <author>N/A</author>
  <deployer>OneDeploy</deployer>
  <authorEmail>N/A</authorEmail>
  <message>OneDeploy</message>
  <progress></progress>
  <status>Success</status>
  <statusText></statusText>
  <lastSuccessEndTime>2025-07-03T12:29:08.4078799Z</lastSuccessEndTime>
  <receivedTime>2025-07-03T12:26:17.5885785Z</receivedTime>
  <startTime>2025-07-03T12:26:18.8187105Z</startTime>
  <endTime>2025-07-03T12:29:08.4078799Z</endTime>
  <complete>True</complete>
  <is_temp>False</is_temp>
  <is_readonly>True</is_readonly>
  <buildSummary />
</deployment>