{
  "id": "flow_1759047464774",
  "title": "エアー圧が規定圧力を超える",
  "description": "キーワード「エラー圧が規定圧力を超える」から自動生成されたフロー",
  "triggerKeywords": [
    "エラー圧が規定圧力を超える"
  ],
  "steps": [
    {
      "id": "step1",
      "title": "開始",
      "description": "キーワード「エラー圧が規定圧力を超える」に関する応急処置を開始します",
      "message": "キーワード「エラー圧が規定圧力を超える」に関する応急処置を開始します",
      "type": "step",
      "options": [],
      "images": [],
      "conditions": []
    },
    {
      "id": "step2",
      "title": "状況確認",
      "description": "現在の状況を確認してください",
      "message": "現在の状況を確認してください",
      "type": "condition",
      "conditions": [
        {
          "label": "問題解決",
          "nextId": "step3"
        },
        {
          "label": "問題継続",
          "nextId": "step4"
        }
      ],
      "images": []
    },
    {
      "id": "step3",
      "title": "完了",
      "description": "応急処置が完了しました",
      "message": "応急処置が完了しました",
      "type": "step",
      "options": [],
      "images": [],
      "conditions": []
    },
    {
      "id": "step4",
      "title": "専門家連絡",
      "description": "専門家に連絡してください",
      "message": "専門家に連絡してください",
      "type": "step",
      "options": [],
      "images": [],
      "conditions": []
    }
  ],
  "createdAt": "2025-09-28T08:17:44.774Z",
  "updatedAt": "2025-09-28T08:23:12.696Z",
  "updateHistory": [
    {
      "timestamp": "2025-09-28T08:23:12.687Z",
      "updatedFields": [
        "id",
        "title",
        "description",
        "steps",
        "triggerKeywords",
        "createdAt",
        "updatedAt"
      ],
      "updatedBy": "user"
    },
    {
      "timestamp": "2025-09-28T08:23:12.696Z",
      "updatedFields": [
        "id",
        "title",
        "description",
        "triggerKeywords",
        "steps",
        "createdAt",
        "updatedAt",
        "updateHistory"
      ],
      "updatedBy": "user"
    }
  ]
}