{
  "id": "flow_1759046997377",
  "title": "エンジンが始動しない",
  "description": "キーワード「エンジンが始動しない」から自動生成されたフロー",
  "triggerKeywords": [
    "エンジンが始動しない"
  ],
  "steps": [
    {
      "id": "step1",
      "title": "開始",
      "description": "キーワード「エンジンが始動しない」に関する応急処置を開始します",
      "message": "キーワード「エンジンが始動しない」に関する応急処置を開始します",
      "type": "step",
      "options": []
    },
    {
      "id": "step2",
      "title": "状況確認",
      "description": "現在の状況を確認してください",
      "message": "現在の状況を確認してください",
      "type": "condition",
      "conditions": [
        {
          "label": "問題解決",
          "nextId": "step3"
        },
        {
          "label": "問題継続",
          "nextId": "step4"
        }
      ]
    },
    {
      "id": "step3",
      "title": "完了",
      "description": "応急処置が完了しました",
      "message": "応急処置が完了しました",
      "type": "step",
      "options": []
    },
    {
      "id": "step4",
      "title": "専門家連絡",
      "description": "専門家に連絡してください",
      "message": "専門家に連絡してください",
      "type": "step",
      "options": []
    }
  ],
  "createdAt": "2025-09-28T08:09:57.377Z",
  "updatedAt": "2025-09-28T08:09:57.377Z"
}