﻿<?xml version="1.0" encoding="utf-8"?>
<deployment>
  <id>1238051d-9d94-40e0-b7f0-fd78ca9fac4f</id>
  <author>N/A</author>
  <deployer>OneDeploy</deployer>
  <authorEmail>N/A</authorEmail>
  <message>OneDeploy</message>
  <progress></progress>
  <status>Success</status>
  <statusText></statusText>
  <lastSuccessEndTime>2025-09-23T12:09:19.5259259Z</lastSuccessEndTime>
  <receivedTime>2025-09-23T12:05:51.7508027Z</receivedTime>
  <startTime>2025-09-23T12:05:53.7418085Z</startTime>
  <endTime>2025-09-23T12:09:19.5259259Z</endTime>
  <complete>True</complete>
  <is_temp>False</is_temp>
  <is_readonly>True</is_readonly>
  <buildSummary />
</deployment>