﻿<?xml version="1.0" encoding="utf-8"?>
<deployment>
  <id>c560678c-f05f-4088-95a6-2783b73b3479</id>
  <author>N/A</author>
  <deployer>GITHUB_ZIP_DEPLOY</deployer>
  <authorEmail>N/A</authorEmail>
  <message>{"type":"deployment","sha":"e8087743ad57dc0d6ca164a663d01d20b681872b","repoName":"Satoshi-Niina/Emergency-Assistance","actor":"Satoshi-Niina","slotName":"production","commitMessage":"バックエンド起動修正"}</message>
  <progress></progress>
  <status>Success</status>
  <statusText></statusText>
  <lastSuccessEndTime>2025-07-04T00:59:13.8042567Z</lastSuccessEndTime>
  <receivedTime>2025-07-04T00:56:15.7560589Z</receivedTime>
  <startTime>2025-07-04T00:56:17.2342583Z</startTime>
  <endTime>2025-07-04T00:59:13.8042567Z</endTime>
  <complete>True</complete>
  <is_temp>False</is_temp>
  <is_readonly>True</is_readonly>
  <buildSummary />
</deployment>