﻿<?xml version="1.0" encoding="utf-8"?>
<deployment>
  <id>d4b3a52b-83f9-4ebf-8bc4-d534384bd8ed</id>
  <author>N/A</author>
  <deployer>OneDeploy</deployer>
  <authorEmail>N/A</authorEmail>
  <message>OneDeploy</message>
  <progress></progress>
  <status>Success</status>
  <statusText></statusText>
  <lastSuccessEndTime>2025-09-23T12:00:27.2919783Z</lastSuccessEndTime>
  <receivedTime>2025-09-23T11:55:59.4970729Z</receivedTime>
  <startTime>2025-09-23T11:56:00.8925792Z</startTime>
  <endTime>2025-09-23T12:00:27.2919783Z</endTime>
  <complete>True</complete>
  <is_temp>False</is_temp>
  <is_readonly>True</is_readonly>
  <buildSummary />
</deployment>