﻿<?xml version="1.0" encoding="utf-8"?>
<deployment>
  <id>b25d8677-0efc-4c59-b579-c7e2aa14db07</id>
  <author>N/A</author>
  <deployer>OneDeploy</deployer>
  <authorEmail>N/A</authorEmail>
  <message>OneDeploy</message>
  <progress></progress>
  <status>Success</status>
  <statusText></statusText>
  <lastSuccessEndTime>2025-07-03T11:45:23.8210241Z</lastSuccessEndTime>
  <receivedTime>2025-07-03T11:42:44.536308Z</receivedTime>
  <startTime>2025-07-03T11:42:45.8196791Z</startTime>
  <endTime>2025-07-03T11:45:23.8210241Z</endTime>
  <complete>True</complete>
  <is_temp>False</is_temp>
  <is_readonly>True</is_readonly>
  <buildSummary />
</deployment>