<step title="Incoming Request" date="2025-09-06T06:38:23.419" instance="0d31d1" url="/api/zipdeploy?isAsync=true&amp;deployer=GITHUB_ZIP_DEPLOY&amp;message=%7B%22type%22%3A%22deployment%22%2C%22sha%22%3A%220af76354f5dad6340cee6a7f3ea9ba4621c104dc%22%2C%22repoName%22%3A%22Satoshi-Niina%2FEmergency-Assistance%22%2C%22actor%22%3A%22Satoshi-Niina%22%2C%22slotName%22%3A%22Production%22%2C%22commitMessage%22%3A%22%E3%83%95%E3%83%AD%E3%83%B3%E3%83%88%E3%82%A8%E3%83%B3%E3%83%89%E3%83%87%E3%83%97%E3%83%AD%E3%82%A4%E3%83%AF%E3%83%BC%E3%82%AF%E3%83%95%E3%83%AD%E3%83%BC%E3%82%92%E6%89%8B%E5%8B%95%E5%AE%9F%E8%A1%8C%5Cn%5Cntrigger.txt%20%E3%82%92%E6%9B%B4%E6%96%B0%E3%81%97%E3%81%A6GitHub%20Actions%E3%83%AF%E3%83%BC%E3%82%AF%E3%83%95%E3%83%AD%E3%83%BC%E3%82%92%E3%83%88%E3%83%AA%E3%82%AC%E3%83%BC%5Cn-%20%E6%9C%80%E7%B5%82%E4%BF%AE%E6%AD%A3%E3%81%95%E3%82%8C%E3%81%9FAzure%20Static%20Web%20Apps%E8%A8%AD%E5%AE%9A%E3%81%AE%E3%83%86%E3%82%B9%E3%83%88%5Cn-%20skip_app_build%20%2B%20skip_api_build%20%E3%81%A7%E3%81%AE%E5%AE%8C%E5%85%A8%E3%83%93%E3%83%AB%E3%83%89%E5%88%86%E9%9B%A2%5Cn-%20unknown%20exception%20%E3%82%A8%E3%83%A9%E3%83%BC%E4%BF%AE%E6%AD%A3%E5%BE%8C%E3%81%AE%E5%8B%95%E4%BD%9C%E7%A2%BA%E8%AA%8D%22%7D" method="POST" type="request" pid="823,1,70" Host="emergencyassistance-sv-fbanemhrbshuf9bd.scm.japanwest-01.azurewebsites.net" User-Agent="GITHUBACTIONS_DeployWebAppToAzure_6afaea893f47a147fa5dac857d1041ffd4a8f022e29971635168cd4dcb90f2c0" Authorization="Bas..." Content-Type="application/octet-stream" Cookie="ARRAffinity=0d31d1e3b555b28bd1e1102783713510cb4a14cdd5a5d2b6e8d65e88240d42a3;Path=/;HttpOnly;Secure;Domain=emergencyassistance-sv-fbanemhrbshuf9bd.scm.japanwest-01.azurewebsites.net; ARRAffinitySameSite=0d31d1e3b555b28bd1e1102783713510cb4a14cdd5a5d2b6e8d65e88240d42a3;Path=/;HttpOnly;SameSite=None;Secure;Domain=emergencyassistance-sv-fbanemhrbshuf9bd.scm.japanwest-01.azurewebsites.net" Transfer-Encoding="chunked" X-ARR-LOG-ID="b480f0ef-0018-4961-8bc7-8ab525a1fe1b" CLIENT-IP="64.236.153.148:25632" X-SITE-DEPLOYMENT-ID="Emergencyassistance-sv" WAS-DEFAULT-HOSTNAME="emergencyassistance-sv-fbanemhrbshuf9bd.scm.japanwest-01.azurewebsites.net" X-Forwarded-Proto="https" X-AppService-Proto="https" X-Forwarded-TlsVersion="1.3" X-WAWS-Unencoded-URL="/api/zipdeploy?isAsync=true&amp;deployer=GITHUB_ZIP_DEPLOY&amp;message=%7B%22type%22%3A%22deployment%22%2C%22sha%22%3A%220af76354f5dad6340cee6a7f3ea9ba4621c104dc%22%2C%22repoName%22%3A%22Satoshi-Niina%2FEmergency-Assistance%22%2C%22actor%22%3A%22Satoshi-Niina%22%2C%22slotName%22%3A%22Production%22%2C%22commitMessage%22%3A%22%E3%83%95%E3%83%AD%E3%83%B3%E3%83%88%E3%82%A8%E3%83%B3%E3%83%89%E3%83%87%E3%83%97%E3%83%AD%E3%82%A4%E3%83%AF%E3%83%BC%E3%82%AF%E3%83%95%E3%83%AD%E3%83%BC%E3%82%92%E6%89%8B%E5%8B%95%E5%AE%9F%E8%A1%8C%5Cn%5Cntrigger.txt%20%E3%82%92%E6%9B%B4%E6%96%B0%E3%81%97%E3%81%A6GitHub%20Actions%E3%83%AF%E3%83%BC%E3%82%AF%E3%83%95%E3%83%AD%E3%83%BC%E3%82%92%E3%83%88%E3%83%AA%E3%82%AC%E3%83%BC%5Cn-%20%E6%9C%80%E7%B5%82%E4%BF%AE%E6%AD%A3%E3%81%95%E3%82%8C%E3%81%9FAzure%20Static%20Web%20Apps%E8%A8%AD%E5%AE%9A%E3%81%AE%E3%83%86%E3%82%B9%E3%83%88%5Cn-%20skip_app_build%20%2B%20skip_api_build%20%E3%81%A7%E3%81%AE%E5%AE%8C%E5%85%A8%E3%83%93%E3%83%AB%E3%83%89%E5%88%86%E9%9B%A2%5Cn-%20unknown%20exception%20%E3%82%A8%E3%83%A9%E3%83%BC%E4%BF%AE%E6%AD%A3%E5%BE%8C%E3%81%AE%E5%8B%95%E4%BD%9C%E7%A2%BA%E8%AA%8D%22%7D" X-Client-IP="64.236.153.148" X-Client-Port="25632" >
  <step title="Cleanup Xml Logs" date="2025-09-06T06:38:23.426" >
    <step title="Cleanup Infos" date="2025-09-06T06:38:23.448" totalFiles="430" totalCleanup="270" /><!-- duration: 8ms -->
  </step><!-- duration: 35ms -->
  <step title="ZipPushDeploy" date="2025-09-06T06:38:23.509" >
    <step title="ZipDeploy. Run from package." date="2025-09-06T06:38:23.520" /><!-- duration: 6ms -->
    <step title="Starting PushDeployAsync" date="2025-09-06T06:38:23.536" /><!-- duration: 5ms -->
    <step title="WEBSITE_RUN_FROM_PACKAGE is set to 1. Writing zip to SitePackagesPath" date="2025-09-06T06:38:23.560" /><!-- duration: 7ms -->
    <step title="Copying zip to SitePackages /home/data/SitePackages/20250906063823.zip from request body" date="2025-09-06T06:38:23.576" /><!-- duration: 17ms -->
    <step title="Writing multipart request body to /home/data/SitePackages/20250906063823.zip" date="2025-09-06T06:38:23.602" /><!-- duration: 10ms -->
    <step title="Deleting outdated zip file /home/data/SitePackages/20250906005356.zip" date="2025-09-06T06:38:30.155" /><!-- duration: 20ms -->
    <step title="Start deployment in the background" date="2025-09-06T06:38:30.189" >
      <step title="Acquiring Deployment Lock" date="2025-09-06T06:38:30.268" /><!-- duration: 5ms -->
      <step title="Acquired Deployment Lock" date="2025-09-06T06:38:30.305" /><!-- duration: 4ms -->
    </step><!-- duration: 278ms -->
  </step><!-- duration: 6975ms -->
  <step title="Outgoing response" date="2025-09-06T06:38:30.495" type="response" statusCode="202" statusText="Accepted" /><!-- duration: 8ms -->
</step><!-- duration: 7089ms -->
