<step title="Incoming Request" date="2025-08-28T07:50:12.495" instance="bf6391" url="/api/zipdeploy?isAsync=true" method="POST" type="request" pid="823,1,7" Accept="*/*" Host="emergencyassistance-sv-fbanemhrbshuf9bd.scm.japanwest-01.azurewebsites.net" User-Agent="AZURECLI/2.76.0 (DEB)" Accept-Encoding="gzip, deflate" Authorization="Bea..." Cache-Control="no-cache" Content-Type="application/octet-stream" Cookie="ARRAffinity=bf6391891f813fe54cfda5d2cacef026f295eea9a062d1fd7d073d9ea2164a6b; ARRAffinitySameSite=bf6391891f813fe54cfda5d2cacef026f295eea9a062d1fd7d073d9ea2164a6b" Content-Length="301578" x-ms-client-request-id="8940722e-83e3-11f0-ac69-7ced8d7b86ee" x-ms-artifact-checksum="104eabb7865050f2529f4e62171de9503956088bb4e2c013e5e723cf4f914482" X-ARR-LOG-ID="8940722e-83e3-11f0-ac69-7ced8d7b86ee" CLIENT-IP="40.116.93.52:62465" X-SITE-DEPLOYMENT-ID="Emergencyassistance-sv" WAS-DEFAULT-HOSTNAME="emergencyassistance-sv-fbanemhrbshuf9bd.scm.japanwest-01.azurewebsites.net" X-Forwarded-Proto="https" X-AppService-Proto="https" X-Forwarded-TlsVersion="1.3" X-WAWS-Unencoded-URL="/api/zipdeploy?isAsync=true" X-Client-IP="40.116.93.52" X-Client-Port="62465" >
  <step title="ZipPushDeploy" date="2025-08-28T07:50:12.575" >
    <step title="ZipDeploy. Run from package." date="2025-08-28T07:50:12.587" /><!-- duration: 4ms -->
    <step title="None repository commit" date="2025-08-28T07:50:12.596" >
      <step title="Commit id: 10b31d1b-50bc-427c-89f6-6513c345c1f1" date="2025-08-28T07:50:12.600" Message="N/A" AuthorName="N/A" AuthorEmail="N/A" /><!-- duration: 3ms -->
    </step><!-- duration: 9ms -->
    <step title="Starting PushDeployAsync" date="2025-08-28T07:50:12.609" /><!-- duration: 3ms -->
    <step title="WEBSITE_RUN_FROM_PACKAGE is set to 1. Writing zip to SitePackagesPath" date="2025-08-28T07:50:12.618" /><!-- duration: 38ms -->
    <step title="Copying zip to SitePackages /home/data/SitePackages/20250828075012.zip from request body" date="2025-08-28T07:50:12.669" /><!-- duration: 8ms -->
    <step title="Writing multipart request body to /home/data/SitePackages/20250828075012.zip" date="2025-08-28T07:50:12.725" /><!-- duration: 19ms -->
    <step title="Deleting outdated zip file /home/data/SitePackages/20250826121255.zip" date="2025-08-28T07:50:13.016" /><!-- duration: 17ms -->
    <step title="Start deployment in the background" date="2025-08-28T07:50:13.065" >
      <step title="Acquiring Deployment Lock" date="2025-08-28T07:50:13.157" /><!-- duration: 10ms -->
      <step title="Acquired Deployment Lock" date="2025-08-28T07:50:13.218" /><!-- duration: 9ms -->
    </step><!-- duration: 263ms -->
  </step><!-- duration: 760ms -->
  <step title="Outgoing response" date="2025-08-28T07:50:13.346" type="response" statusCode="202" statusText="Accepted" /><!-- duration: 3ms -->
</step><!-- duration: 861ms -->
