<step title="BackgroundTrace" date="2025-08-28T12:09:14.679" instance="bf6391" url="/api/zipdeploy" method="POST" >
  <step title="Creating temporary deployment - FetchDeploymentManager" date="2025-08-28T12:09:14.764" /><!-- duration: 3ms -->
  <step title="Creating temporary deployment" date="2025-08-28T12:09:14.773" /><!-- duration: 62ms -->
  <step title="Performing fetch based deployment" date="2025-08-28T12:09:14.869" >
    <step title="Deployment timer started" date="2025-08-28T12:09:18.039" >
      <step title="DeploymentManager.Deploy(id:899dab62-a6a6-4b9c-a4ef-b3d47efa96ad)" date="2025-08-28T12:09:18.046" >
        <step title="Collecting changeset information" date="2025-08-28T12:09:18.091" /><!-- duration: 163ms -->
        <step title="Updating submodules" date="2025-08-28T12:09:18.261" /><!-- duration: 1139ms -->
        <step title="Determining deployment builder" date="2025-08-28T12:09:19.640" >
          <step title="Builder is RunFromZipSiteBuilder" date="2025-08-28T12:09:19.665" /><!-- duration: 12ms -->
        </step><!-- duration: 43ms -->
        <step title="PreDeployment: context.CleanOutputPath False" date="2025-08-28T12:09:19.748" >
          <step title="PreDeployment: context.OutputPath /home/site/wwwroot" date="2025-08-28T12:09:19.879" >
            <step title="Building" date="2025-08-28T12:09:20.026" >
              <step title="Triggering recycle (preview mode disabled)." date="2025-08-28T12:09:20.445" /><!-- duration: 9ms -->
              <step title="Modified file to trigger a restart of the app container." date="2025-08-28T12:09:20.522" /><!-- duration: 4ms -->
              <step title="Skip function trigger and logicapp sync because function is not enabled." date="2025-08-28T12:09:20.530" /><!-- duration: 19ms -->
              <step title="Purge deployment items" date="2025-08-28T12:09:22.326" >
                <step title="Remove 43fa6da5-, Success, received at 08/26/2025 12:12:59" date="2025-08-28T12:09:22.386" /><!-- duration: 4ms -->
              </step><!-- duration: 69ms -->
            </step><!-- duration: 2437ms -->
          </step><!-- duration: 2590ms -->
          <step title="Cleaning up temp files" date="2025-08-28T12:09:22.473" /><!-- duration: 11ms -->
          <step title="Cleaning up temp files" date="2025-08-28T12:09:22.501" /><!-- duration: 522ms -->
          <step title="Reloading status file with latest updates" date="2025-08-28T12:09:23.328" >
            <step title="WebHooksManager.PublishEventAsync: PostDeployment" date="2025-08-28T12:09:23.349" /><!-- duration: 44ms -->
          </step><!-- duration: 69ms -->
          <step title="Cleaning up temporary deployment - fetch deployment was successful" date="2025-08-28T12:09:23.404" /><!-- duration: 4ms -->
        </step><!-- duration: 3742ms -->
      </step><!-- duration: 5463ms -->
