<step title="BackgroundTrace" date="2025-09-05T11:49:16.972" instance="0d31d1" url="/api/zipdeploy" method="POST" >
  <step title="Cleanup Xml Logs" date="2025-09-05T11:49:16.981" >
    <step title="Cleanup Infos" date="2025-09-05T11:49:16.997" totalFiles="350" totalCleanup="190" /><!-- duration: 25ms -->
  </step><!-- duration: 46ms -->
  <step title="Creating temporary deployment - FetchDeploymentManager" date="2025-09-05T11:49:17.101" /><!-- duration: 6ms -->
  <step title="Creating temporary deployment" date="2025-09-05T11:49:17.112" /><!-- duration: 86ms -->
  <step title="Performing fetch based deployment" date="2025-09-05T11:49:17.242" >
    <step title="Deployment timer started" date="2025-09-05T11:49:20.812" >
      <step title="DeploymentManager.Deploy(id:e205446c-c4d2-4bac-8736-70762e80212f)" date="2025-09-05T11:49:20.861" >
        <step title="Collecting changeset information" date="2025-09-05T11:49:20.925" /><!-- duration: 246ms -->
        <step title="Updating submodules" date="2025-09-05T11:49:21.180" /><!-- duration: 1133ms -->
        <step title="Determining deployment builder" date="2025-09-05T11:49:22.694" >
          <step title="Builder is RunFromZipSiteBuilder" date="2025-09-05T11:49:22.753" /><!-- duration: 30ms -->
        </step><!-- duration: 108ms -->
        <step title="PreDeployment: context.CleanOutputPath False" date="2025-09-05T11:49:22.904" >
          <step title="PreDeployment: context.OutputPath /home/site/wwwroot" date="2025-09-05T11:49:23.084" >
            <step title="Building" date="2025-09-05T11:49:23.348" >
              <step title="Triggering recycle (preview mode disabled)." date="2025-09-05T11:49:23.922" /><!-- duration: 12ms -->
              <step title="Modified file to trigger a restart of the app container." date="2025-09-05T11:49:24.000" /><!-- duration: 10ms -->
              <step title="Skip function trigger and logicapp sync because function is not enabled." date="2025-09-05T11:49:24.033" /><!-- duration: 24ms -->
              <step title="Purge deployment items" date="2025-09-05T11:49:25.423" >
                <step title="Remove 57680b4e-, Success, received at 09/05/2025 08:10:35" date="2025-09-05T11:49:25.497" /><!-- duration: 5ms -->
              </step><!-- duration: 85ms -->
            </step><!-- duration: 2232ms -->
          </step><!-- duration: 2528ms -->
          <step title="Cleaning up temp files" date="2025-09-05T11:49:25.622" /><!-- duration: 11ms -->
          <step title="Cleaning up temp files" date="2025-09-05T11:49:25.670" /><!-- duration: 532ms -->
          <step title="Reloading status file with latest updates" date="2025-09-05T11:49:26.253" >
            <step title="WebHooksManager.PublishEventAsync: PostDeployment" date="2025-09-05T11:49:26.288" /><!-- duration: 63ms -->
          </step><!-- duration: 109ms -->
          <step title="Cleaning up temporary deployment - fetch deployment was successful" date="2025-09-05T11:49:26.376" /><!-- duration: 10ms -->
        </step><!-- duration: 3644ms -->
      </step><!-- duration: 5717ms -->
