<step title="BackgroundTrace" date="2025-08-30T08:05:12.333" instance="bf6391" url="/api/publish" method="POST" >
  <step title="Creating temporary deployment - FetchDeploymentManager" date="2025-08-30T08:05:12.402" /><!-- duration: 4ms -->
  <step title="Creating temporary deployment" date="2025-08-30T08:05:12.412" /><!-- duration: 67ms -->
  <step title="Performing fetch based deployment" date="2025-08-30T08:05:12.525" >
    <step title="Deployment timer started" date="2025-08-30T08:05:15.812" >
      <step title="DeploymentManager.Deploy(id:639153c3-c401-494d-b636-a8f644805c6f)" date="2025-08-30T08:05:15.822" >
        <step title="Collecting changeset information" date="2025-08-30T08:05:15.883" /><!-- duration: 104ms -->
        <step title="Updating submodules" date="2025-08-30T08:05:15.996" /><!-- duration: 1130ms -->
        <step title="Determining deployment builder" date="2025-08-30T08:05:17.421" >
          <step title="Builder is RunFromZipSiteBuilder" date="2025-08-30T08:05:17.432" /><!-- duration: 18ms -->
        </step><!-- duration: 35ms -->
        <step title="PreDeployment: context.CleanOutputPath False" date="2025-08-30T08:05:17.521" >
          <step title="PreDeployment: context.OutputPath /home/site/wwwroot" date="2025-08-30T08:05:17.638" >
            <step title="Building" date="2025-08-30T08:05:17.786" >
              <step title="Modified file to trigger a restart of the app container." date="2025-08-30T08:05:18.223" /><!-- duration: 10ms -->
              <step title="Skip function trigger and logicapp sync because function is not enabled." date="2025-08-30T08:05:18.239" /><!-- duration: 18ms -->
              <step title="Purge deployment items" date="2025-08-30T08:05:19.555" >
                <step title="Remove 1f2a70e2-, Success, received at 08/29/2025 11:35:47" date="2025-08-30T08:05:19.624" /><!-- duration: 7ms -->
              </step><!-- duration: 81ms -->
            </step><!-- duration: 1943ms -->
          </step><!-- duration: 2099ms -->
          <step title="Cleaning up temp files" date="2025-08-30T08:05:19.744" /><!-- duration: 10ms -->
          <step title="Cleaning up temp files" date="2025-08-30T08:05:19.769" /><!-- duration: 509ms -->
          <step title="Reloading status file with latest updates" date="2025-08-30T08:05:20.612" >
            <step title="WebHooksManager.PublishEventAsync: PostDeployment" date="2025-08-30T08:05:20.621" /><!-- duration: 52ms -->
          </step><!-- duration: 66ms -->
          <step title="Cleaning up temporary deployment - fetch deployment was successful" date="2025-08-30T08:05:20.686" /><!-- duration: 5ms -->
        </step><!-- duration: 3247ms -->
      </step><!-- duration: 4969ms -->
