<step title="Incoming Request" date="2025-08-30T05:24:09.457" instance="bf6391" url="/api/publish?async=true&amp;deployer=GITHUB_ONE_DEPLOY&amp;type=zip&amp;message=%7B%22type%22%3A%22deployment%22%2C%22sha%22%3A%229260a8145a5c547556f1d347446829639126492e%22%2C%22repoName%22%3A%22Satoshi-Niina%2FEmergency-Assistance%22%2C%22actor%22%3A%22Satoshi-Niina%22%2C%22slotName%22%3A%22production%22%2C%22commitMessage%22%3A%22fix%3A%20unify%20routers%20to%20default%20export%20and%20align%20imports%20(TS2614)%22%7D" method="POST" type="request" pid="821,1,20" Host="emergencyassistance-sv-fbanemhrbshuf9bd.scm.japanwest-01.azurewebsites.net" User-Agent="GITHUBACTIONS_DeployWebAppToAzure_6afaea893f47a147fa5dac857d1041ffd4a8f022e29971635168cd4dcb90f2c0" Authorization="Bea..." Content-Type="application/octet-stream" Cookie="ARRAffinity=bf6391891f813fe54cfda5d2cacef026f295eea9a062d1fd7d073d9ea2164a6b;Path=/;HttpOnly;Secure;Domain=emergencyassistance-sv-fbanemhrbshuf9bd.scm.japanwest-01.azurewebsites.net; ARRAffinitySameSite=bf6391891f813fe54cfda5d2cacef026f295eea9a062d1fd7d073d9ea2164a6b;Path=/;HttpOnly;SameSite=None;Secure;Domain=emergencyassistance-sv-fbanemhrbshuf9bd.scm.japanwest-01.azurewebsites.net" Transfer-Encoding="chunked" X-ARR-LOG-ID="85e4a974-77f3-4674-bfb4-a82921104371" CLIENT-IP="172.174.165.5:13344" X-SITE-DEPLOYMENT-ID="Emergencyassistance-sv" WAS-DEFAULT-HOSTNAME="emergencyassistance-sv-fbanemhrbshuf9bd.scm.japanwest-01.azurewebsites.net" X-Forwarded-Proto="https" X-AppService-Proto="https" X-Forwarded-TlsVersion="1.3" X-WAWS-Unencoded-URL="/api/publish?async=true&amp;deployer=GITHUB_ONE_DEPLOY&amp;type=zip&amp;message=%7B%22type%22%3A%22deployment%22%2C%22sha%22%3A%229260a8145a5c547556f1d347446829639126492e%22%2C%22repoName%22%3A%22Satoshi-Niina%2FEmergency-Assistance%22%2C%22actor%22%3A%22Satoshi-Niina%22%2C%22slotName%22%3A%22production%22%2C%22commitMessage%22%3A%22fix%3A%20unify%20routers%20to%20default%20export%20and%20align%20imports%20(TS2614)%22%7D" X-Client-IP="172.174.165.5" X-Client-Port="13344" >
  <step title="OneDeploy" date="2025-08-30T05:24:09.520" >
    <step title="Starting PushDeployAsync" date="2025-08-30T05:24:09.542" /><!-- duration: 6ms -->
    <step title="WEBSITE_RUN_FROM_PACKAGE is set to 1. Writing zip to SitePackagesPath" date="2025-08-30T05:24:09.562" /><!-- duration: 5ms -->
    <step title="Copying zip to SitePackages /home/data/SitePackages/20250830052409.zip from request body" date="2025-08-30T05:24:09.577" /><!-- duration: 7ms -->
    <step title="Writing multipart request body to /home/data/SitePackages/20250830052409.zip" date="2025-08-30T05:24:09.603" /><!-- duration: 12ms -->
    <step title="Deleting outdated zip file /home/data/SitePackages/20250829115422.zip" date="2025-08-30T05:24:09.979" /><!-- duration: 8ms -->
    <step title="Start deployment in the background" date="2025-08-30T05:24:10.007" >
      <step title="Acquiring Deployment Lock" date="2025-08-30T05:24:10.056" /><!-- duration: 8ms -->
      <step title="Acquired Deployment Lock" date="2025-08-30T05:24:10.127" /><!-- duration: 5ms -->
    </step><!-- duration: 283ms -->
  </step><!-- duration: 783ms -->
  <step title="Outgoing response" date="2025-08-30T05:24:10.309" type="response" statusCode="202" statusText="Accepted" /><!-- duration: 6ms -->
</step><!-- duration: 863ms -->
