<step title="BackgroundTrace" date="2025-08-30T04:45:18.668" instance="bf6391" url="/api/publish" method="POST" >
  <step title="Creating temporary deployment - FetchDeploymentManager" date="2025-08-30T04:45:18.778" /><!-- duration: 4ms -->
  <step title="Creating temporary deployment" date="2025-08-30T04:45:18.789" /><!-- duration: 83ms -->
  <step title="Performing fetch based deployment" date="2025-08-30T04:45:18.918" >
    <step title="Deployment timer started" date="2025-08-30T04:45:22.396" >
      <step title="DeploymentManager.Deploy(id:7d40972c-cb13-4249-a779-877347a18cbb)" date="2025-08-30T04:45:22.412" >
        <step title="Collecting changeset information" date="2025-08-30T04:45:22.439" /><!-- duration: 120ms -->
        <step title="Updating submodules" date="2025-08-30T04:45:22.567" /><!-- duration: 1172ms -->
        <step title="Determining deployment builder" date="2025-08-30T04:45:23.981" >
          <step title="Builder is RunFromZipSiteBuilder" date="2025-08-30T04:45:23.999" /><!-- duration: 19ms -->
        </step><!-- duration: 42ms -->
        <step title="PreDeployment: context.CleanOutputPath False" date="2025-08-30T04:45:24.081" >
          <step title="PreDeployment: context.OutputPath /home/site/wwwroot" date="2025-08-30T04:45:24.207" >
            <step title="Building" date="2025-08-30T04:45:24.342" >
              <step title="Modified file to trigger a restart of the app container." date="2025-08-30T04:45:24.768" /><!-- duration: 73ms -->
              <step title="Skip function trigger and logicapp sync because function is not enabled." date="2025-08-30T04:45:24.847" /><!-- duration: 30ms -->
              <step title="Purge deployment items" date="2025-08-30T04:45:26.150" >
                <step title="Remove de1d9910-, Success, received at 08/29/2025 09:15:23" date="2025-08-30T04:45:26.218" /><!-- duration: 10ms -->
              </step><!-- duration: 82ms -->
            </step><!-- duration: 1968ms -->
          </step><!-- duration: 2110ms -->
          <step title="Cleaning up temp files" date="2025-08-30T04:45:26.322" /><!-- duration: 5ms -->
          <step title="Cleaning up temp files" date="2025-08-30T04:45:26.332" /><!-- duration: 513ms -->
          <step title="Reloading status file with latest updates" date="2025-08-30T04:45:27.440" >
            <step title="WebHooksManager.PublishEventAsync: PostDeployment" date="2025-08-30T04:45:27.448" /><!-- duration: 127ms -->
          </step><!-- duration: 159ms -->
          <step title="Cleaning up temporary deployment - fetch deployment was successful" date="2025-08-30T04:45:27.624" /><!-- duration: 34ms -->
        </step><!-- duration: 3896ms -->
      </step><!-- duration: 5593ms -->
