<step title="BackgroundTrace" date="2025-09-05T11:28:34.549" instance="0d31d1" url="/api/zipdeploy" method="POST" >
  <step title="Cleanup Xml Logs" date="2025-09-05T11:28:34.553" >
    <step title="Cleanup Infos" date="2025-09-05T11:28:34.569" totalFiles="337" totalCleanup="177" /><!-- duration: 7ms -->
  </step><!-- duration: 28ms -->
  <step title="Creating temporary deployment - FetchDeploymentManager" date="2025-09-05T11:28:34.637" /><!-- duration: 6ms -->
  <step title="Creating temporary deployment" date="2025-09-05T11:28:34.648" /><!-- duration: 66ms -->
  <step title="Performing fetch based deployment" date="2025-09-05T11:28:34.765" >
    <step title="Deployment timer started" date="2025-09-05T11:28:38.217" >
      <step title="DeploymentManager.Deploy(id:fc6e15fa-9bc2-4487-bd39-492dd0c1ca18)" date="2025-09-05T11:28:38.233" >
        <step title="Collecting changeset information" date="2025-09-05T11:28:38.277" /><!-- duration: 121ms -->
        <step title="Updating submodules" date="2025-09-05T11:28:38.407" /><!-- duration: 1137ms -->
        <step title="Determining deployment builder" date="2025-09-05T11:28:39.801" >
          <step title="Builder is RunFromZipSiteBuilder" date="2025-09-05T11:28:39.819" /><!-- duration: 13ms -->
        </step><!-- duration: 37ms -->
        <step title="PreDeployment: context.CleanOutputPath False" date="2025-09-05T11:28:39.911" >
          <step title="PreDeployment: context.OutputPath /home/site/wwwroot" date="2025-09-05T11:28:40.051" >
            <step title="Building" date="2025-09-05T11:28:40.204" >
              <step title="Triggering recycle (preview mode disabled)." date="2025-09-05T11:28:40.616" /><!-- duration: 14ms -->
              <step title="Modified file to trigger a restart of the app container." date="2025-09-05T11:28:40.682" /><!-- duration: 6ms -->
              <step title="Skip function trigger and logicapp sync because function is not enabled." date="2025-09-05T11:28:40.695" /><!-- duration: 17ms -->
              <step title="Purge deployment items" date="2025-09-05T11:28:42.283" >
                <step title="Remove e53a19e8-, Success, received at 09/01/2025 11:56:27" date="2025-09-05T11:28:42.353" /><!-- duration: 5ms -->
              </step><!-- duration: 80ms -->
            </step><!-- duration: 2228ms -->
          </step><!-- duration: 2389ms -->
          <step title="Cleaning up temp files" date="2025-09-05T11:28:42.446" /><!-- duration: 7ms -->
          <step title="Cleaning up temp files" date="2025-09-05T11:28:42.468" /><!-- duration: 514ms -->
          <step title="Reloading status file with latest updates" date="2025-09-05T11:28:43.436" >
            <step title="WebHooksManager.PublishEventAsync: PostDeployment" date="2025-09-05T11:28:43.465" /><!-- duration: 63ms -->
          </step><!-- duration: 102ms -->
          <step title="Cleaning up temporary deployment - fetch deployment was successful" date="2025-09-05T11:28:43.547" /><!-- duration: 11ms -->
        </step><!-- duration: 3837ms -->
      </step><!-- duration: 5542ms -->
