<step title="Incoming Request" date="2025-08-29T11:28:11.189" instance="bf6391" url="/api/publish?async=true&amp;deployer=GITHUB_ONE_DEPLOY&amp;type=zip&amp;message=%7B%22type%22%3A%22deployment%22%2C%22sha%22%3A%22e1e0601c9cb05c5136a80693a20332064ac73d7d%22%2C%22repoName%22%3A%22Satoshi-Niina%2FEmergency-Assistance%22%2C%22actor%22%3A%22Satoshi-Niina%22%2C%22slotName%22%3A%22production%22%2C%22commitMessage%22%3A%22fix%3A%20auth-context.tsx%E3%81%AE%E6%A7%8B%E9%80%A0%E5%B4%A9%E5%A3%8A%E3%83%93%E3%83%AB%E3%83%89%E3%82%A8%E3%83%A9%E3%83%BC%E4%BF%AE%E6%AD%A3%E3%80%81%E5%9E%8B%E3%83%AD%E3%82%B8%E3%83%83%E3%82%AF%E3%81%AE%E3%82%AF%E3%83%AA%E3%83%BC%E3%83%B3%E5%8C%96%22%7D" method="POST" type="request" pid="821,1,34" Host="emergencyassistance-sv-fbanemhrbshuf9bd.scm.japanwest-01.azurewebsites.net" User-Agent="GITHUBACTIONS_DeployWebAppToAzure_6afaea893f47a147fa5dac857d1041ffd4a8f022e29971635168cd4dcb90f2c0" Authorization="Bea..." Content-Type="application/octet-stream" Cookie="ARRAffinity=bf6391891f813fe54cfda5d2cacef026f295eea9a062d1fd7d073d9ea2164a6b;Path=/;HttpOnly;Secure;Domain=emergencyassistance-sv-fbanemhrbshuf9bd.scm.japanwest-01.azurewebsites.net; ARRAffinitySameSite=bf6391891f813fe54cfda5d2cacef026f295eea9a062d1fd7d073d9ea2164a6b;Path=/;HttpOnly;SameSite=None;Secure;Domain=emergencyassistance-sv-fbanemhrbshuf9bd.scm.japanwest-01.azurewebsites.net" Transfer-Encoding="chunked" X-ARR-LOG-ID="dec2ee6f-df4f-40cc-b0c9-67e45509dec2" CLIENT-IP="20.161.30.231:1024" X-SITE-DEPLOYMENT-ID="Emergencyassistance-sv" WAS-DEFAULT-HOSTNAME="emergencyassistance-sv-fbanemhrbshuf9bd.scm.japanwest-01.azurewebsites.net" X-Forwarded-Proto="https" X-AppService-Proto="https" X-Forwarded-TlsVersion="1.3" X-WAWS-Unencoded-URL="/api/publish?async=true&amp;deployer=GITHUB_ONE_DEPLOY&amp;type=zip&amp;message=%7B%22type%22%3A%22deployment%22%2C%22sha%22%3A%22e1e0601c9cb05c5136a80693a20332064ac73d7d%22%2C%22repoName%22%3A%22Satoshi-Niina%2FEmergency-Assistance%22%2C%22actor%22%3A%22Satoshi-Niina%22%2C%22slotName%22%3A%22production%22%2C%22commitMessage%22%3A%22fix%3A%20auth-context.tsx%E3%81%AE%E6%A7%8B%E9%80%A0%E5%B4%A9%E5%A3%8A%E3%83%93%E3%83%AB%E3%83%89%E3%82%A8%E3%83%A9%E3%83%BC%E4%BF%AE%E6%AD%A3%E3%80%81%E5%9E%8B%E3%83%AD%E3%82%B8%E3%83%83%E3%82%AF%E3%81%AE%E3%82%AF%E3%83%AA%E3%83%BC%E3%83%B3%E5%8C%96%22%7D" X-Client-IP="20.161.30.231" X-Client-Port="1024" >
  <step title="OneDeploy" date="2025-08-29T11:28:11.321" >
    <step title="None repository commit" date="2025-08-29T11:28:11.341" >
      <step title="Commit id: 6306c528-2aea-4fc2-8e2a-9e5fdb2b15cb" date="2025-08-29T11:28:11.345" Message="N/A" AuthorName="N/A" AuthorEmail="N/A" /><!-- duration: 4ms -->
    </step><!-- duration: 11ms -->
    <step title="Starting PushDeployAsync" date="2025-08-29T11:28:11.356" /><!-- duration: 3ms -->
    <step title="WEBSITE_RUN_FROM_PACKAGE is set to 1. Writing zip to SitePackagesPath" date="2025-08-29T11:28:11.378" /><!-- duration: 4ms -->
    <step title="Copying zip to SitePackages /home/data/SitePackages/20250829112811.zip from request body" date="2025-08-29T11:28:11.395" /><!-- duration: 43ms -->
    <step title="Writing multipart request body to /home/data/SitePackages/20250829112811.zip" date="2025-08-29T11:28:11.442" /><!-- duration: 11ms -->
    <step title="Deleting outdated zip file /home/data/SitePackages/20250829091519.zip" date="2025-08-29T11:28:11.682" /><!-- duration: 15ms -->
    <step title="Start deployment in the background" date="2025-08-29T11:28:11.717" >
      <step title="Acquiring Deployment Lock" date="2025-08-29T11:28:11.739" /><!-- duration: 9ms -->
      <step title="Acquired Deployment Lock" date="2025-08-29T11:28:11.812" /><!-- duration: 3ms -->
    </step><!-- duration: 210ms -->
  </step><!-- duration: 615ms -->
  <step title="Outgoing response" date="2025-08-29T11:28:11.943" type="response" statusCode="202" statusText="Accepted" /><!-- duration: 6ms -->
</step><!-- duration: 764ms -->
