<step title="Incoming Request" date="2025-08-30T08:24:40.451" instance="bf6391" url="/api/publish?async=true&amp;deployer=GITHUB_ONE_DEPLOY&amp;type=zip&amp;message=%7B%22type%22%3A%22deployment%22%2C%22sha%22%3A%2278445281796e561b2b290a1b1d53fe4560a08e42%22%2C%22repoName%22%3A%22Satoshi-Niina%2FEmergency-Assistance%22%2C%22actor%22%3A%22Satoshi-Niina%22%2C%22slotName%22%3A%22production%22%2C%22commitMessage%22%3A%22fix%3A%20server%2Fpackage.json%20%E3%81%AEJSON%E6%A7%8B%E6%96%87%E3%82%A8%E3%83%A9%E3%83%BC%E4%BF%AE%E6%AD%A3%22%7D" method="POST" type="request" pid="821,1,15" Host="emergencyassistance-sv-fbanemhrbshuf9bd.scm.japanwest-01.azurewebsites.net" User-Agent="GITHUBACTIONS_DeployWebAppToAzure_6afaea893f47a147fa5dac857d1041ffd4a8f022e29971635168cd4dcb90f2c0" Authorization="Bea..." Content-Type="application/octet-stream" Cookie="ARRAffinity=bf6391891f813fe54cfda5d2cacef026f295eea9a062d1fd7d073d9ea2164a6b;Path=/;HttpOnly;Secure;Domain=emergencyassistance-sv-fbanemhrbshuf9bd.scm.japanwest-01.azurewebsites.net; ARRAffinitySameSite=bf6391891f813fe54cfda5d2cacef026f295eea9a062d1fd7d073d9ea2164a6b;Path=/;HttpOnly;SameSite=None;Secure;Domain=emergencyassistance-sv-fbanemhrbshuf9bd.scm.japanwest-01.azurewebsites.net" Transfer-Encoding="chunked" X-ARR-LOG-ID="e1405a79-3915-44e2-a514-12ecc0834aae" CLIENT-IP="4.236.159.192:56320" X-SITE-DEPLOYMENT-ID="Emergencyassistance-sv" WAS-DEFAULT-HOSTNAME="emergencyassistance-sv-fbanemhrbshuf9bd.scm.japanwest-01.azurewebsites.net" X-Forwarded-Proto="https" X-AppService-Proto="https" X-Forwarded-TlsVersion="1.3" X-WAWS-Unencoded-URL="/api/publish?async=true&amp;deployer=GITHUB_ONE_DEPLOY&amp;type=zip&amp;message=%7B%22type%22%3A%22deployment%22%2C%22sha%22%3A%2278445281796e561b2b290a1b1d53fe4560a08e42%22%2C%22repoName%22%3A%22Satoshi-Niina%2FEmergency-Assistance%22%2C%22actor%22%3A%22Satoshi-Niina%22%2C%22slotName%22%3A%22production%22%2C%22commitMessage%22%3A%22fix%3A%20server%2Fpackage.json%20%E3%81%AEJSON%E6%A7%8B%E6%96%87%E3%82%A8%E3%83%A9%E3%83%BC%E4%BF%AE%E6%AD%A3%22%7D" X-Client-IP="4.236.159.192" X-Client-Port="56320" >
  <step title="Cleanup Xml Logs" date="2025-08-30T08:24:40.455" >
    <step title="Cleanup Infos" date="2025-08-30T08:24:40.468" totalFiles="248" totalCleanup="88" /><!-- duration: 7ms -->
  </step><!-- duration: 25ms -->
  <step title="OneDeploy" date="2025-08-30T08:24:40.550" >
    <step title="None repository commit" date="2025-08-30T08:24:40.567" >
      <step title="Commit id: effcc8e3-8b40-414f-8669-454646f31cd6" date="2025-08-30T08:24:40.572" Message="N/A" AuthorName="N/A" AuthorEmail="N/A" /><!-- duration: 5ms -->
    </step><!-- duration: 15ms -->
    <step title="Starting PushDeployAsync" date="2025-08-30T08:24:40.587" /><!-- duration: 5ms -->
    <step title="WEBSITE_RUN_FROM_PACKAGE is set to 1. Writing zip to SitePackagesPath" date="2025-08-30T08:24:40.622" /><!-- duration: 5ms -->
    <step title="Copying zip to SitePackages /home/data/SitePackages/20250830082440.zip from request body" date="2025-08-30T08:24:40.654" /><!-- duration: 16ms -->
    <step title="Writing multipart request body to /home/data/SitePackages/20250830082440.zip" date="2025-08-30T08:24:40.677" /><!-- duration: 14ms -->
    <step title="Deleting outdated zip file /home/data/SitePackages/20250830052409.zip" date="2025-08-30T08:24:46.087" /><!-- duration: 18ms -->
    <step title="Start deployment in the background" date="2025-08-30T08:24:46.137" >
      <step title="Acquiring Deployment Lock" date="2025-08-30T08:24:46.196" /><!-- duration: 5ms -->
      <step title="Acquired Deployment Lock" date="2025-08-30T08:24:46.244" /><!-- duration: 5ms -->
    </step><!-- duration: 248ms -->
  </step><!-- duration: 5848ms -->
  <step title="Outgoing response" date="2025-08-30T08:24:46.406" type="response" statusCode="202" statusText="Accepted" /><!-- duration: 5ms -->
</step><!-- duration: 5965ms -->
