<step title="BackgroundTrace" date="2025-08-20T11:29:17.182" instance="66379d" url="/deploy" method="POST" >
  <step title="Creating temporary deployment - FetchDeploymentManager" date="2025-08-20T11:29:17.416" /><!-- duration: 4ms -->
  <step title="Creating temporary deployment" date="2025-08-20T11:29:17.427" /><!-- duration: 80ms -->
  <step title="Performing fetch based deployment" date="2025-08-20T11:29:17.731" >
    <step title="Deployment timer started" date="2025-08-20T11:30:20.370" >
      <step title="DeploymentManager.Deploy(id:cb12e8f83b6b8a2bd7649aa478ee5a666c132f31)" date="2025-08-20T11:30:20.410" >
        <step title="Collecting changeset information" date="2025-08-20T11:30:20.471" /><!-- duration: 105ms -->
        <step title="Updating submodules" date="2025-08-20T11:30:20.587" /><!-- duration: 1151ms -->
        <step title="Determining deployment builder" date="2025-08-20T11:30:22.343" >
          <step title="Builder is OryxBuilder" date="2025-08-20T11:30:22.361" /><!-- duration: 7ms -->
        </step><!-- duration: 32ms -->
        <step title="PreDeployment: context.CleanOutputPath False" date="2025-08-20T11:30:22.436" >
          <step title="PreDeployment: context.OutputPath /home/site/wwwroot" date="2025-08-20T11:30:22.573" >
            <step title="Building" date="2025-08-20T11:30:22.761" >
              <step title="Executing external process" date="2025-08-20T11:30:23.098" type="process" path="bash" arguments="-c &quot;oryx build /home/site/repository -o /home/site/wwwroot --platform nodejs --platform-version 18 -p virtualenv_name= --log-file /tmp/build-debug.log  -i /tmp/8dddfdcf347486f -p compress_node_modules=tar-gz | tee /tmp/oryx-build.log ; exit $PIPESTATUS &quot;" 