<step title="BackgroundTrace" date="2025-08-30T05:24:10.013" instance="bf6391" url="/api/publish" method="POST" >
  <step title="Creating temporary deployment - FetchDeploymentManager" date="2025-08-30T05:24:10.137" /><!-- duration: 4ms -->
  <step title="Creating temporary deployment" date="2025-08-30T05:24:10.149" /><!-- duration: 135ms -->
  <step title="Performing fetch based deployment" date="2025-08-30T05:24:10.339" >
    <step title="Deployment timer started" date="2025-08-30T05:24:13.590" >
      <step title="DeploymentManager.Deploy(id:71997178-1790-4472-a90b-ed1c25f3c2c6)" date="2025-08-30T05:24:13.626" >
        <step title="Collecting changeset information" date="2025-08-30T05:24:13.681" /><!-- duration: 129ms -->
        <step title="Updating submodules" date="2025-08-30T05:24:13.819" /><!-- duration: 1155ms -->
        <step title="Determining deployment builder" date="2025-08-30T05:24:15.242" >
          <step title="Builder is RunFromZipSiteBuilder" date="2025-08-30T05:24:15.267" /><!-- duration: 13ms -->
        </step><!-- duration: 44ms -->
        <step title="PreDeployment: context.CleanOutputPath False" date="2025-08-30T05:24:15.355" >
          <step title="PreDeployment: context.OutputPath /home/site/wwwroot" date="2025-08-30T05:24:15.517" >
            <step title="Building" date="2025-08-30T05:24:15.706" >
              <step title="Modified file to trigger a restart of the app container." date="2025-08-30T05:24:16.250" /><!-- duration: 10ms -->
              <step title="Skip function trigger and logicapp sync because function is not enabled." date="2025-08-30T05:24:16.271" /><!-- duration: 19ms -->
              <step title="Purge deployment items" date="2025-08-30T05:24:17.933" >
                <step title="Remove 71e24547-, Success, received at 08/29/2025 10:52:58" date="2025-08-30T05:24:18.040" /><!-- duration: 6ms -->
              </step><!-- duration: 119ms -->
            </step><!-- duration: 2439ms -->
          </step><!-- duration: 2663ms -->
          <step title="Cleaning up temp files" date="2025-08-30T05:24:18.186" /><!-- duration: 16ms -->
          <step title="Cleaning up temp files" date="2025-08-30T05:24:18.219" /><!-- duration: 523ms -->
          <step title="Reloading status file with latest updates" date="2025-08-30T05:24:19.060" >
            <step title="WebHooksManager.PublishEventAsync: PostDeployment" date="2025-08-30T05:24:19.069" /><!-- duration: 65ms -->
          </step><!-- duration: 78ms -->
          <step title="Cleaning up temporary deployment - fetch deployment was successful" date="2025-08-30T05:24:19.148" /><!-- duration: 7ms -->
        </step><!-- duration: 3907ms -->
      </step><!-- duration: 5663ms -->
