<step title="BackgroundTrace" date="2025-09-01T11:56:21.782" instance="bf6391" url="/api/publish" method="POST" >
  <step title="Cleanup Xml Logs" date="2025-09-01T11:56:21.788" >
    <step title="Cleanup Infos" date="2025-09-01T11:56:21.809" totalFiles="267" totalCleanup="107" /><!-- duration: 8ms -->
  </step><!-- duration: 35ms -->
  <step title="Creating temporary deployment - FetchDeploymentManager" date="2025-09-01T11:56:21.918" /><!-- duration: 5ms -->
  <step title="Creating temporary deployment" date="2025-09-01T11:56:21.937" /><!-- duration: 142ms -->
  <step title="Performing fetch based deployment" date="2025-09-01T11:56:22.200" >
    <step title="Deployment timer started" date="2025-09-01T11:56:27.121" >
      <step title="DeploymentManager.Deploy(id:e53a19e8-0ee2-4a60-a3b7-87236449cfd7)" date="2025-09-01T11:56:27.128" >
        <step title="Collecting changeset information" date="2025-09-01T11:56:27.194" /><!-- duration: 99ms -->
        <step title="Updating submodules" date="2025-09-01T11:56:27.303" /><!-- duration: 1124ms -->
        <step title="Determining deployment builder" date="2025-09-01T11:56:28.718" >
          <step title="Builder is RunFromZipSiteBuilder" date="2025-09-01T11:56:28.743" /><!-- duration: 6ms -->
        </step><!-- duration: 36ms -->
        <step title="PreDeployment: context.CleanOutputPath False" date="2025-09-01T11:56:28.825" >
          <step title="PreDeployment: context.OutputPath /home/site/wwwroot" date="2025-09-01T11:56:28.972" >
            <step title="Building" date="2025-09-01T11:56:29.119" >
              <step title="Modified file to trigger a restart of the app container." date="2025-09-01T11:56:29.571" /><!-- duration: 23ms -->
              <step title="Skip function trigger and logicapp sync because function is not enabled." date="2025-09-01T11:56:29.604" /><!-- duration: 23ms -->
              <step title="Purge deployment items" date="2025-09-01T11:56:30.910" >
                <step title="Remove 7d40972c-, Success, received at 08/30/2025 04:45:22" date="2025-09-01T11:56:31.104" /><!-- duration: 5ms -->
              </step><!-- duration: 205ms -->
            </step><!-- duration: 2072ms -->
          </step><!-- duration: 2229ms -->
          <step title="Cleaning up temp files" date="2025-09-01T11:56:31.205" /><!-- duration: 7ms -->
          <step title="Cleaning up temp files" date="2025-09-01T11:56:31.228" /><!-- duration: 518ms -->
          <step title="Reloading status file with latest updates" date="2025-09-01T11:56:32.461" >
            <step title="WebHooksManager.PublishEventAsync: PostDeployment" date="2025-09-01T11:56:32.469" /><!-- duration: 59ms -->
          </step><!-- duration: 72ms -->
          <step title="Cleaning up temporary deployment - fetch deployment was successful" date="2025-09-01T11:56:32.544" /><!-- duration: 5ms -->
        </step><!-- duration: 3783ms -->
      </step><!-- duration: 5506ms -->
