<step title="BackgroundTrace" date="2025-09-06T06:38:30.204" instance="0d31d1" url="/api/zipdeploy" method="POST" >
  <step title="Cleanup Xml Logs" date="2025-09-06T06:38:30.214" >
    <step title="Cleanup Infos" date="2025-09-06T06:38:30.233" totalFiles="431" totalCleanup="271" /><!-- duration: 10ms -->
  </step><!-- duration: 33ms -->
  <step title="Creating temporary deployment - FetchDeploymentManager" date="2025-09-06T06:38:30.314" /><!-- duration: 5ms -->
  <step title="Creating temporary deployment" date="2025-09-06T06:38:30.324" /><!-- duration: 133ms -->
  <step title="Performing fetch based deployment" date="2025-09-06T06:38:30.525" >
    <step title="Deployment timer started" date="2025-09-06T06:38:35.875" >
      <step title="DeploymentManager.Deploy(id:9515350b-ca77-425e-ab92-1902cbcb5191)" date="2025-09-06T06:38:35.893" >
        <step title="Collecting changeset information" date="2025-09-06T06:38:35.968" /><!-- duration: 93ms -->
        <step title="Updating submodules" date="2025-09-06T06:38:36.070" /><!-- duration: 1138ms -->
        <step title="Determining deployment builder" date="2025-09-06T06:38:37.459" >
          <step title="Builder is RunFromZipSiteBuilder" date="2025-09-06T06:38:37.483" /><!-- duration: 11ms -->
        </step><!-- duration: 41ms -->
        <step title="PreDeployment: context.CleanOutputPath False" date="2025-09-06T06:38:37.573" >
          <step title="PreDeployment: context.OutputPath /home/site/wwwroot" date="2025-09-06T06:38:37.729" >
            <step title="Building" date="2025-09-06T06:38:37.979" >
              <step title="Triggering recycle (preview mode disabled)." date="2025-09-06T06:38:38.442" /><!-- duration: 15ms -->
              <step title="Modified file to trigger a restart of the app container." date="2025-09-06T06:38:38.498" /><!-- duration: 5ms -->
              <step title="Skip function trigger and logicapp sync because function is not enabled." date="2025-09-06T06:38:38.514" /><!-- duration: 12ms -->
              <step title="Purge deployment items" date="2025-09-06T06:38:40.014" >
                <step title="Remove e205446c-, Success, received at 09/05/2025 11:49:21" date="2025-09-06T06:38:40.115" /><!-- duration: 9ms -->
              </step><!-- duration: 122ms -->
            </step><!-- duration: 2249ms -->
          </step><!-- duration: 2507ms -->
          <step title="Cleaning up temp files" date="2025-09-06T06:38:40.240" /><!-- duration: 9ms -->
          <step title="Cleaning up temp files" date="2025-09-06T06:38:40.256" /><!-- duration: 521ms -->
          <step title="Reloading status file with latest updates" date="2025-09-06T06:38:41.377" >
            <step title="WebHooksManager.PublishEventAsync: PostDeployment" date="2025-09-06T06:38:41.384" /><!-- duration: 44ms -->
          </step><!-- duration: 62ms -->
          <step title="Cleaning up temporary deployment - fetch deployment was successful" date="2025-09-06T06:38:41.454" /><!-- duration: 26ms -->
        </step><!-- duration: 4240ms -->
      </step><!-- duration: 5948ms -->
