<step title="BackgroundTrace" date="2025-08-30T07:54:10.308" instance="bf6391" url="/api/publish" method="POST" >
  <step title="Creating temporary deployment - FetchDeploymentManager" date="2025-08-30T07:54:10.391" /><!-- duration: 4ms -->
  <step title="Creating temporary deployment" date="2025-08-30T07:54:10.405" /><!-- duration: 137ms -->
  <step title="Performing fetch based deployment" date="2025-08-30T07:54:10.600" >
    <step title="Deployment timer started" date="2025-08-30T07:54:13.831" >
      <step title="DeploymentManager.Deploy(id:18b603be-fb5c-44ef-ba3c-26bc2cf13a34)" date="2025-08-30T07:54:13.841" >
        <step title="Collecting changeset information" date="2025-08-30T07:54:13.926" /><!-- duration: 158ms -->
        <step title="Updating submodules" date="2025-08-30T07:54:14.092" /><!-- duration: 1145ms -->
        <step title="Determining deployment builder" date="2025-08-30T07:54:15.547" >
          <step title="Builder is RunFromZipSiteBuilder" date="2025-08-30T07:54:15.571" /><!-- duration: 12ms -->
        </step><!-- duration: 44ms -->
        <step title="PreDeployment: context.CleanOutputPath False" date="2025-08-30T07:54:15.675" >
          <step title="PreDeployment: context.OutputPath /home/site/wwwroot" date="2025-08-30T07:54:15.827" >
            <step title="Building" date="2025-08-30T07:54:15.999" >
              <step title="Modified file to trigger a restart of the app container." date="2025-08-30T07:54:16.469" /><!-- duration: 9ms -->
              <step title="Skip function trigger and logicapp sync because function is not enabled." date="2025-08-30T07:54:16.484" /><!-- duration: 11ms -->
              <step title="Purge deployment items" date="2025-08-30T07:54:18.405" >
                <step title="Remove 6306c528-, Success, received at 08/29/2025 11:28:15" date="2025-08-30T07:54:18.483" /><!-- duration: 10ms -->
              </step><!-- duration: 97ms -->
            </step><!-- duration: 2596ms -->
          </step><!-- duration: 2775ms -->
          <step title="Cleaning up temp files" date="2025-08-30T07:54:18.610" /><!-- duration: 7ms -->
          <step title="Cleaning up temp files" date="2025-08-30T07:54:18.631" /><!-- duration: 522ms -->
          <step title="Reloading status file with latest updates" date="2025-08-30T07:54:19.253" >
            <step title="WebHooksManager.PublishEventAsync: PostDeployment" date="2025-08-30T07:54:19.284" /><!-- duration: 172ms -->
          </step><!-- duration: 221ms -->
          <step title="Cleaning up temporary deployment - fetch deployment was successful" date="2025-08-30T07:54:19.583" /><!-- duration: 41ms -->
        </step><!-- duration: 4651ms -->
      </step><!-- duration: 6588ms -->
