<step title="BackgroundTrace" date="2025-09-05T12:17:33.801" instance="0d31d1" url="/api/zipdeploy" method="POST" >
  <step title="Cleanup Xml Logs" date="2025-09-05T12:17:33.831" >
    <step title="Cleanup Infos" date="2025-09-05T12:17:33.913" totalFiles="373" totalCleanup="213" /><!-- duration: 39ms -->
  </step><!-- duration: 152ms -->
  <step title="Creating temporary deployment - FetchDeploymentManager" date="2025-09-05T12:17:34.280" /><!-- duration: 30ms -->
  <step title="Creating temporary deployment" date="2025-09-05T12:17:34.351" /><!-- duration: 218ms -->
  <step title="Performing fetch based deployment" date="2025-09-05T12:17:34.750" >
    <step title="Deployment timer started" date="2025-09-05T12:17:38.612" >
      <step title="DeploymentManager.Deploy(id:f08b3771-4051-43f9-945a-a48508bdcb7d)" date="2025-09-05T12:17:38.618" >
        <step title="Collecting changeset information" date="2025-09-05T12:17:38.664" /><!-- duration: 117ms -->
        <step title="Updating submodules" date="2025-09-05T12:17:38.789" /><!-- duration: 1128ms -->
        <step title="Determining deployment builder" date="2025-09-05T12:17:40.186" >
          <step title="Builder is RunFromZipSiteBuilder" date="2025-09-05T12:17:40.205" /><!-- duration: 11ms -->
        </step><!-- duration: 36ms -->
        <step title="PreDeployment: context.CleanOutputPath False" date="2025-09-05T12:17:40.299" >
          <step title="PreDeployment: context.OutputPath /home/site/wwwroot" date="2025-09-05T12:17:40.444" >
            <step title="Building" date="2025-09-05T12:17:40.731" >
              <step title="Triggering recycle (preview mode disabled)." date="2025-09-05T12:17:41.422" /><!-- duration: 57ms -->
              <step title="Modified file to trigger a restart of the app container." date="2025-09-05T12:17:41.568" /><!-- duration: 22ms -->
              <step title="Skip function trigger and logicapp sync because function is not enabled." date="2025-09-05T12:17:41.600" /><!-- duration: 80ms -->
              <step title="Purge deployment items" date="2025-09-05T12:17:44.799" >
                <step title="Remove 74f34cf1-, Success, received at 09/05/2025 09:01:30" date="2025-09-05T12:17:44.864" /><!-- duration: 5ms -->
              </step><!-- duration: 75ms -->
            </step><!-- duration: 4213ms -->
          </step><!-- duration: 4508ms -->
          <step title="Cleaning up temp files" date="2025-09-05T12:17:44.956" /><!-- duration: 6ms -->
          <step title="Cleaning up temp files" date="2025-09-05T12:17:44.980" /><!-- duration: 529ms -->
          <step title="Reloading status file with latest updates" date="2025-09-05T12:17:45.583" >
            <step title="WebHooksManager.PublishEventAsync: PostDeployment" date="2025-09-05T12:17:45.603" /><!-- duration: 79ms -->
          </step><!-- duration: 105ms -->
          <step title="Cleaning up temporary deployment - fetch deployment was successful" date="2025-09-05T12:17:45.698" /><!-- duration: 5ms -->
        </step><!-- duration: 5492ms -->
      </step><!-- duration: 7206ms -->
