<step title="BackgroundTrace" date="2025-08-29T10:52:54.560" instance="bf6391" url="/api/publish" method="POST" >
  <step title="Creating temporary deployment - FetchDeploymentManager" date="2025-08-29T10:52:54.637" /><!-- duration: 2ms -->
  <step title="Creating temporary deployment" date="2025-08-29T10:52:54.645" /><!-- duration: 107ms -->
  <step title="Performing fetch based deployment" date="2025-08-29T10:52:54.809" >
    <step title="Deployment timer started" date="2025-08-29T10:52:57.967" >
      <step title="DeploymentManager.Deploy(id:71e24547-db07-40e4-83a6-550de5cc8053)" date="2025-08-29T10:52:57.975" >
        <step title="Collecting changeset information" date="2025-08-29T10:52:58.002" /><!-- duration: 107ms -->
        <step title="Updating submodules" date="2025-08-29T10:52:58.115" /><!-- duration: 1115ms -->
        <step title="Determining deployment builder" date="2025-08-29T10:52:59.441" >
          <step title="Builder is RunFromZipSiteBuilder" date="2025-08-29T10:52:59.458" /><!-- duration: 18ms -->
        </step><!-- duration: 39ms -->
        <step title="PreDeployment: context.CleanOutputPath False" date="2025-08-29T10:52:59.535" >
          <step title="PreDeployment: context.OutputPath /home/site/wwwroot" date="2025-08-29T10:52:59.637" >
            <step title="Building" date="2025-08-29T10:52:59.778" >
              <step title="Modified file to trigger a restart of the app container." date="2025-08-29T10:53:00.150" /><!-- duration: 4ms -->
              <step title="Skip function trigger and logicapp sync because function is not enabled." date="2025-08-29T10:53:00.159" /><!-- duration: 11ms -->
              <step title="Purge deployment items" date="2025-08-29T10:53:01.585" >
                <step title="Remove 455ea1a5-, Success, received at 08/29/2025 01:44:54" date="2025-08-29T10:53:02.250" /><!-- duration: 3ms -->
              </step><!-- duration: 672ms -->
            </step><!-- duration: 2539ms -->
          </step><!-- duration: 2685ms -->
          <step title="Cleaning up temp files" date="2025-08-29T10:53:02.326" /><!-- duration: 4ms -->
          <step title="Cleaning up temp files" date="2025-08-29T10:53:02.341" /><!-- duration: 519ms -->
          <step title="Reloading status file with latest updates" date="2025-08-29T10:53:02.898" >
            <step title="WebHooksManager.PublishEventAsync: PostDeployment" date="2025-08-29T10:53:02.904" /><!-- duration: 100ms -->
          </step><!-- duration: 110ms -->
          <step title="Cleaning up temporary deployment - fetch deployment was successful" date="2025-08-29T10:53:03.013" /><!-- duration: 9ms -->
        </step><!-- duration: 3562ms -->
      </step><!-- duration: 5138ms -->
