<step title="BackgroundTrace" date="2025-08-29T01:17:24.038" instance="bf6391" url="/api/zipdeploy" method="POST" >
  <step title="Creating temporary deployment - FetchDeploymentManager" date="2025-08-29T01:17:24.112" /><!-- duration: 3ms -->
  <step title="Creating temporary deployment" date="2025-08-29T01:17:24.122" /><!-- duration: 78ms -->
  <step title="Performing fetch based deployment" date="2025-08-29T01:17:24.240" >
    <step title="Deployment timer started" date="2025-08-29T01:17:27.444" >
      <step title="DeploymentManager.Deploy(id:0cd85b9b-20a5-46db-8547-309e234ea433)" date="2025-08-29T01:17:27.451" >
        <step title="Collecting changeset information" date="2025-08-29T01:17:27.503" /><!-- duration: 147ms -->
        <step title="Updating submodules" date="2025-08-29T01:17:27.657" /><!-- duration: 1152ms -->
        <step title="Determining deployment builder" date="2025-08-29T01:17:29.545" >
          <step title="Builder is RunFromZipSiteBuilder" date="2025-08-29T01:17:29.577" /><!-- duration: 4ms -->
        </step><!-- duration: 47ms -->
        <step title="PreDeployment: context.CleanOutputPath False" date="2025-08-29T01:17:29.682" >
          <step title="PreDeployment: context.OutputPath /home/site/wwwroot" date="2025-08-29T01:17:30.086" >
            <step title="Building" date="2025-08-29T01:17:30.252" >
              <step title="Triggering recycle (preview mode disabled)." date="2025-08-29T01:17:30.632" /><!-- duration: 7ms -->
              <step title="Modified file to trigger a restart of the app container." date="2025-08-29T01:17:30.693" /><!-- duration: 3ms -->
              <step title="Skip function trigger and logicapp sync because function is not enabled." date="2025-08-29T01:17:30.701" /><!-- duration: 15ms -->
              <step title="Purge deployment items" date="2025-08-29T01:17:32.000" >
                <step title="Remove ce7d79e2-, Success, received at 08/28/2025 06:45:10" date="2025-08-29T01:17:32.068" /><!-- duration: 4ms -->
              </step><!-- duration: 77ms -->
            </step><!-- duration: 1903ms -->
          </step><!-- duration: 2074ms -->
          <step title="Cleaning up temp files" date="2025-08-29T01:17:32.164" /><!-- duration: 5ms -->
          <step title="Cleaning up temp files" date="2025-08-29T01:17:32.187" /><!-- duration: 523ms -->
          <step title="Reloading status file with latest updates" date="2025-08-29T01:17:32.809" >
            <step title="WebHooksManager.PublishEventAsync: PostDeployment" date="2025-08-29T01:17:32.820" /><!-- duration: 72ms -->
          </step><!-- duration: 87ms -->
          <step title="Cleaning up temporary deployment - fetch deployment was successful" date="2025-08-29T01:17:32.915" /><!-- duration: 11ms -->
        </step><!-- duration: 3344ms -->
      </step><!-- duration: 5613ms -->
