<step title="Incoming Request" date="2025-08-28T06:09:28.247" instance="bf6391" url="/api/zipdeploy?isAsync=true" method="POST" type="request" pid="821,1,62" Accept="*/*" Host="emergencyassistance-sv-fbanemhrbshuf9bd.scm.japanwest-01.azurewebsites.net" User-Agent="AZURECLI/2.76.0 (DEB)" Accept-Encoding="gzip, deflate" Authorization="Bea..." Cache-Control="no-cache" Content-Type="application/octet-stream" Cookie="ARRAffinity=bf6391891f813fe54cfda5d2cacef026f295eea9a062d1fd7d073d9ea2164a6b; ARRAffinitySameSite=bf6391891f813fe54cfda5d2cacef026f295eea9a062d1fd7d073d9ea2164a6b" Content-Length="295461" x-ms-client-request-id="856815f2-83d5-11f0-ac69-000d3a963a51" x-ms-artifact-checksum="6ef93132c29d85aada2d8ccc390e44436f792cbe8d884c222ab76535c0dff365" X-ARR-LOG-ID="856815f2-83d5-11f0-ac69-000d3a963a51" CLIENT-IP="52.176.124.179:14337" X-SITE-DEPLOYMENT-ID="Emergencyassistance-sv" WAS-DEFAULT-HOSTNAME="emergencyassistance-sv-fbanemhrbshuf9bd.scm.japanwest-01.azurewebsites.net" X-Forwarded-Proto="https" X-AppService-Proto="https" X-Forwarded-TlsVersion="1.3" X-WAWS-Unencoded-URL="/api/zipdeploy?isAsync=true" X-Client-IP="52.176.124.179" X-Client-Port="14337" >
  <step title="Cleanup Xml Logs" date="2025-08-28T06:09:28.256" /><!-- duration: 29ms -->
  <step title="ZipPushDeploy" date="2025-08-28T06:09:28.677" >
    <step title="ZipDeploy. Run from package." date="2025-08-28T06:09:28.735" /><!-- duration: 11ms -->
    <step title="None repository commit" date="2025-08-28T06:09:28.767" >
      <step title="Commit id: 8662e1bf-5670-437f-b434-38790d082b4b" date="2025-08-28T06:09:28.785" Message="N/A" AuthorName="N/A" AuthorEmail="N/A" /><!-- duration: 11ms -->
    </step><!-- duration: 39ms -->
    <step title="Starting PushDeployAsync" date="2025-08-28T06:09:28.816" /><!-- duration: 10ms -->
    <step title="WEBSITE_RUN_FROM_PACKAGE is set to 1. Writing zip to SitePackagesPath" date="2025-08-28T06:09:28.905" /><!-- duration: 11ms -->
    <step title="Copying zip to SitePackages /home/data/SitePackages/20250828060928.zip from request body" date="2025-08-28T06:09:28.955" /><!-- duration: 11ms -->
    <step title="Writing multipart request body to /home/data/SitePackages/20250828060928.zip" date="2025-08-28T06:09:29.018" /><!-- duration: 20ms -->
    <step title="Start deployment in the background" date="2025-08-28T06:09:29.835" >
      <step title="Acquiring Deployment Lock" date="2025-08-28T06:09:29.987" /><!-- duration: 11ms -->
      <step title="Acquired Deployment Lock" date="2025-08-28T06:09:30.108" /><!-- duration: 18ms -->
    </step><!-- duration: 583ms -->
  </step><!-- duration: 1773ms -->
  <step title="Outgoing response" date="2025-08-28T06:09:30.497" type="response" statusCode="202" statusText="Accepted" /><!-- duration: 11ms -->
</step><!-- duration: 2273ms -->
