<step title="Incoming Request" date="2025-08-28T11:28:12.214" instance="bf6391" url="/api/zipdeploy?isAsync=true" method="POST" type="request" pid="821,1,29" Accept="*/*" Host="emergencyassistance-sv-fbanemhrbshuf9bd.scm.japanwest-01.azurewebsites.net" User-Agent="AZURECLI/2.76.0 (DEB)" Accept-Encoding="gzip, deflate" Authorization="Bea..." Cache-Control="no-cache" Content-Type="application/octet-stream" Cookie="ARRAffinity=bf6391891f813fe54cfda5d2cacef026f295eea9a062d1fd7d073d9ea2164a6b; ARRAffinitySameSite=bf6391891f813fe54cfda5d2cacef026f295eea9a062d1fd7d073d9ea2164a6b" Content-Length="537875" x-ms-client-request-id="10cbee8a-8402-11f0-ac69-7ced8d2ab7e6" x-ms-artifact-checksum="73fe669694cf11d75ce4b8af65c56965230d45f1560ac96e3843739475b5dcb0" X-ARR-LOG-ID="10cbee8a-8402-11f0-ac69-7ced8d2ab7e6" CLIENT-IP="64.236.133.133:59457" X-SITE-DEPLOYMENT-ID="Emergencyassistance-sv" WAS-DEFAULT-HOSTNAME="emergencyassistance-sv-fbanemhrbshuf9bd.scm.japanwest-01.azurewebsites.net" X-Forwarded-Proto="https" X-AppService-Proto="https" X-Forwarded-TlsVersion="1.3" X-WAWS-Unencoded-URL="/api/zipdeploy?isAsync=true" X-Client-IP="64.236.133.133" X-Client-Port="59457" >
  <step title="ZipPushDeploy" date="2025-08-28T11:28:12.256" >
    <step title="ZipDeploy. Run from package." date="2025-08-28T11:28:12.265" /><!-- duration: 6ms -->
    <step title="None repository commit" date="2025-08-28T11:28:12.281" >
      <step title="Commit id: aad8a7da-b7ca-4fef-af42-85609e24e66c" date="2025-08-28T11:28:12.284" Message="N/A" AuthorName="N/A" AuthorEmail="N/A" /><!-- duration: 3ms -->
    </step><!-- duration: 10ms -->
    <step title="Starting PushDeployAsync" date="2025-08-28T11:28:12.296" /><!-- duration: 4ms -->
    <step title="WEBSITE_RUN_FROM_PACKAGE is set to 1. Writing zip to SitePackagesPath" date="2025-08-28T11:28:12.319" /><!-- duration: 3ms -->
    <step title="Copying zip to SitePackages /home/data/SitePackages/20250828112812.zip from request body" date="2025-08-28T11:28:12.327" /><!-- duration: 7ms -->
    <step title="Writing multipart request body to /home/data/SitePackages/20250828112812.zip" date="2025-08-28T11:28:12.362" /><!-- duration: 12ms -->
    <step title="Deleting outdated zip file /home/data/SitePackages/20250828060928.zip" date="2025-08-28T11:28:12.835" /><!-- duration: 12ms -->
    <step title="Start deployment in the background" date="2025-08-28T11:28:12.865" >
      <step title="Acquiring Deployment Lock" date="2025-08-28T11:28:12.918" /><!-- duration: 11ms -->
      <step title="Acquired Deployment Lock" date="2025-08-28T11:28:12.999" /><!-- duration: 9ms -->
    </step><!-- duration: 247ms -->
  </step><!-- duration: 878ms -->
  <step title="Outgoing response" date="2025-08-28T11:28:13.141" type="response" statusCode="202" statusText="Accepted" /><!-- duration: 3ms -->
</step><!-- duration: 934ms -->
