<step title="Incoming Request" date="2025-08-30T05:02:13.675" instance="bf6391" url="/api/deployments/latest?deployer=OneDeploy&amp;time=2025-08-30_05-02-06Z" method="GET" type="request" pid="821,1,36" Host="emergencyassistance-sv-fbanemhrbshuf9bd.scm.japanwest-01.azurewebsites.net" User-Agent="GITHUBACTIONS_DeployWebAppToAzure_6afaea893f47a147fa5dac857d1041ffd4a8f022e29971635168cd4dcb90f2c0" Authorization="Bea..." Content-Type="application/json; charset=utf-8" Cookie="ARRAffinity=bf6391891f813fe54cfda5d2cacef026f295eea9a062d1fd7d073d9ea2164a6b;Path=/;HttpOnly;Secure;Domain=emergencyassistance-sv-fbanemhrbshuf9bd.scm.japanwest-01.azurewebsites.net; ARRAffinitySameSite=bf6391891f813fe54cfda5d2cacef026f295eea9a062d1fd7d073d9ea2164a6b;Path=/;HttpOnly;SameSite=None;Secure;Domain=emergencyassistance-sv-fbanemhrbshuf9bd.scm.japanwest-01.azurewebsites.net" Content-Length="0" X-ARR-LOG-ID="71bfa9e6-b288-4bc0-9117-66d72af67acd" CLIENT-IP="64.236.153.81:63489" X-SITE-DEPLOYMENT-ID="Emergencyassistance-sv" WAS-DEFAULT-HOSTNAME="emergencyassistance-sv-fbanemhrbshuf9bd.scm.japanwest-01.azurewebsites.net" X-Forwarded-Proto="https" X-AppService-Proto="https" X-Forwarded-TlsVersion="1.3" X-WAWS-Unencoded-URL="/api/deployments/latest?deployer=OneDeploy&amp;time=2025-08-30_05-02-06Z" X-Client-IP="64.236.153.81" X-Client-Port="63489" >
  <step title="Cleanup Xml Logs" date="2025-08-30T05:02:13.707" >
    <step title="Cleanup Infos" date="2025-08-30T05:02:13.758" totalFiles="214" totalCleanup="54" /><!-- duration: 60ms -->
  </step><!-- duration: 148ms -->
  <step title="DeploymentService.GetResult" date="2025-08-30T05:02:13.946" >
    <step title="DeploymentService.GetLatestDeployment" date="2025-08-30T05:02:13.975" >
      <step title="DeploymentManager.GetResults" date="2025-08-30T05:02:14.015" /><!-- duration: 4750ms -->
    </step><!-- duration: 4912ms -->
  </step><!-- duration: 4962ms -->
  <step title="Outgoing response" date="2025-08-30T05:02:19.057" type="response" statusCode="202" statusText="Accepted" /><!-- duration: 29ms -->
</step><!-- duration: 5450ms -->
