<step title="BackgroundTrace" date="2025-08-29T11:09:02.775" instance="bf6391" url="/api/publish" method="POST" >
  <step title="Creating temporary deployment - FetchDeploymentManager" date="2025-08-29T11:09:02.929" /><!-- duration: 3ms -->
  <step title="Creating temporary deployment" date="2025-08-29T11:09:02.937" /><!-- duration: 144ms -->
  <step title="Performing fetch based deployment" date="2025-08-29T11:09:03.149" >
    <step title="Deployment timer started" date="2025-08-29T11:09:06.399" >
      <step title="DeploymentManager.Deploy(id:92d2fa74-995f-4e37-b1bc-67303764b869)" date="2025-08-29T11:09:06.412" >
        <step title="Collecting changeset information" date="2025-08-29T11:09:06.466" /><!-- duration: 99ms -->
        <step title="Updating submodules" date="2025-08-29T11:09:06.571" /><!-- duration: 1127ms -->
        <step title="Determining deployment builder" date="2025-08-29T11:09:07.900" >
          <step title="Builder is RunFromZipSiteBuilder" date="2025-08-29T11:09:07.927" /><!-- duration: 3ms -->
        </step><!-- duration: 42ms -->
        <step title="PreDeployment: context.CleanOutputPath False" date="2025-08-29T11:09:07.996" >
          <step title="PreDeployment: context.OutputPath /home/site/wwwroot" date="2025-08-29T11:09:08.114" >
            <step title="Building" date="2025-08-29T11:09:08.255" >
              <step title="Modified file to trigger a restart of the app container." date="2025-08-29T11:09:08.634" /><!-- duration: 3ms -->
              <step title="Skip function trigger and logicapp sync because function is not enabled." date="2025-08-29T11:09:08.644" /><!-- duration: 27ms -->
              <step title="Purge deployment items" date="2025-08-29T11:09:09.899" >
                <step title="Remove 74f27c06-, Success, received at 08/29/2025 02:41:28" date="2025-08-29T11:09:09.962" /><!-- duration: 3ms -->
              </step><!-- duration: 71ms -->
            </step><!-- duration: 1785ms -->
          </step><!-- duration: 1932ms -->
          <step title="Cleaning up temp files" date="2025-08-29T11:09:10.067" /><!-- duration: 9ms -->
          <step title="Cleaning up temp files" date="2025-08-29T11:09:10.099" /><!-- duration: 529ms -->
          <step title="Reloading status file with latest updates" date="2025-08-29T11:09:10.949" >
            <step title="WebHooksManager.PublishEventAsync: PostDeployment" date="2025-08-29T11:09:10.962" /><!-- duration: 140ms -->
          </step><!-- duration: 156ms -->
          <step title="Cleaning up temporary deployment - fetch deployment was successful" date="2025-08-29T11:09:11.112" /><!-- duration: 3ms -->
        </step><!-- duration: 3433ms -->
      </step><!-- duration: 5035ms -->
