<step title="BackgroundTrace" date="2025-09-05T08:10:30.623" instance="0d31d1" url="/api/zipdeploy" method="POST" >
  <step title="Cleanup Xml Logs" date="2025-09-05T08:10:30.633" >
    <step title="Cleanup Infos" date="2025-09-05T08:10:30.651" totalFiles="284" totalCleanup="124" /><!-- duration: 8ms -->
  </step><!-- duration: 37ms -->
  <step title="Creating temporary deployment - FetchDeploymentManager" date="2025-09-05T08:10:30.753" /><!-- duration: 5ms -->
  <step title="Creating temporary deployment" date="2025-09-05T08:10:30.766" /><!-- duration: 143ms -->
  <step title="Performing fetch based deployment" date="2025-09-05T08:10:30.974" >
    <step title="Deployment timer started" date="2025-09-05T08:10:35.130" >
      <step title="DeploymentManager.Deploy(id:57680b4e-66d0-4e0a-b740-2e7efb9e3346)" date="2025-09-05T08:10:35.225" >
        <step title="Collecting changeset information" date="2025-09-05T08:10:35.279" /><!-- duration: 142ms -->
        <step title="Updating submodules" date="2025-09-05T08:10:35.434" /><!-- duration: 1141ms -->
        <step title="Determining deployment builder" date="2025-09-05T08:10:36.836" >
          <step title="Builder is RunFromZipSiteBuilder" date="2025-09-05T08:10:36.867" /><!-- duration: 11ms -->
        </step><!-- duration: 48ms -->
        <step title="PreDeployment: context.CleanOutputPath False" date="2025-09-05T08:10:36.968" >
          <step title="PreDeployment: context.OutputPath /home/site/wwwroot" date="2025-09-05T08:10:37.088" >
            <step title="Building" date="2025-09-05T08:10:37.278" >
              <step title="Triggering recycle (preview mode disabled)." date="2025-09-05T08:10:37.894" /><!-- duration: 21ms -->
              <step title="Modified file to trigger a restart of the app container." date="2025-09-05T08:10:38.020" /><!-- duration: 10ms -->
              <step title="Skip function trigger and logicapp sync because function is not enabled." date="2025-09-05T08:10:38.062" /><!-- duration: 32ms -->
              <step title="Purge deployment items" date="2025-09-05T08:10:40.285" >
                <step title="Remove 71997178-, Success, received at 08/30/2025 05:24:13" date="2025-09-05T08:10:40.354" /><!-- duration: 5ms -->
              </step><!-- duration: 80ms -->
            </step><!-- duration: 3163ms -->
          </step><!-- duration: 3365ms -->
          <step title="Cleaning up temp files" date="2025-09-05T08:10:40.457" /><!-- duration: 7ms -->
          <step title="Cleaning up temp files" date="2025-09-05T08:10:40.481" /><!-- duration: 521ms -->
          <step title="Reloading status file with latest updates" date="2025-09-05T08:10:41.052" >
            <step title="WebHooksManager.PublishEventAsync: PostDeployment" date="2025-09-05T08:10:41.058" /><!-- duration: 58ms -->
          </step><!-- duration: 69ms -->
          <step title="Cleaning up temporary deployment - fetch deployment was successful" date="2025-09-05T08:10:41.130" /><!-- duration: 5ms -->
        </step><!-- duration: 4256ms -->
      </step><!-- duration: 6021ms -->
