<step title="Incoming Request" date="2025-09-01T11:28:22.502" instance="bf6391" url="/api/deployments/latest?deployer=OneDeploy&amp;time=2025-09-01_11-28-15Z" method="GET" type="request" pid="821,1,73" Host="emergencyassistance-sv-fbanemhrbshuf9bd.scm.japanwest-01.azurewebsites.net" User-Agent="GITHUBACTIONS_DeployWebAppToAzure_6afaea893f47a147fa5dac857d1041ffd4a8f022e29971635168cd4dcb90f2c0" Authorization="Bea..." Content-Type="application/json; charset=utf-8" Cookie="ARRAffinity=bf6391891f813fe54cfda5d2cacef026f295eea9a062d1fd7d073d9ea2164a6b;Path=/;HttpOnly;Secure;Domain=emergencyassistance-sv-fbanemhrbshuf9bd.scm.japanwest-01.azurewebsites.net; ARRAffinitySameSite=bf6391891f813fe54cfda5d2cacef026f295eea9a062d1fd7d073d9ea2164a6b;Path=/;HttpOnly;SameSite=None;Secure;Domain=emergencyassistance-sv-fbanemhrbshuf9bd.scm.japanwest-01.azurewebsites.net" Content-Length="0" X-ARR-LOG-ID="1e4c3712-5ffb-4e9a-8d98-f4f1f9371930" CLIENT-IP="145.132.99.19:14337" X-SITE-DEPLOYMENT-ID="Emergencyassistance-sv" WAS-DEFAULT-HOSTNAME="emergencyassistance-sv-fbanemhrbshuf9bd.scm.japanwest-01.azurewebsites.net" X-Forwarded-Proto="https" X-AppService-Proto="https" X-Forwarded-TlsVersion="1.3" X-WAWS-Unencoded-URL="/api/deployments/latest?deployer=OneDeploy&amp;time=2025-09-01_11-28-15Z" X-Client-IP="145.132.99.19" X-Client-Port="14337" >
  <step title="Cleanup Xml Logs" date="2025-09-01T11:28:22.511" >
    <step title="Cleanup Infos" date="2025-09-01T11:28:22.577" totalFiles="263" totalCleanup="103" /><!-- duration: 8ms -->
  </step><!-- duration: 80ms -->
  <step title="DeploymentService.GetResult" date="2025-09-01T11:28:22.602" >
    <step title="DeploymentService.GetLatestDeployment" date="2025-09-01T11:28:22.607" >
      <step title="DeploymentManager.GetResults" date="2025-09-01T11:28:22.613" /><!-- duration: 631ms -->
    </step><!-- duration: 648ms -->
  </step><!-- duration: 659ms -->
  <step title="Outgoing response" date="2025-09-01T11:28:23.270" type="response" statusCode="202" statusText="Accepted" /><!-- duration: 6ms -->
</step><!-- duration: 798ms -->
