<step title="Incoming Request" date="2025-08-28T12:31:20.174" instance="bf6391" url="/api/zipdeploy?isAsync=true" method="POST" type="request" pid="821,1,56" Accept="*/*" Host="emergencyassistance-sv-fbanemhrbshuf9bd.scm.japanwest-01.azurewebsites.net" User-Agent="AZURECLI/2.76.0 (DEB)" Accept-Encoding="gzip, deflate" Authorization="Bea..." Cache-Control="no-cache" Content-Type="application/octet-stream" Cookie="ARRAffinity=bf6391891f813fe54cfda5d2cacef026f295eea9a062d1fd7d073d9ea2164a6b; ARRAffinitySameSite=bf6391891f813fe54cfda5d2cacef026f295eea9a062d1fd7d073d9ea2164a6b" Content-Length="537716" x-ms-client-request-id="dff2f1a6-840a-11f0-ac69-000d3aa6200b" x-ms-artifact-checksum="17530601054e9e6507be41863afd525e0211bfc56dd686f20ad9764f906fdc80" X-ARR-LOG-ID="dff2f1a6-840a-11f0-ac69-000d3aa6200b" CLIENT-IP="52.173.219.146:19457" X-SITE-DEPLOYMENT-ID="Emergencyassistance-sv" WAS-DEFAULT-HOSTNAME="emergencyassistance-sv-fbanemhrbshuf9bd.scm.japanwest-01.azurewebsites.net" X-Forwarded-Proto="https" X-AppService-Proto="https" X-Forwarded-TlsVersion="1.3" X-WAWS-Unencoded-URL="/api/zipdeploy?isAsync=true" X-Client-IP="52.173.219.146" X-Client-Port="19457" >
  <step title="ZipPushDeploy" date="2025-08-28T12:31:20.189" >
    <step title="ZipDeploy. Run from package." date="2025-08-28T12:31:20.200" /><!-- duration: 5ms -->
    <step title="Starting PushDeployAsync" date="2025-08-28T12:31:20.212" /><!-- duration: 4ms -->
    <step title="WEBSITE_RUN_FROM_PACKAGE is set to 1. Writing zip to SitePackagesPath" date="2025-08-28T12:31:20.233" /><!-- duration: 8ms -->
    <step title="Copying zip to SitePackages /home/data/SitePackages/20250828123120.zip from request body" date="2025-08-28T12:31:20.248" /><!-- duration: 4ms -->
    <step title="Writing multipart request body to /home/data/SitePackages/20250828123120.zip" date="2025-08-28T12:31:20.255" /><!-- duration: 4ms -->
    <step title="Deleting outdated zip file /home/data/SitePackages/20250828081610.zip" date="2025-08-28T12:31:20.899" /><!-- duration: 7ms -->
    <step title="Start deployment in the background" date="2025-08-28T12:31:20.930" >
      <step title="Acquiring Deployment Lock" date="2025-08-28T12:31:20.971" /><!-- duration: 3ms -->
      <step title="Acquired Deployment Lock" date="2025-08-28T12:31:21.006" /><!-- duration: 4ms -->
    </step><!-- duration: 161ms -->
  </step><!-- duration: 929ms -->
  <step title="Outgoing response" date="2025-08-28T12:31:21.123" type="response" statusCode="202" statusText="Accepted" /><!-- duration: 4ms -->
</step><!-- duration: 956ms -->
