<step title="BackgroundTrace" date="2025-08-29T01:44:51.281" instance="bf6391" url="/api/zipdeploy" method="POST" >
  <step title="Creating temporary deployment - FetchDeploymentManager" date="2025-08-29T01:44:51.364" /><!-- duration: 2ms -->
  <step title="Creating temporary deployment" date="2025-08-29T01:44:51.370" /><!-- duration: 55ms -->
  <step title="Performing fetch based deployment" date="2025-08-29T01:44:51.464" >
    <step title="Deployment timer started" date="2025-08-29T01:44:54.696" >
      <step title="DeploymentManager.Deploy(id:455ea1a5-cfc2-45c4-a4cc-659ccf27f149)" date="2025-08-29T01:44:54.716" >
        <step title="Collecting changeset information" date="2025-08-29T01:44:54.796" /><!-- duration: 152ms -->
        <step title="Updating submodules" date="2025-08-29T01:44:54.966" /><!-- duration: 1239ms -->
        <step title="Determining deployment builder" date="2025-08-29T01:44:56.402" >
          <step title="Builder is RunFromZipSiteBuilder" date="2025-08-29T01:44:56.409" /><!-- duration: 3ms -->
        </step><!-- duration: 13ms -->
        <step title="PreDeployment: context.CleanOutputPath False" date="2025-08-29T01:44:56.462" >
          <step title="PreDeployment: context.OutputPath /home/site/wwwroot" date="2025-08-29T01:44:56.568" >
            <step title="Building" date="2025-08-29T01:44:56.760" >
              <step title="Triggering recycle (preview mode disabled)." date="2025-08-29T01:44:57.265" /><!-- duration: 9ms -->
              <step title="Modified file to trigger a restart of the app container." date="2025-08-29T01:44:57.301" /><!-- duration: 25ms -->
              <step title="Skip function trigger and logicapp sync because function is not enabled." date="2025-08-29T01:44:57.334" /><!-- duration: 36ms -->
              <step title="Purge deployment items" date="2025-08-29T01:44:59.347" >
                <step title="Remove 10d1002f-, Success, received at 08/28/2025 08:16:15" date="2025-08-29T01:44:59.403" /><!-- duration: 4ms -->
              </step><!-- duration: 64ms -->
            </step><!-- duration: 2741ms -->
          </step><!-- duration: 2938ms -->
          <step title="Cleaning up temp files" date="2025-08-29T01:44:59.509" /><!-- duration: 4ms -->
          <step title="Cleaning up temp files" date="2025-08-29T01:44:59.525" /><!-- duration: 514ms -->
          <step title="Reloading status file with latest updates" date="2025-08-29T01:45:00.080" >
            <step title="WebHooksManager.PublishEventAsync: PostDeployment" date="2025-08-29T01:45:00.085" /><!-- duration: 104ms -->
          </step><!-- duration: 111ms -->
          <step title="Cleaning up temporary deployment - fetch deployment was successful" date="2025-08-29T01:45:00.197" /><!-- duration: 3ms -->
        </step><!-- duration: 3816ms -->
      </step><!-- duration: 5577ms -->
