<step title="Incoming Request" date="2025-08-30T08:05:11.975" instance="bf6391" url="/api/publish?async=true&amp;deployer=GITHUB_ONE_DEPLOY&amp;type=zip&amp;message=%7B%22type%22%3A%22deployment%22%2C%22sha%22%3A%224d9e48dfcfab92669d94800b7066dc1bc915509a%22%2C%22repoName%22%3A%22Satoshi-Niina%2FEmergency-Assistance%22%2C%22actor%22%3A%22Satoshi-Niina%22%2C%22slotName%22%3A%22production%22%2C%22commitMessage%22%3A%22fix%3A%20smoke%20test%E3%81%A7API_BASE%E3%82%92Secrets%E5%8F%82%E7%85%A7%E3%82%AC%E3%83%BC%E3%83%89curl%E7%B5%B1%E4%B8%80%22%7D" method="POST" type="request" pid="821,1,71" Host="emergencyassistance-sv-fbanemhrbshuf9bd.scm.japanwest-01.azurewebsites.net" User-Agent="GITHUBACTIONS_DeployWebAppToAzure_6afaea893f47a147fa5dac857d1041ffd4a8f022e29971635168cd4dcb90f2c0" Authorization="Bea..." Content-Type="application/octet-stream" Cookie="ARRAffinity=bf6391891f813fe54cfda5d2cacef026f295eea9a062d1fd7d073d9ea2164a6b;Path=/;HttpOnly;Secure;Domain=emergencyassistance-sv-fbanemhrbshuf9bd.scm.japanwest-01.azurewebsites.net; ARRAffinitySameSite=bf6391891f813fe54cfda5d2cacef026f295eea9a062d1fd7d073d9ea2164a6b;Path=/;HttpOnly;SameSite=None;Secure;Domain=emergencyassistance-sv-fbanemhrbshuf9bd.scm.japanwest-01.azurewebsites.net" Transfer-Encoding="chunked" X-ARR-LOG-ID="0063e118-63c0-4220-be3c-79dd5c9f1e5a" CLIENT-IP="172.184.211.113:61440" X-SITE-DEPLOYMENT-ID="Emergencyassistance-sv" WAS-DEFAULT-HOSTNAME="emergencyassistance-sv-fbanemhrbshuf9bd.scm.japanwest-01.azurewebsites.net" X-Forwarded-Proto="https" X-AppService-Proto="https" X-Forwarded-TlsVersion="1.3" X-WAWS-Unencoded-URL="/api/publish?async=true&amp;deployer=GITHUB_ONE_DEPLOY&amp;type=zip&amp;message=%7B%22type%22%3A%22deployment%22%2C%22sha%22%3A%224d9e48dfcfab92669d94800b7066dc1bc915509a%22%2C%22repoName%22%3A%22Satoshi-Niina%2FEmergency-Assistance%22%2C%22actor%22%3A%22Satoshi-Niina%22%2C%22slotName%22%3A%22production%22%2C%22commitMessage%22%3A%22fix%3A%20smoke%20test%E3%81%A7API_BASE%E3%82%92Secrets%E5%8F%82%E7%85%A7%E3%82%AC%E3%83%BC%E3%83%89curl%E7%B5%B1%E4%B8%80%22%7D" X-Client-IP="172.184.211.113" X-Client-Port="61440" >
  <step title="OneDeploy" date="2025-08-30T08:05:11.990" >
    <step title="Starting PushDeployAsync" date="2025-08-30T08:05:12.000" /><!-- duration: 10ms -->
    <step title="WEBSITE_RUN_FROM_PACKAGE is set to 1. Writing zip to SitePackagesPath" date="2025-08-30T08:05:12.016" /><!-- duration: 11ms -->
    <step title="Copying zip to SitePackages /home/data/SitePackages/20250830080511.zip from request body" date="2025-08-30T08:05:12.036" /><!-- duration: 13ms -->
    <step title="Writing multipart request body to /home/data/SitePackages/20250830080511.zip" date="2025-08-30T08:05:12.055" /><!-- duration: 20ms -->
    <step title="Deleting outdated zip file /home/data/SitePackages/20250830050205.zip" date="2025-08-30T08:05:12.302" /><!-- duration: 14ms -->
    <step title="Start deployment in the background" date="2025-08-30T08:05:12.328" >
      <step title="Acquiring Deployment Lock" date="2025-08-30T08:05:12.342" /><!-- duration: 7ms -->
      <step title="Acquired Deployment Lock" date="2025-08-30T08:05:12.393" /><!-- duration: 5ms -->
    </step><!-- duration: 157ms -->
  </step><!-- duration: 501ms -->
  <step title="Outgoing response" date="2025-08-30T08:05:12.496" type="response" statusCode="202" statusText="Accepted" /><!-- duration: 5ms -->
</step><!-- duration: 530ms -->
