<step title="Incoming Request" date="2025-09-05T11:19:08.525" instance="0d31d1" url="/api/deployments/latest?deployer=GITHUB_ZIP_DEPLOY&amp;time=2025-09-05_11-19-02Z" method="GET" type="request" pid="821,1,68" Host="emergencyassistance-sv-fbanemhrbshuf9bd.scm.japanwest-01.azurewebsites.net" User-Agent="GITHUBACTIONS_DeployWebAppToAzure_6afaea893f47a147fa5dac857d1041ffd4a8f022e29971635168cd4dcb90f2c0" Authorization="Bas..." Content-Type="application/json; charset=utf-8" Cookie="ARRAffinity=0d31d1e3b555b28bd1e1102783713510cb4a14cdd5a5d2b6e8d65e88240d42a3;Path=/;HttpOnly;Secure;Domain=emergencyassistance-sv-fbanemhrbshuf9bd.scm.japanwest-01.azurewebsites.net; ARRAffinitySameSite=0d31d1e3b555b28bd1e1102783713510cb4a14cdd5a5d2b6e8d65e88240d42a3;Path=/;HttpOnly;SameSite=None;Secure;Domain=emergencyassistance-sv-fbanemhrbshuf9bd.scm.japanwest-01.azurewebsites.net" Content-Length="0" X-ARR-LOG-ID="d6531db4-5714-4530-aad1-92859c44d6ca" CLIENT-IP="13.83.216.99:32769" X-SITE-DEPLOYMENT-ID="Emergencyassistance-sv" WAS-DEFAULT-HOSTNAME="emergencyassistance-sv-fbanemhrbshuf9bd.scm.japanwest-01.azurewebsites.net" X-Forwarded-Proto="https" X-AppService-Proto="https" X-Forwarded-TlsVersion="1.3" X-WAWS-Unencoded-URL="/api/deployments/latest?deployer=GITHUB_ZIP_DEPLOY&amp;time=2025-09-05_11-19-02Z" X-Client-IP="13.83.216.99" X-Client-Port="32769" >
  <step title="Cleanup Xml Logs" date="2025-09-05T11:19:08.533" >
    <step title="Cleanup Infos" date="2025-09-05T11:19:08.576" totalFiles="332" totalCleanup="172" /><!-- duration: 22ms -->
  </step><!-- duration: 76ms -->
  <step title="DeploymentService.GetResult" date="2025-09-05T11:19:08.642" >
    <step title="DeploymentService.GetLatestDeployment" date="2025-09-05T11:19:08.647" >
      <step title="DeploymentManager.GetResults" date="2025-09-05T11:19:08.657" /><!-- duration: 944ms -->
    </step><!-- duration: 962ms -->
  </step><!-- duration: 972ms -->
  <step title="Outgoing response" date="2025-09-05T11:19:09.620" type="response" statusCode="202" statusText="Accepted" /><!-- duration: 6ms -->
</step><!-- duration: 1106ms -->
