<step title="Incoming Request" date="2025-08-29T09:02:23.433" instance="bf6391" url="/api/publish?async=true&amp;deployer=GITHUB_ONE_DEPLOY&amp;type=zip&amp;message=%7B%22type%22%3A%22deployment%22%2C%22sha%22%3A%220da7dca9636c76d826a71977c7acc1110861ffd3%22%2C%22repoName%22%3A%22Satoshi-Niina%2FEmergency-Assistance%22%2C%22actor%22%3A%22Satoshi-Niina%22%2C%22slotName%22%3A%22production%22%2C%22commitMessage%22%3A%22fix%3A%20API_BASE_URL%E5%88%A4%E5%AE%9A%E3%81%A8Vite%E5%9E%8B%E5%AE%9A%E7%BE%A9%E8%BF%BD%E5%8A%A0%E3%81%A7%E6%9C%AC%E7%95%AAAPI%E7%92%B0%E5%A2%83%E5%A4%89%E6%95%B0%E3%82%92%E5%8E%B3%E6%A0%BC%E5%8C%96%22%7D" method="POST" type="request" pid="821,1,25" Host="emergencyassistance-sv-fbanemhrbshuf9bd.scm.japanwest-01.azurewebsites.net" User-Agent="GITHUBACTIONS_DeployWebAppToAzure_6afaea893f47a147fa5dac857d1041ffd4a8f022e29971635168cd4dcb90f2c0" Authorization="Bea..." Content-Type="application/octet-stream" Cookie="ARRAffinity=bf6391891f813fe54cfda5d2cacef026f295eea9a062d1fd7d073d9ea2164a6b;Path=/;HttpOnly;Secure;Domain=emergencyassistance-sv-fbanemhrbshuf9bd.scm.japanwest-01.azurewebsites.net; ARRAffinitySameSite=bf6391891f813fe54cfda5d2cacef026f295eea9a062d1fd7d073d9ea2164a6b;Path=/;HttpOnly;SameSite=None;Secure;Domain=emergencyassistance-sv-fbanemhrbshuf9bd.scm.japanwest-01.azurewebsites.net" Transfer-Encoding="chunked" X-ARR-LOG-ID="3255ceeb-d52e-4937-8a0c-7914fd68ba66" CLIENT-IP="132.196.32.50:23568" X-SITE-DEPLOYMENT-ID="Emergencyassistance-sv" WAS-DEFAULT-HOSTNAME="emergencyassistance-sv-fbanemhrbshuf9bd.scm.japanwest-01.azurewebsites.net" X-Forwarded-Proto="https" X-AppService-Proto="https" X-Forwarded-TlsVersion="1.3" X-WAWS-Unencoded-URL="/api/publish?async=true&amp;deployer=GITHUB_ONE_DEPLOY&amp;type=zip&amp;message=%7B%22type%22%3A%22deployment%22%2C%22sha%22%3A%220da7dca9636c76d826a71977c7acc1110861ffd3%22%2C%22repoName%22%3A%22Satoshi-Niina%2FEmergency-Assistance%22%2C%22actor%22%3A%22Satoshi-Niina%22%2C%22slotName%22%3A%22production%22%2C%22commitMessage%22%3A%22fix%3A%20API_BASE_URL%E5%88%A4%E5%AE%9A%E3%81%A8Vite%E5%9E%8B%E5%AE%9A%E7%BE%A9%E8%BF%BD%E5%8A%A0%E3%81%A7%E6%9C%AC%E7%95%AAAPI%E7%92%B0%E5%A2%83%E5%A4%89%E6%95%B0%E3%82%92%E5%8E%B3%E6%A0%BC%E5%8C%96%22%7D" X-Client-IP="132.196.32.50" X-Client-Port="23568" >
  <step title="OneDeploy" date="2025-08-29T09:02:23.535" >
    <step title="None repository commit" date="2025-08-29T09:02:23.550" >
      <step title="Commit id: 9b1183b7-7ae1-4908-970d-9d2a2c1f112d" date="2025-08-29T09:02:23.555" Message="N/A" AuthorName="N/A" AuthorEmail="N/A" /><!-- duration: 3ms -->
    </step><!-- duration: 11ms -->
    <step title="Starting PushDeployAsync" date="2025-08-29T09:02:23.565" /><!-- duration: 3ms -->
    <step title="WEBSITE_RUN_FROM_PACKAGE is set to 1. Writing zip to SitePackagesPath" date="2025-08-29T09:02:23.583" /><!-- duration: 10ms -->
    <step title="Copying zip to SitePackages /home/data/SitePackages/20250829090223.zip from request body" date="2025-08-29T09:02:23.600" /><!-- duration: 3ms -->
    <step title="Writing multipart request body to /home/data/SitePackages/20250829090223.zip" date="2025-08-29T09:02:23.607" /><!-- duration: 7ms -->
    <step title="Deleting outdated zip file /home/data/SitePackages/20250829024124.zip" date="2025-08-29T09:02:23.844" /><!-- duration: 13ms -->
    <step title="Start deployment in the background" date="2025-08-29T09:02:23.872" >
      <step title="Acquiring Deployment Lock" date="2025-08-29T09:02:23.913" /><!-- duration: 4ms -->
      <step title="Acquired Deployment Lock" date="2025-08-29T09:02:23.953" /><!-- duration: 3ms -->
    </step><!-- duration: 192ms -->
  </step><!-- duration: 534ms -->
  <step title="Outgoing response" date="2025-08-29T09:02:24.076" type="response" statusCode="202" statusText="Accepted" /><!-- duration: 7ms -->
</step><!-- duration: 653ms -->
