<step title="Incoming Request" date="2025-09-05T12:21:25.830" instance="0d31d1" url="/api/zipdeploy?isAsync=true&amp;deployer=GITHUB_ZIP_DEPLOY&amp;message=%7B%22type%22%3A%22deployment%22%2C%22sha%22%3A%225ce4bddc93f45df746b694672c5b38529cb31b7f%22%2C%22repoName%22%3A%22Satoshi-Niina%2FEmergency-Assistance%22%2C%22actor%22%3A%22Satoshi-Niina%22%2C%22slotName%22%3A%22Production%22%2C%22commitMessage%22%3A%22Emergency%20fix%3A%20Simple%20HTTP%20server%20for%20immediate%20Azure%20App%20Service%20availability%22%7D" method="POST" type="request" pid="823,1,3" Host="emergencyassistance-sv-fbanemhrbshuf9bd.scm.japanwest-01.azurewebsites.net" User-Agent="GITHUBACTIONS_DeployWebAppToAzure_6afaea893f47a147fa5dac857d1041ffd4a8f022e29971635168cd4dcb90f2c0" Authorization="Bas..." Content-Type="application/octet-stream" Cookie="ARRAffinity=0d31d1e3b555b28bd1e1102783713510cb4a14cdd5a5d2b6e8d65e88240d42a3;Path=/;HttpOnly;Secure;Domain=emergencyassistance-sv-fbanemhrbshuf9bd.scm.japanwest-01.azurewebsites.net; ARRAffinitySameSite=0d31d1e3b555b28bd1e1102783713510cb4a14cdd5a5d2b6e8d65e88240d42a3;Path=/;HttpOnly;SameSite=None;Secure;Domain=emergencyassistance-sv-fbanemhrbshuf9bd.scm.japanwest-01.azurewebsites.net" Transfer-Encoding="chunked" X-ARR-LOG-ID="4a1f66b8-1654-4f69-a014-bd8a5d8345a7" CLIENT-IP="20.171.55.51:51224" X-SITE-DEPLOYMENT-ID="Emergencyassistance-sv" WAS-DEFAULT-HOSTNAME="emergencyassistance-sv-fbanemhrbshuf9bd.scm.japanwest-01.azurewebsites.net" X-Forwarded-Proto="https" X-AppService-Proto="https" X-Forwarded-TlsVersion="1.3" X-WAWS-Unencoded-URL="/api/zipdeploy?isAsync=true&amp;deployer=GITHUB_ZIP_DEPLOY&amp;message=%7B%22type%22%3A%22deployment%22%2C%22sha%22%3A%225ce4bddc93f45df746b694672c5b38529cb31b7f%22%2C%22repoName%22%3A%22Satoshi-Niina%2FEmergency-Assistance%22%2C%22actor%22%3A%22Satoshi-Niina%22%2C%22slotName%22%3A%22Production%22%2C%22commitMessage%22%3A%22Emergency%20fix%3A%20Simple%20HTTP%20server%20for%20immediate%20Azure%20App%20Service%20availability%22%7D" X-Client-IP="20.171.55.51" X-Client-Port="51224" >
  <step title="Cleanup Xml Logs" date="2025-09-05T12:21:25.851" >
    <step title="Cleanup Infos" date="2025-09-05T12:21:25.920" totalFiles="379" totalCleanup="219" /><!-- duration: 48ms -->
  </step><!-- duration: 128ms -->
  <step title="ZipPushDeploy" date="2025-09-05T12:21:26.049" >
    <step title="ZipDeploy. Run from package." date="2025-09-05T12:21:26.078" /><!-- duration: 11ms -->
    <step title="Starting PushDeployAsync" date="2025-09-05T12:21:26.137" /><!-- duration: 21ms -->
    <step title="WEBSITE_RUN_FROM_PACKAGE is set to 1. Writing zip to SitePackagesPath" date="2025-09-05T12:21:26.206" /><!-- duration: 20ms -->
    <step title="Copying zip to SitePackages /home/data/SitePackages/20250905122126.zip from request body" date="2025-09-05T12:21:26.266" /><!-- duration: 13ms -->
    <step title="Writing multipart request body to /home/data/SitePackages/20250905122126.zip" date="2025-09-05T12:21:26.296" /><!-- duration: 22ms -->
    <step title="Deleting outdated zip file /home/data/SitePackages/20250905114208.zip" date="2025-09-05T12:21:29.939" /><!-- duration: 14ms -->
    <step title="Start deployment in the background" date="2025-09-05T12:21:29.969" >
      <step title="Acquiring Deployment Lock" date="2025-09-05T12:21:30.025" /><!-- duration: 6ms -->
      <step title="Acquired Deployment Lock" date="2025-09-05T12:21:30.116" /><!-- duration: 8ms -->
    </step><!-- duration: 274ms -->
  </step><!-- duration: 4199ms -->
  <step title="Outgoing response" date="2025-09-05T12:21:30.260" type="response" statusCode="202" statusText="Accepted" /><!-- duration: 10ms -->
</step><!-- duration: 4444ms -->
