<step title="Incoming Request" date="2025-08-30T04:25:00.714" instance="bf6391" url="/api/publish?async=true&amp;deployer=GITHUB_ONE_DEPLOY&amp;type=zip&amp;message=%7B%22type%22%3A%22deployment%22%2C%22sha%22%3A%22f71ed327d04e1080c185c0ce913dd7c522e81f10%22%2C%22repoName%22%3A%22Satoshi-Niina%2FEmergency-Assistance%22%2C%22actor%22%3A%22Satoshi-Niina%22%2C%22slotName%22%3A%22production%22%2C%22commitMessage%22%3A%22fix%3A%20AbortController%E3%81%AE%E6%89%B1%E3%81%84%E3%81%A8%E8%AA%8D%E8%A8%BC%E7%A2%BA%E8%AA%8D%E3%81%AE%E5%89%AF%E4%BD%9C%E7%94%A8%E3%82%92%E4%BF%AE%E6%AD%A3%20(finally%E3%81%A7abort%E3%81%9B%E3%81%9Acleanup%E3%81%AE%E3%81%BF%E3%80%81mounted%E3%83%95%E3%83%A9%E3%82%B0%E8%BF%BD%E5%8A%A0)%22%7D" method="POST" type="request" pid="821,1,51" Host="emergencyassistance-sv-fbanemhrbshuf9bd.scm.japanwest-01.azurewebsites.net" User-Agent="GITHUBACTIONS_DeployWebAppToAzure_6afaea893f47a147fa5dac857d1041ffd4a8f022e29971635168cd4dcb90f2c0" Authorization="Bea..." Content-Type="application/octet-stream" Cookie="ARRAffinity=bf6391891f813fe54cfda5d2cacef026f295eea9a062d1fd7d073d9ea2164a6b;Path=/;HttpOnly;Secure;Domain=emergencyassistance-sv-fbanemhrbshuf9bd.scm.japanwest-01.azurewebsites.net; ARRAffinitySameSite=bf6391891f813fe54cfda5d2cacef026f295eea9a062d1fd7d073d9ea2164a6b;Path=/;HttpOnly;SameSite=None;Secure;Domain=emergencyassistance-sv-fbanemhrbshuf9bd.scm.japanwest-01.azurewebsites.net" Transfer-Encoding="chunked" X-ARR-LOG-ID="24001096-daef-4f67-99f4-90d39443197d" CLIENT-IP="172.208.125.195:24600" X-SITE-DEPLOYMENT-ID="Emergencyassistance-sv" WAS-DEFAULT-HOSTNAME="emergencyassistance-sv-fbanemhrbshuf9bd.scm.japanwest-01.azurewebsites.net" X-Forwarded-Proto="https" X-AppService-Proto="https" X-Forwarded-TlsVersion="1.3" X-WAWS-Unencoded-URL="/api/publish?async=true&amp;deployer=GITHUB_ONE_DEPLOY&amp;type=zip&amp;message=%7B%22type%22%3A%22deployment%22%2C%22sha%22%3A%22f71ed327d04e1080c185c0ce913dd7c522e81f10%22%2C%22repoName%22%3A%22Satoshi-Niina%2FEmergency-Assistance%22%2C%22actor%22%3A%22Satoshi-Niina%22%2C%22slotName%22%3A%22production%22%2C%22commitMessage%22%3A%22fix%3A%20AbortController%E3%81%AE%E6%89%B1%E3%81%84%E3%81%A8%E8%AA%8D%E8%A8%BC%E7%A2%BA%E8%AA%8D%E3%81%AE%E5%89%AF%E4%BD%9C%E7%94%A8%E3%82%92%E4%BF%AE%E6%AD%A3%20(finally%E3%81%A7abort%E3%81%9B%E3%81%9Acleanup%E3%81%AE%E3%81%BF%E3%80%81mounted%E3%83%95%E3%83%A9%E3%82%B0%E8%BF%BD%E5%8A%A0)%22%7D" X-Client-IP="172.208.125.195" X-Client-Port="24600" >
  <step title="OneDeploy" date="2025-08-30T04:25:00.880" >
    <step title="None repository commit" date="2025-08-30T04:25:00.898" >
      <step title="Commit id: 2792120f-88ef-474a-9e0a-b9c3c0921567" date="2025-08-30T04:25:00.905" Message="N/A" AuthorName="N/A" AuthorEmail="N/A" /><!-- duration: 5ms -->
    </step><!-- duration: 16ms -->
    <step title="Starting PushDeployAsync" date="2025-08-30T04:25:00.921" /><!-- duration: 5ms -->
    <step title="WEBSITE_RUN_FROM_PACKAGE is set to 1. Writing zip to SitePackagesPath" date="2025-08-30T04:25:00.947" /><!-- duration: 18ms -->
    <step title="Copying zip to SitePackages /home/data/SitePackages/20250830042500.zip from request body" date="2025-08-30T04:25:00.973" /><!-- duration: 18ms -->
    <step title="Writing multipart request body to /home/data/SitePackages/20250830042500.zip" date="2025-08-30T04:25:00.996" /><!-- duration: 17ms -->
    <step title="Deleting outdated zip file /home/data/SitePackages/20250829110902.zip" date="2025-08-30T04:25:01.743" /><!-- duration: 60ms -->
    <step title="Start deployment in the background" date="2025-08-30T04:25:01.874" >
      <step title="Acquiring Deployment Lock" date="2025-08-30T04:25:02.014" /><!-- duration: 11ms -->
      <step title="Acquired Deployment Lock" date="2025-08-30T04:25:02.206" /><!-- duration: 5ms -->
    </step><!-- duration: 487ms -->
  </step><!-- duration: 1493ms -->
  <step title="Outgoing response" date="2025-08-30T04:25:02.387" type="response" statusCode="202" statusText="Accepted" /><!-- duration: 5ms -->
</step><!-- duration: 1683ms -->
