<step title="BackgroundTrace" date="2025-08-30T08:24:46.144" instance="bf6391" url="/api/publish" method="POST" >
  <step title="Cleanup Xml Logs" date="2025-08-30T08:24:46.156" >
    <step title="Cleanup Infos" date="2025-08-30T08:24:46.169" totalFiles="249" totalCleanup="89" /><!-- duration: 8ms -->
  </step><!-- duration: 25ms -->
  <step title="Creating temporary deployment - FetchDeploymentManager" date="2025-08-30T08:24:46.254" /><!-- duration: 5ms -->
  <step title="Creating temporary deployment" date="2025-08-30T08:24:46.265" /><!-- duration: 113ms -->
  <step title="Performing fetch based deployment" date="2025-08-30T08:24:46.445" >
    <step title="Deployment timer started" date="2025-08-30T08:24:49.969" >
      <step title="DeploymentManager.Deploy(id:effcc8e3-8b40-414f-8669-454646f31cd6)" date="2025-08-30T08:24:49.979" >
        <step title="Collecting changeset information" date="2025-08-30T08:24:50.037" /><!-- duration: 192ms -->
        <step title="Updating submodules" date="2025-08-30T08:24:50.239" /><!-- duration: 1122ms -->
        <step title="Determining deployment builder" date="2025-08-30T08:24:51.830" >
          <step title="Builder is RunFromZipSiteBuilder" date="2025-08-30T08:24:51.850" /><!-- duration: 11ms -->
        </step><!-- duration: 36ms -->
        <step title="PreDeployment: context.CleanOutputPath False" date="2025-08-30T08:24:51.952" >
          <step title="PreDeployment: context.OutputPath /home/site/wwwroot" date="2025-08-30T08:24:52.080" >
            <step title="Building" date="2025-08-30T08:24:52.234" >
              <step title="Modified file to trigger a restart of the app container." date="2025-08-30T08:24:52.716" /><!-- duration: 8ms -->
              <step title="Skip function trigger and logicapp sync because function is not enabled." date="2025-08-30T08:24:52.750" /><!-- duration: 13ms -->
              <step title="Purge deployment items" date="2025-08-30T08:24:55.000" >
                <step title="Remove c1aabe2e-, Success, received at 08/29/2025 11:54:25" date="2025-08-30T08:24:55.062" /><!-- duration: 7ms -->
              </step><!-- duration: 76ms -->
            </step><!-- duration: 2934ms -->
          </step><!-- duration: 3096ms -->
          <step title="Cleaning up temp files" date="2025-08-30T08:24:55.181" /><!-- duration: 15ms -->
          <step title="Cleaning up temp files" date="2025-08-30T08:24:55.211" /><!-- duration: 517ms -->
          <step title="Reloading status file with latest updates" date="2025-08-30T08:24:55.776" >
            <step title="WebHooksManager.PublishEventAsync: PostDeployment" date="2025-08-30T08:24:55.786" /><!-- duration: 85ms -->
          </step><!-- duration: 99ms -->
          <step title="Cleaning up temporary deployment - fetch deployment was successful" date="2025-08-30T08:24:55.884" /><!-- duration: 5ms -->
        </step><!-- duration: 4066ms -->
      </step><!-- duration: 6064ms -->
