<step title="Incoming Request" date="2025-08-29T08:48:10.650" instance="bf6391" url="/api/publish?async=true&amp;deployer=GITHUB_ONE_DEPLOY&amp;type=zip&amp;message=%7B%22type%22%3A%22deployment%22%2C%22sha%22%3A%2232783309dca92bd6966a1c686860198b5414ccb9%22%2C%22repoName%22%3A%22Satoshi-Niina%2FEmergency-Assistance%22%2C%22actor%22%3A%22Satoshi-Niina%22%2C%22slotName%22%3A%22production%22%2C%22commitMessage%22%3A%22fix%3A%20%E3%83%87%E3%83%97%E3%83%AD%E3%82%A4%E3%83%91%E3%82%B9%E3%82%92%20.%2Fserver%2Fdist%2Fserver%20%E3%81%AB%E7%B5%B1%E4%B8%80%22%7D" method="POST" type="request" pid="821,1,19" Host="emergencyassistance-sv-fbanemhrbshuf9bd.scm.japanwest-01.azurewebsites.net" User-Agent="GITHUBACTIONS_DeployWebAppToAzure_6afaea893f47a147fa5dac857d1041ffd4a8f022e29971635168cd4dcb90f2c0" Authorization="Bea..." Content-Type="application/octet-stream" Cookie="ARRAffinity=bf6391891f813fe54cfda5d2cacef026f295eea9a062d1fd7d073d9ea2164a6b;Path=/;HttpOnly;Secure;Domain=emergencyassistance-sv-fbanemhrbshuf9bd.scm.japanwest-01.azurewebsites.net; ARRAffinitySameSite=bf6391891f813fe54cfda5d2cacef026f295eea9a062d1fd7d073d9ea2164a6b;Path=/;HttpOnly;SameSite=None;Secure;Domain=emergencyassistance-sv-fbanemhrbshuf9bd.scm.japanwest-01.azurewebsites.net" Transfer-Encoding="chunked" X-ARR-LOG-ID="ccc5db5a-7991-4b2c-9a89-eb617f2b01e5" CLIENT-IP="172.208.127.33:32768" X-SITE-DEPLOYMENT-ID="Emergencyassistance-sv" WAS-DEFAULT-HOSTNAME="emergencyassistance-sv-fbanemhrbshuf9bd.scm.japanwest-01.azurewebsites.net" X-Forwarded-Proto="https" X-AppService-Proto="https" X-Forwarded-TlsVersion="1.3" X-WAWS-Unencoded-URL="/api/publish?async=true&amp;deployer=GITHUB_ONE_DEPLOY&amp;type=zip&amp;message=%7B%22type%22%3A%22deployment%22%2C%22sha%22%3A%2232783309dca92bd6966a1c686860198b5414ccb9%22%2C%22repoName%22%3A%22Satoshi-Niina%2FEmergency-Assistance%22%2C%22actor%22%3A%22Satoshi-Niina%22%2C%22slotName%22%3A%22production%22%2C%22commitMessage%22%3A%22fix%3A%20%E3%83%87%E3%83%97%E3%83%AD%E3%82%A4%E3%83%91%E3%82%B9%E3%82%92%20.%2Fserver%2Fdist%2Fserver%20%E3%81%AB%E7%B5%B1%E4%B8%80%22%7D" X-Client-IP="172.208.127.33" X-Client-Port="32768" >
  <step title="OneDeploy" date="2025-08-29T08:48:10.752" >
    <step title="None repository commit" date="2025-08-29T08:48:10.773" >
      <step title="Commit id: 544b4791-7757-4075-a132-b2ccfe7ddc7d" date="2025-08-29T08:48:10.777" Message="N/A" AuthorName="N/A" AuthorEmail="N/A" /><!-- duration: 3ms -->
    </step><!-- duration: 10ms -->
    <step title="Starting PushDeployAsync" date="2025-08-29T08:48:10.800" /><!-- duration: 3ms -->
    <step title="WEBSITE_RUN_FROM_PACKAGE is set to 1. Writing zip to SitePackagesPath" date="2025-08-29T08:48:10.821" /><!-- duration: 9ms -->
    <step title="Copying zip to SitePackages /home/data/SitePackages/20250829084810.zip from request body" date="2025-08-29T08:48:10.841" /><!-- duration: 7ms -->
    <step title="Writing multipart request body to /home/data/SitePackages/20250829084810.zip" date="2025-08-29T08:48:10.945" /><!-- duration: 4ms -->
    <step title="Deleting outdated zip file /home/data/SitePackages/20250829021613.zip" date="2025-08-29T08:48:11.287" /><!-- duration: 15ms -->
    <step title="Start deployment in the background" date="2025-08-29T08:48:11.318" >
      <step title="Acquiring Deployment Lock" date="2025-08-29T08:48:11.376" /><!-- duration: 15ms -->
      <step title="Acquired Deployment Lock" date="2025-08-29T08:48:11.429" /><!-- duration: 3ms -->
    </step><!-- duration: 211ms -->
  </step><!-- duration: 787ms -->
  <step title="Outgoing response" date="2025-08-29T08:48:11.547" type="response" statusCode="202" statusText="Accepted" /><!-- duration: 3ms -->
</step><!-- duration: 904ms -->
