<step title="BackgroundTrace" date="2025-09-06T01:27:23.907" instance="0d31d1" url="/api/zipdeploy" method="POST" >
  <step title="Cleanup Xml Logs" date="2025-09-06T01:27:23.933" >
    <step title="Cleanup Infos" date="2025-09-06T01:27:23.974" totalFiles="399" totalCleanup="239" /><!-- duration: 12ms -->
  </step><!-- duration: 58ms -->
  <step title="Creating temporary deployment - FetchDeploymentManager" date="2025-09-06T01:27:24.053" /><!-- duration: 4ms -->
  <step title="Creating temporary deployment" date="2025-09-06T01:27:24.063" /><!-- duration: 119ms -->
  <step title="Performing fetch based deployment" date="2025-09-06T01:27:24.229" >
    <step title="Deployment timer started" date="2025-09-06T01:27:30.527" >
      <step title="DeploymentManager.Deploy(id:b7f12c26-5042-4106-9450-3468d8de1695)" date="2025-09-06T01:27:30.540" >
        <step title="Collecting changeset information" date="2025-09-06T01:27:30.594" /><!-- duration: 129ms -->
        <step title="Updating submodules" date="2025-09-06T01:27:30.734" /><!-- duration: 1169ms -->
        <step title="Determining deployment builder" date="2025-09-06T01:27:32.481" >
          <step title="Builder is RunFromZipSiteBuilder" date="2025-09-06T01:27:32.506" /><!-- duration: 6ms -->
        </step><!-- duration: 38ms -->
        <step title="PreDeployment: context.CleanOutputPath False" date="2025-09-06T01:27:32.584" >
          <step title="PreDeployment: context.OutputPath /home/site/wwwroot" date="2025-09-06T01:27:32.722" >
            <step title="Building" date="2025-09-06T01:27:32.964" >
              <step title="Triggering recycle (preview mode disabled)." date="2025-09-06T01:27:33.418" /><!-- duration: 8ms -->
              <step title="Modified file to trigger a restart of the app container." date="2025-09-06T01:27:33.477" /><!-- duration: 5ms -->
              <step title="Skip function trigger and logicapp sync because function is not enabled." date="2025-09-06T01:27:33.494" /><!-- duration: 22ms -->
              <step title="Purge deployment items" date="2025-09-06T01:27:34.970" >
                <step title="Remove fe3560c8-, Success, received at 09/05/2025 11:03:13" date="2025-09-06T01:27:35.110" /><!-- duration: 22ms -->
              </step><!-- duration: 191ms -->
            </step><!-- duration: 2333ms -->
          </step><!-- duration: 2601ms -->
          <step title="Cleaning up temp files" date="2025-09-06T01:27:35.327" /><!-- duration: 6ms -->
          <step title="Cleaning up temp files" date="2025-09-06T01:27:35.339" /><!-- duration: 529ms -->
          <step title="Reloading status file with latest updates" date="2025-09-06T01:27:35.900" >
            <step title="WebHooksManager.PublishEventAsync: PostDeployment" date="2025-09-06T01:27:35.907" /><!-- duration: 49ms -->
          </step><!-- duration: 60ms -->
          <step title="Cleaning up temporary deployment - fetch deployment was successful" date="2025-09-06T01:27:35.969" /><!-- duration: 5ms -->
        </step><!-- duration: 3457ms -->
      </step><!-- duration: 5528ms -->
