<step title="Incoming Request" date="2025-08-30T05:02:05.877" instance="bf6391" url="/api/publish?async=true&amp;deployer=GITHUB_ONE_DEPLOY&amp;type=zip&amp;message=%7B%22type%22%3A%22deployment%22%2C%22sha%22%3A%22ba86b6bdb81501589a8037e48fa6d60ddb099134%22%2C%22repoName%22%3A%22Satoshi-Niina%2FEmergency-Assistance%22%2C%22actor%22%3A%22Satoshi-Niina%22%2C%22slotName%22%3A%22production%22%2C%22commitMessage%22%3A%22ci%3A%20force%20bash%20shell%20and%20harden%20build%20output%20check%20for%20backend%20deploy%22%7D" method="POST" type="request" pid="821,1,37" Host="emergencyassistance-sv-fbanemhrbshuf9bd.scm.japanwest-01.azurewebsites.net" User-Agent="GITHUBACTIONS_DeployWebAppToAzure_6afaea893f47a147fa5dac857d1041ffd4a8f022e29971635168cd4dcb90f2c0" Authorization="Bea..." Content-Type="application/octet-stream" Cookie="ARRAffinity=bf6391891f813fe54cfda5d2cacef026f295eea9a062d1fd7d073d9ea2164a6b;Path=/;HttpOnly;Secure;Domain=emergencyassistance-sv-fbanemhrbshuf9bd.scm.japanwest-01.azurewebsites.net; ARRAffinitySameSite=bf6391891f813fe54cfda5d2cacef026f295eea9a062d1fd7d073d9ea2164a6b;Path=/;HttpOnly;SameSite=None;Secure;Domain=emergencyassistance-sv-fbanemhrbshuf9bd.scm.japanwest-01.azurewebsites.net" Transfer-Encoding="chunked" X-ARR-LOG-ID="f3cfdc12-d8dd-4991-ac57-3e2ee7a5710b" CLIENT-IP="64.236.153.81:63488" X-SITE-DEPLOYMENT-ID="Emergencyassistance-sv" WAS-DEFAULT-HOSTNAME="emergencyassistance-sv-fbanemhrbshuf9bd.scm.japanwest-01.azurewebsites.net" X-Forwarded-Proto="https" X-AppService-Proto="https" X-Forwarded-TlsVersion="1.3" X-WAWS-Unencoded-URL="/api/publish?async=true&amp;deployer=GITHUB_ONE_DEPLOY&amp;type=zip&amp;message=%7B%22type%22%3A%22deployment%22%2C%22sha%22%3A%22ba86b6bdb81501589a8037e48fa6d60ddb099134%22%2C%22repoName%22%3A%22Satoshi-Niina%2FEmergency-Assistance%22%2C%22actor%22%3A%22Satoshi-Niina%22%2C%22slotName%22%3A%22production%22%2C%22commitMessage%22%3A%22ci%3A%20force%20bash%20shell%20and%20harden%20build%20output%20check%20for%20backend%20deploy%22%7D" X-Client-IP="64.236.153.81" X-Client-Port="63488" >
  <step title="OneDeploy" date="2025-08-30T05:02:05.913" >
    <step title="Starting PushDeployAsync" date="2025-08-30T05:02:05.931" /><!-- duration: 6ms -->
    <step title="WEBSITE_RUN_FROM_PACKAGE is set to 1. Writing zip to SitePackagesPath" date="2025-08-30T05:02:05.965" /><!-- duration: 5ms -->
    <step title="Copying zip to SitePackages /home/data/SitePackages/20250830050205.zip from request body" date="2025-08-30T05:02:05.987" /><!-- duration: 11ms -->
    <step title="Writing multipart request body to /home/data/SitePackages/20250830050205.zip" date="2025-08-30T05:02:06.003" /><!-- duration: 15ms -->
    <step title="Deleting outdated zip file /home/data/SitePackages/20250829113543.zip" date="2025-08-30T05:02:06.342" /><!-- duration: 20ms -->
    <step title="Start deployment in the background" date="2025-08-30T05:02:06.375" >
      <step title="Acquiring Deployment Lock" date="2025-08-30T05:02:06.395" /><!-- duration: 5ms -->
      <step title="Acquired Deployment Lock" date="2025-08-30T05:02:06.514" /><!-- duration: 5ms -->
    </step><!-- duration: 429ms -->
  </step><!-- duration: 902ms -->
  <step title="Outgoing response" date="2025-08-30T05:02:06.821" type="response" statusCode="202" statusText="Accepted" /><!-- duration: 5ms -->
</step><!-- duration: 953ms -->
