<step title="Incoming Request" date="2025-08-29T08:14:21.598" instance="bf6391" url="/api/publish?async=true&amp;deployer=GITHUB_ONE_DEPLOY&amp;type=zip&amp;message=%7B%22type%22%3A%22deployment%22%2C%22sha%22%3A%2232783309dca92bd6966a1c686860198b5414ccb9%22%2C%22repoName%22%3A%22Satoshi-Niina%2FEmergency-Assistance%22%2C%22actor%22%3A%22Satoshi-Niina%22%2C%22slotName%22%3A%22production%22%2C%22commitMessage%22%3A%22fix%3A%20%E3%83%87%E3%83%97%E3%83%AD%E3%82%A4%E3%83%91%E3%82%B9%E3%82%92%20.%2Fserver%2Fdist%2Fserver%20%E3%81%AB%E7%B5%B1%E4%B8%80%22%7D" method="POST" type="request" pid="821,1,21" Host="emergencyassistance-sv-fbanemhrbshuf9bd.scm.japanwest-01.azurewebsites.net" User-Agent="GITHUBACTIONS_DeployWebAppToAzure_6afaea893f47a147fa5dac857d1041ffd4a8f022e29971635168cd4dcb90f2c0" Authorization="Bea..." Content-Type="application/octet-stream" Cookie="ARRAffinity=bf6391891f813fe54cfda5d2cacef026f295eea9a062d1fd7d073d9ea2164a6b;Path=/;HttpOnly;Secure;Domain=emergencyassistance-sv-fbanemhrbshuf9bd.scm.japanwest-01.azurewebsites.net; ARRAffinitySameSite=bf6391891f813fe54cfda5d2cacef026f295eea9a062d1fd7d073d9ea2164a6b;Path=/;HttpOnly;SameSite=None;Secure;Domain=emergencyassistance-sv-fbanemhrbshuf9bd.scm.japanwest-01.azurewebsites.net" Transfer-Encoding="chunked" X-ARR-LOG-ID="bfb5b44d-ac3c-499d-8aa4-6338c91f71a7" CLIENT-IP="52.159.226.2:48144" X-SITE-DEPLOYMENT-ID="Emergencyassistance-sv" WAS-DEFAULT-HOSTNAME="emergencyassistance-sv-fbanemhrbshuf9bd.scm.japanwest-01.azurewebsites.net" X-Forwarded-Proto="https" X-AppService-Proto="https" X-Forwarded-TlsVersion="1.3" X-WAWS-Unencoded-URL="/api/publish?async=true&amp;deployer=GITHUB_ONE_DEPLOY&amp;type=zip&amp;message=%7B%22type%22%3A%22deployment%22%2C%22sha%22%3A%2232783309dca92bd6966a1c686860198b5414ccb9%22%2C%22repoName%22%3A%22Satoshi-Niina%2FEmergency-Assistance%22%2C%22actor%22%3A%22Satoshi-Niina%22%2C%22slotName%22%3A%22production%22%2C%22commitMessage%22%3A%22fix%3A%20%E3%83%87%E3%83%97%E3%83%AD%E3%82%A4%E3%83%91%E3%82%B9%E3%82%92%20.%2Fserver%2Fdist%2Fserver%20%E3%81%AB%E7%B5%B1%E4%B8%80%22%7D" X-Client-IP="52.159.226.2" X-Client-Port="48144" >
  <step title="OneDeploy" date="2025-08-29T08:14:21.642" >
    <step title="Starting PushDeployAsync" date="2025-08-29T08:14:21.659" /><!-- duration: 5ms -->
    <step title="WEBSITE_RUN_FROM_PACKAGE is set to 1. Writing zip to SitePackagesPath" date="2025-08-29T08:14:21.697" /><!-- duration: 4ms -->
    <step title="Copying zip to SitePackages /home/data/SitePackages/20250829081421.zip from request body" date="2025-08-29T08:14:21.737" /><!-- duration: 109ms -->
    <step title="Writing multipart request body to /home/data/SitePackages/20250829081421.zip" date="2025-08-29T08:14:21.852" /><!-- duration: 16ms -->
    <step title="Deleting outdated zip file /home/data/SitePackages/20250829014450.zip" date="2025-08-29T08:14:21.957" /><!-- duration: 11ms -->
    <step title="Start deployment in the background" date="2025-08-29T08:14:21.982" >
      <step title="Acquiring Deployment Lock" date="2025-08-29T08:14:22.019" /><!-- duration: 4ms -->
      <step title="Acquired Deployment Lock" date="2025-08-29T08:14:22.064" /><!-- duration: 5ms -->
    </step><!-- duration: 226ms -->
  </step><!-- duration: 578ms -->
  <step title="Outgoing response" date="2025-08-29T08:14:22.228" type="response" statusCode="202" statusText="Accepted" /><!-- duration: 7ms -->
</step><!-- duration: 641ms -->
