<step title="BackgroundTrace" date="2025-08-28T12:31:20.935" instance="bf6391" url="/api/zipdeploy" method="POST" >
  <step title="Creating temporary deployment - FetchDeploymentManager" date="2025-08-28T12:31:21.014" /><!-- duration: 2ms -->
  <step title="Creating temporary deployment" date="2025-08-28T12:31:21.022" /><!-- duration: 64ms -->
  <step title="Performing fetch based deployment" date="2025-08-28T12:31:21.145" >
    <step title="Deployment timer started" date="2025-08-28T12:31:24.316" >
      <step title="DeploymentManager.Deploy(id:6eeb4918-f3dd-4bb2-9a1f-a519831079ef)" date="2025-08-28T12:31:24.355" >
        <step title="Collecting changeset information" date="2025-08-28T12:31:24.409" /><!-- duration: 107ms -->
        <step title="Updating submodules" date="2025-08-28T12:31:24.528" /><!-- duration: 1138ms -->
        <step title="Determining deployment builder" date="2025-08-28T12:31:25.912" >
          <step title="Builder is RunFromZipSiteBuilder" date="2025-08-28T12:31:25.930" /><!-- duration: 11ms -->
        </step><!-- duration: 37ms -->
        <step title="PreDeployment: context.CleanOutputPath False" date="2025-08-28T12:31:26.011" >
          <step title="PreDeployment: context.OutputPath /home/site/wwwroot" date="2025-08-28T12:31:26.127" >
            <step title="Building" date="2025-08-28T12:31:26.307" >
              <step title="Triggering recycle (preview mode disabled)." date="2025-08-28T12:31:26.735" /><!-- duration: 6ms -->
              <step title="Modified file to trigger a restart of the app container." date="2025-08-28T12:31:26.776" /><!-- duration: 4ms -->
              <step title="Skip function trigger and logicapp sync because function is not enabled." date="2025-08-28T12:31:26.795" /><!-- duration: 21ms -->
              <step title="Purge deployment items" date="2025-08-28T12:31:28.082" >
                <step title="Remove e93cdc78-, Success, received at 08/28/2025 04:59:47" date="2025-08-28T12:31:28.145" /><!-- duration: 3ms -->
              </step><!-- duration: 70ms -->
            </step><!-- duration: 1912ms -->
          </step><!-- duration: 2119ms -->
          <step title="Cleaning up temp files" date="2025-08-28T12:31:28.252" /><!-- duration: 18ms -->
          <step title="Cleaning up temp files" date="2025-08-28T12:31:28.301" /><!-- duration: 531ms -->
          <step title="Reloading status file with latest updates" date="2025-08-28T12:31:29.165" >
            <step title="WebHooksManager.PublishEventAsync: PostDeployment" date="2025-08-28T12:31:29.175" /><!-- duration: 50ms -->
          </step><!-- duration: 67ms -->
          <step title="Cleaning up temporary deployment - fetch deployment was successful" date="2025-08-28T12:31:29.247" /><!-- duration: 4ms -->
        </step><!-- duration: 3293ms -->
      </step><!-- duration: 4970ms -->
