<step title="BackgroundTrace" date="2025-08-28T06:09:29.887" instance="bf6391" url="/api/zipdeploy" method="POST" >
  <step title="Creating temporary deployment - FetchDeploymentManager" date="2025-08-28T06:09:30.136" /><!-- duration: 10ms -->
  <step title="Creating temporary deployment" date="2025-08-28T06:09:30.187" /><!-- duration: 221ms -->
  <step title="Performing fetch based deployment" date="2025-08-28T06:09:30.617" >
    <step title="Deployment timer started" date="2025-08-28T06:09:34.121" >
      <step title="DeploymentManager.Deploy(id:8662e1bf-5670-437f-b434-38790d082b4b)" date="2025-08-28T06:09:34.160" >
        <step title="Collecting changeset information" date="2025-08-28T06:09:34.308" /><!-- duration: 226ms -->
        <step title="Updating submodules" date="2025-08-28T06:09:34.564" /><!-- duration: 1327ms -->
        <step title="Determining deployment builder" date="2025-08-28T06:09:36.560" >
          <step title="Builder is RunFromZipSiteBuilder" date="2025-08-28T06:09:36.639" /><!-- duration: 68ms -->
        </step><!-- duration: 175ms -->
        <step title="PreDeployment: context.CleanOutputPath False" date="2025-08-28T06:09:36.924" >
          <step title="PreDeployment: context.OutputPath /home/site/wwwroot" date="2025-08-28T06:09:37.223" >
            <step title="Building" date="2025-08-28T06:09:37.593" >
              <step title="Triggering recycle (preview mode disabled)." date="2025-08-28T06:09:41.538" /><!-- duration: 38ms -->
              <step title="Modified file to trigger a restart of the app container." date="2025-08-28T06:09:41.656" /><!-- duration: 11ms -->
              <step title="Skip function trigger and logicapp sync because function is not enabled." date="2025-08-28T06:09:41.706" /><!-- duration: 42ms -->
            </step><!-- duration: 6139ms -->
          </step><!-- duration: 6515ms -->
          <step title="Cleaning up temp files" date="2025-08-28T06:09:43.741" /><!-- duration: 5ms -->
          <step title="Cleaning up temp files" date="2025-08-28T06:09:43.759" /><!-- duration: 529ms -->
          <step title="Reloading status file with latest updates" date="2025-08-28T06:09:44.407" >
            <step title="WebHooksManager.PublishEventAsync: PostDeployment" date="2025-08-28T06:09:44.419" /><!-- duration: 267ms -->
          </step><!-- duration: 292ms -->
          <step title="Cleaning up temporary deployment - fetch deployment was successful" date="2025-08-28T06:09:44.727" /><!-- duration: 10ms -->
        </step><!-- duration: 7993ms -->
      </step><!-- duration: 10817ms -->
