<step title="BackgroundTrace" date="2025-08-29T08:48:11.323" instance="bf6391" url="/api/publish" method="POST" >
  <step title="Creating temporary deployment - FetchDeploymentManager" date="2025-08-29T08:48:11.436" /><!-- duration: 2ms -->
  <step title="Creating temporary deployment" date="2025-08-29T08:48:11.443" /><!-- duration: 82ms -->
  <step title="Performing fetch based deployment" date="2025-08-29T08:48:11.567" >
    <step title="Deployment timer started" date="2025-08-29T08:48:14.816" >
      <step title="DeploymentManager.Deploy(id:544b4791-7757-4075-a132-b2ccfe7ddc7d)" date="2025-08-29T08:48:14.831" >
        <step title="Collecting changeset information" date="2025-08-29T08:48:14.872" /><!-- duration: 127ms -->
        <step title="Updating submodules" date="2025-08-29T08:48:15.009" /><!-- duration: 1124ms -->
        <step title="Determining deployment builder" date="2025-08-29T08:48:16.332" >
          <step title="Builder is RunFromZipSiteBuilder" date="2025-08-29T08:48:16.349" /><!-- duration: 10ms -->
        </step><!-- duration: 37ms -->
        <step title="PreDeployment: context.CleanOutputPath False" date="2025-08-29T08:48:16.448" >
          <step title="PreDeployment: context.OutputPath /home/site/wwwroot" date="2025-08-29T08:48:16.554" >
            <step title="Building" date="2025-08-29T08:48:16.735" >
              <step title="Modified file to trigger a restart of the app container." date="2025-08-29T08:48:17.154" /><!-- duration: 6ms -->
              <step title="Skip function trigger and logicapp sync because function is not enabled." date="2025-08-29T08:48:17.232" /><!-- duration: 3ms -->
              <step title="Purge deployment items" date="2025-08-29T08:48:18.380" >
                <step title="Remove 2846475e-, Success, received at 08/29/2025 00:37:26" date="2025-08-29T08:48:18.432" /><!-- duration: 3ms -->
              </step><!-- duration: 59ms -->
            </step><!-- duration: 1766ms -->
          </step><!-- duration: 1953ms -->
          <step title="Cleaning up temp files" date="2025-08-29T08:48:18.512" /><!-- duration: 30ms -->
          <step title="Cleaning up temp files" date="2025-08-29T08:48:18.546" /><!-- duration: 505ms -->
          <step title="Reloading status file with latest updates" date="2025-08-29T08:48:19.124" >
            <step title="WebHooksManager.PublishEventAsync: PostDeployment" date="2025-08-29T08:48:19.158" /><!-- duration: 96ms -->
          </step><!-- duration: 165ms -->
          <step title="Cleaning up temporary deployment - fetch deployment was successful" date="2025-08-29T08:48:19.302" /><!-- duration: 33ms -->
        </step><!-- duration: 3487ms -->
      </step><!-- duration: 5119ms -->
