<step title="BackgroundTrace" date="2025-09-01T11:11:59.349" instance="bf6391" url="/api/publish" method="POST" >
  <step title="Cleanup Xml Logs" date="2025-09-01T11:11:59.360" >
    <step title="Cleanup Infos" date="2025-09-01T11:11:59.375" totalFiles="256" totalCleanup="96" /><!-- duration: 8ms -->
  </step><!-- duration: 30ms -->
  <step title="Creating temporary deployment - FetchDeploymentManager" date="2025-09-01T11:11:59.486" /><!-- duration: 6ms -->
  <step title="Creating temporary deployment" date="2025-09-01T11:11:59.498" /><!-- duration: 121ms -->
  <step title="Performing fetch based deployment" date="2025-09-01T11:11:59.690" >
    <step title="Deployment timer started" date="2025-09-01T11:12:04.138" >
      <step title="DeploymentManager.Deploy(id:94ad7a13-3ac2-40be-b023-b88006fca52d)" date="2025-09-01T11:12:04.144" >
        <step title="Collecting changeset information" date="2025-09-01T11:12:04.213" /><!-- duration: 108ms -->
        <step title="Updating submodules" date="2025-09-01T11:12:04.334" /><!-- duration: 1127ms -->
        <step title="Determining deployment builder" date="2025-09-01T11:12:05.719" >
          <step title="Builder is RunFromZipSiteBuilder" date="2025-09-01T11:12:05.738" /><!-- duration: 11ms -->
        </step><!-- duration: 36ms -->
        <step title="PreDeployment: context.CleanOutputPath False" date="2025-09-01T11:12:05.819" >
          <step title="PreDeployment: context.OutputPath /home/site/wwwroot" date="2025-09-01T11:12:05.965" >
            <step title="Building" date="2025-09-01T11:12:06.153" >
              <step title="Modified file to trigger a restart of the app container." date="2025-09-01T11:12:06.706" /><!-- duration: 40ms -->
              <step title="Skip function trigger and logicapp sync because function is not enabled." date="2025-09-01T11:12:06.798" /><!-- duration: 31ms -->
              <step title="Purge deployment items" date="2025-09-01T11:12:08.545" >
                <step title="Remove 56dab8cf-, Success, received at 08/30/2025 02:39:50" date="2025-09-01T11:12:08.623" /><!-- duration: 10ms -->
              </step><!-- duration: 121ms -->
            </step><!-- duration: 3250ms -->
          </step><!-- duration: 3455ms -->
          <step title="Cleaning up temp files" date="2025-09-01T11:12:09.432" /><!-- duration: 11ms -->
          <step title="Cleaning up temp files" date="2025-09-01T11:12:09.480" /><!-- duration: 529ms -->
          <step title="Reloading status file with latest updates" date="2025-09-01T11:12:10.138" >
            <step title="WebHooksManager.PublishEventAsync: PostDeployment" date="2025-09-01T11:12:10.161" /><!-- duration: 309ms -->
          </step><!-- duration: 350ms -->
          <step title="Cleaning up temporary deployment - fetch deployment was successful" date="2025-09-01T11:12:10.519" /><!-- duration: 20ms -->
        </step><!-- duration: 4930ms -->
      </step><!-- duration: 6704ms -->
