<step title="Incoming Request" date="2025-09-06T02:56:58.366" instance="0d31d1" url="/api/zipdeploy?isAsync=true&amp;deployer=GITHUB_ZIP_DEPLOY&amp;message=%7B%22type%22%3A%22deployment%22%2C%22sha%22%3A%229ec577ead316b808dbca6819c1bf19d0186e787d%22%2C%22repoName%22%3A%22Satoshi-Niina%2FEmergency-Assistance%22%2C%22actor%22%3A%22Satoshi-Niina%22%2C%22slotName%22%3A%22Production%22%2C%22commitMessage%22%3A%22Fix%20Vite%20environment%20variables%20for%20Azure%20Static%20Web%20Apps%20deployment%22%7D" method="POST" type="request" pid="823,1,20" Host="emergencyassistance-sv-fbanemhrbshuf9bd.scm.japanwest-01.azurewebsites.net" User-Agent="GITHUBACTIONS_DeployWebAppToAzure_6afaea893f47a147fa5dac857d1041ffd4a8f022e29971635168cd4dcb90f2c0" Authorization="Bas..." Content-Type="application/octet-stream" Cookie="ARRAffinity=0d31d1e3b555b28bd1e1102783713510cb4a14cdd5a5d2b6e8d65e88240d42a3;Path=/;HttpOnly;Secure;Domain=emergencyassistance-sv-fbanemhrbshuf9bd.scm.japanwest-01.azurewebsites.net; ARRAffinitySameSite=0d31d1e3b555b28bd1e1102783713510cb4a14cdd5a5d2b6e8d65e88240d42a3;Path=/;HttpOnly;SameSite=None;Secure;Domain=emergencyassistance-sv-fbanemhrbshuf9bd.scm.japanwest-01.azurewebsites.net" Transfer-Encoding="chunked" X-ARR-LOG-ID="a88da964-1dde-43b8-959a-442c1a452450" CLIENT-IP="40.76.238.180:44048" X-SITE-DEPLOYMENT-ID="Emergencyassistance-sv" WAS-DEFAULT-HOSTNAME="emergencyassistance-sv-fbanemhrbshuf9bd.scm.japanwest-01.azurewebsites.net" X-Forwarded-Proto="https" X-AppService-Proto="https" X-Forwarded-TlsVersion="1.3" X-WAWS-Unencoded-URL="/api/zipdeploy?isAsync=true&amp;deployer=GITHUB_ZIP_DEPLOY&amp;message=%7B%22type%22%3A%22deployment%22%2C%22sha%22%3A%229ec577ead316b808dbca6819c1bf19d0186e787d%22%2C%22repoName%22%3A%22Satoshi-Niina%2FEmergency-Assistance%22%2C%22actor%22%3A%22Satoshi-Niina%22%2C%22slotName%22%3A%22Production%22%2C%22commitMessage%22%3A%22Fix%20Vite%20environment%20variables%20for%20Azure%20Static%20Web%20Apps%20deployment%22%7D" X-Client-IP="40.76.238.180" X-Client-Port="44048" >
  <step title="Cleanup Xml Logs" date="2025-09-06T02:56:58.371" >
    <step title="Cleanup Infos" date="2025-09-06T02:56:58.398" totalFiles="417" totalCleanup="257" /><!-- duration: 8ms -->
  </step><!-- duration: 39ms -->
  <step title="ZipPushDeploy" date="2025-09-06T02:56:58.462" >
    <step title="ZipDeploy. Run from package." date="2025-09-06T02:56:58.476" /><!-- duration: 5ms -->
    <step title="None repository commit" date="2025-09-06T02:56:58.491" >
      <step title="Commit id: 79601cf7-668b-41f1-af5c-084b3b2e2bdf" date="2025-09-06T02:56:58.496" Message="N/A" AuthorName="N/A" AuthorEmail="N/A" /><!-- duration: 5ms -->
    </step><!-- duration: 14ms -->
    <step title="Starting PushDeployAsync" date="2025-09-06T02:56:58.511" /><!-- duration: 5ms -->
    <step title="WEBSITE_RUN_FROM_PACKAGE is set to 1. Writing zip to SitePackagesPath" date="2025-09-06T02:56:58.541" /><!-- duration: 5ms -->
    <step title="Copying zip to SitePackages /home/data/SitePackages/20250906025658.zip from request body" date="2025-09-06T02:56:58.555" /><!-- duration: 5ms -->
    <step title="Writing multipart request body to /home/data/SitePackages/20250906025658.zip" date="2025-09-06T02:56:58.566" /><!-- duration: 6ms -->
    <step title="Deleting outdated zip file /home/data/SitePackages/20250905121726.zip" date="2025-09-06T02:57:04.301" /><!-- duration: 20ms -->
    <step title="Start deployment in the background" date="2025-09-06T02:57:04.336" >
      <step title="Acquiring Deployment Lock" date="2025-09-06T02:57:04.409" /><!-- duration: 5ms -->
      <step title="Acquired Deployment Lock" date="2025-09-06T02:57:04.496" /><!-- duration: 5ms -->
    </step><!-- duration: 548ms -->
  </step><!-- duration: 6431ms -->
  <step title="Outgoing response" date="2025-09-06T02:57:04.905" type="response" statusCode="202" statusText="Accepted" /><!-- duration: 5ms -->
</step><!-- duration: 6549ms -->
