<step title="BackgroundTrace" date="2025-08-29T10:54:47.077" instance="bf6391" url="/api/publish" method="POST" >
  <step title="Creating temporary deployment - FetchDeploymentManager" date="2025-08-29T10:54:47.153" /><!-- duration: 3ms -->
  <step title="Creating temporary deployment" date="2025-08-29T10:54:47.160" /><!-- duration: 69ms -->
  <step title="Performing fetch based deployment" date="2025-08-29T10:54:47.258" >
    <step title="Deployment timer started" date="2025-08-29T10:54:50.400" >
      <step title="DeploymentManager.Deploy(id:5808793f-affd-432e-86c5-b7367f1b3d87)" date="2025-08-29T10:54:50.407" >
        <step title="Collecting changeset information" date="2025-08-29T10:54:50.449" /><!-- duration: 130ms -->
        <step title="Updating submodules" date="2025-08-29T10:54:50.584" /><!-- duration: 1108ms -->
        <step title="Determining deployment builder" date="2025-08-29T10:54:51.901" >
          <step title="Builder is RunFromZipSiteBuilder" date="2025-08-29T10:54:51.918" /><!-- duration: 11ms -->
        </step><!-- duration: 31ms -->
        <step title="PreDeployment: context.CleanOutputPath False" date="2025-08-29T10:54:51.997" >
          <step title="PreDeployment: context.OutputPath /home/site/wwwroot" date="2025-08-29T10:54:52.111" >
            <step title="Building" date="2025-08-29T10:54:52.280" >
              <step title="Modified file to trigger a restart of the app container." date="2025-08-29T10:54:52.790" /><!-- duration: 6ms -->
              <step title="Skip function trigger and logicapp sync because function is not enabled." date="2025-08-29T10:54:52.800" /><!-- duration: 9ms -->
              <step title="Purge deployment items" date="2025-08-29T10:54:53.934" >
                <step title="Remove e87cf3e5-, Success, received at 08/29/2025 02:16:17" date="2025-08-29T10:54:53.990" /><!-- duration: 3ms -->
              </step><!-- duration: 65ms -->
            </step><!-- duration: 1781ms -->
          </step><!-- duration: 1956ms -->
          <step title="Cleaning up temp files" date="2025-08-29T10:54:54.071" /><!-- duration: 4ms -->
          <step title="Cleaning up temp files" date="2025-08-29T10:54:54.086" /><!-- duration: 511ms -->
          <step title="Reloading status file with latest updates" date="2025-08-29T10:54:54.642" >
            <step title="WebHooksManager.PublishEventAsync: PostDeployment" date="2025-08-29T10:54:54.663" /><!-- duration: 98ms -->
          </step><!-- duration: 140ms -->
          <step title="Cleaning up temporary deployment - fetch deployment was successful" date="2025-08-29T10:54:54.813" /><!-- duration: 20ms -->
        </step><!-- duration: 3256ms -->
      </step><!-- duration: 4934ms -->
