<step title="BackgroundTrace" date="2025-09-05T11:19:01.953" instance="0d31d1" url="/api/zipdeploy" method="POST" >
  <step title="Cleanup Xml Logs" date="2025-09-05T11:19:01.957" >
    <step title="Cleanup Infos" date="2025-09-05T11:19:01.975" totalFiles="330" totalCleanup="170" /><!-- duration: 11ms -->
  </step><!-- duration: 34ms -->
  <step title="Creating temporary deployment - FetchDeploymentManager" date="2025-09-05T11:19:02.070" /><!-- duration: 5ms -->
  <step title="Creating temporary deployment" date="2025-09-05T11:19:02.086" /><!-- duration: 78ms -->
  <step title="Performing fetch based deployment" date="2025-09-05T11:19:02.211" >
    <step title="Deployment timer started" date="2025-09-05T11:19:05.735" >
      <step title="DeploymentManager.Deploy(id:8c4633b6-0972-4fa4-ad82-c76c71d04be6)" date="2025-09-05T11:19:05.765" >
        <step title="Collecting changeset information" date="2025-09-05T11:19:05.845" /><!-- duration: 137ms -->
        <step title="Updating submodules" date="2025-09-05T11:19:05.991" /><!-- duration: 1199ms -->
        <step title="Determining deployment builder" date="2025-09-05T11:19:07.441" >
          <step title="Builder is RunFromZipSiteBuilder" date="2025-09-05T11:19:07.478" /><!-- duration: 5ms -->
        </step><!-- duration: 52ms -->
        <step title="PreDeployment: context.CleanOutputPath False" date="2025-09-05T11:19:07.568" >
          <step title="PreDeployment: context.OutputPath /home/site/wwwroot" date="2025-09-05T11:19:07.734" >
            <step title="Building" date="2025-09-05T11:19:07.888" >
              <step title="Triggering recycle (preview mode disabled)." date="2025-09-05T11:19:08.317" /><!-- duration: 10ms -->
              <step title="Modified file to trigger a restart of the app container." date="2025-09-05T11:19:08.363" /><!-- duration: 5ms -->
              <step title="Skip function trigger and logicapp sync because function is not enabled." date="2025-09-05T11:19:08.375" /><!-- duration: 14ms -->
              <step title="Purge deployment items" date="2025-09-05T11:19:10.555" >
                <step title="Remove 0c9b696d-, Success, received at 09/01/2025 11:28:19" date="2025-09-05T11:19:10.622" /><!-- duration: 7ms -->
              </step><!-- duration: 80ms -->
            </step><!-- duration: 2832ms -->
          </step><!-- duration: 2995ms -->
          <step title="Cleaning up temp files" date="2025-09-05T11:19:10.734" /><!-- duration: 6ms -->
          <step title="Cleaning up temp files" date="2025-09-05T11:19:10.758" /><!-- duration: 508ms -->
          <step title="Reloading status file with latest updates" date="2025-09-05T11:19:11.317" >
            <step title="WebHooksManager.PublishEventAsync: PostDeployment" date="2025-09-05T11:19:11.323" /><!-- duration: 51ms -->
          </step><!-- duration: 63ms -->
          <step title="Cleaning up temporary deployment - fetch deployment was successful" date="2025-09-05T11:19:11.388" /><!-- duration: 5ms -->
        </step><!-- duration: 3901ms -->
      </step><!-- duration: 5729ms -->
