<step title="BackgroundTrace" date="2025-09-05T11:03:09.001" instance="0d31d1" url="/api/zipdeploy" method="POST" >
  <step title="Cleanup Xml Logs" date="2025-09-05T11:03:09.011" >
    <step title="Cleanup Infos" date="2025-09-05T11:03:09.032" totalFiles="324" totalCleanup="164" /><!-- duration: 8ms -->
  </step><!-- duration: 35ms -->
  <step title="Creating temporary deployment - FetchDeploymentManager" date="2025-09-05T11:03:09.117" /><!-- duration: 5ms -->
  <step title="Creating temporary deployment" date="2025-09-05T11:03:09.128" /><!-- duration: 99ms -->
  <step title="Performing fetch based deployment" date="2025-09-05T11:03:09.287" >
    <step title="Deployment timer started" date="2025-09-05T11:03:13.311" >
      <step title="DeploymentManager.Deploy(id:fe3560c8-3df6-4f4a-bfdc-5ccf85c83e80)" date="2025-09-05T11:03:13.320" >
        <step title="Collecting changeset information" date="2025-09-05T11:03:13.379" /><!-- duration: 116ms -->
        <step title="Updating submodules" date="2025-09-05T11:03:13.504" /><!-- duration: 1145ms -->
        <step title="Determining deployment builder" date="2025-09-05T11:03:14.887" >
          <step title="Builder is RunFromZipSiteBuilder" date="2025-09-05T11:03:14.905" /><!-- duration: 12ms -->
        </step><!-- duration: 36ms -->
        <step title="PreDeployment: context.CleanOutputPath False" date="2025-09-05T11:03:14.990" >
          <step title="PreDeployment: context.OutputPath /home/site/wwwroot" date="2025-09-05T11:03:15.126" >
            <step title="Building" date="2025-09-05T11:03:15.295" >
              <step title="Triggering recycle (preview mode disabled)." date="2025-09-05T11:03:15.772" /><!-- duration: 18ms -->
              <step title="Modified file to trigger a restart of the app container." date="2025-09-05T11:03:15.831" /><!-- duration: 5ms -->
              <step title="Skip function trigger and logicapp sync because function is not enabled." date="2025-09-05T11:03:15.845" /><!-- duration: 11ms -->
              <step title="Purge deployment items" date="2025-09-05T11:03:17.335" >
                <step title="Remove 94ad7a13-, Success, received at 09/01/2025 11:12:04" date="2025-09-05T11:03:17.414" /><!-- duration: 5ms -->
              </step><!-- duration: 89ms -->
            </step><!-- duration: 2205ms -->
          </step><!-- duration: 2381ms -->
          <step title="Cleaning up temp files" date="2025-09-05T11:03:17.520" /><!-- duration: 10ms -->
          <step title="Cleaning up temp files" date="2025-09-05T11:03:17.542" /><!-- duration: 518ms -->
          <step title="Reloading status file with latest updates" date="2025-09-05T11:03:18.471" >
            <step title="WebHooksManager.PublishEventAsync: PostDeployment" date="2025-09-05T11:03:18.489" /><!-- duration: 78ms -->
          </step><!-- duration: 101ms -->
          <step title="Cleaning up temporary deployment - fetch deployment was successful" date="2025-09-05T11:03:18.582" /><!-- duration: 5ms -->
        </step><!-- duration: 3661ms -->
      </step><!-- duration: 5359ms -->
