<step title="BackgroundTrace" date="2025-08-29T11:35:44.158" instance="bf6391" url="/api/publish" method="POST" >
  <step title="Creating temporary deployment - FetchDeploymentManager" date="2025-08-29T11:35:44.230" /><!-- duration: 3ms -->
  <step title="Creating temporary deployment" date="2025-08-29T11:35:44.238" /><!-- duration: 51ms -->
  <step title="Performing fetch based deployment" date="2025-08-29T11:35:44.322" >
    <step title="Deployment timer started" date="2025-08-29T11:35:47.644" >
      <step title="DeploymentManager.Deploy(id:1f2a70e2-f552-405e-a80e-8729691dc18d)" date="2025-08-29T11:35:47.651" >
        <step title="Collecting changeset information" date="2025-08-29T11:35:47.698" /><!-- duration: 97ms -->
        <step title="Updating submodules" date="2025-08-29T11:35:47.800" /><!-- duration: 1131ms -->
        <step title="Determining deployment builder" date="2025-08-29T11:35:49.179" >
          <step title="Builder is RunFromZipSiteBuilder" date="2025-08-29T11:35:49.201" /><!-- duration: 11ms -->
        </step><!-- duration: 37ms -->
        <step title="PreDeployment: context.CleanOutputPath False" date="2025-08-29T11:35:49.266" >
          <step title="PreDeployment: context.OutputPath /home/site/wwwroot" date="2025-08-29T11:35:49.374" >
            <step title="Building" date="2025-08-29T11:35:49.514" >
              <step title="Modified file to trigger a restart of the app container." date="2025-08-29T11:35:49.869" /><!-- duration: 4ms -->
              <step title="Skip function trigger and logicapp sync because function is not enabled." date="2025-08-29T11:35:49.877" /><!-- duration: 11ms -->
              <step title="Purge deployment items" date="2025-08-29T11:35:51.193" >
                <step title="Remove 38fcb233-, Success, received at 08/29/2025 07:46:42" date="2025-08-29T11:35:51.244" /><!-- duration: 4ms -->
              </step><!-- duration: 61ms -->
            </step><!-- duration: 1805ms -->
          </step><!-- duration: 1951ms -->
          <step title="Cleaning up temp files" date="2025-08-29T11:35:51.327" /><!-- duration: 5ms -->
          <step title="Cleaning up temp files" date="2025-08-29T11:35:51.347" /><!-- duration: 512ms -->
          <step title="Reloading status file with latest updates" date="2025-08-29T11:35:52.174" >
            <step title="WebHooksManager.PublishEventAsync: PostDeployment" date="2025-08-29T11:35:52.179" /><!-- duration: 123ms -->
          </step><!-- duration: 134ms -->
          <step title="Cleaning up temporary deployment - fetch deployment was successful" date="2025-08-29T11:35:52.336" /><!-- duration: 22ms -->
        </step><!-- duration: 3422ms -->
      </step><!-- duration: 5052ms -->
