<step title="Incoming Request" date="2025-08-30T04:45:18.126" instance="bf6391" url="/api/publish?async=true&amp;deployer=GITHUB_ONE_DEPLOY&amp;type=zip&amp;message=%7B%22type%22%3A%22deployment%22%2C%22sha%22%3A%223ad53c78978ba531f3b2a4cd704b5bdd95169cc3%22%2C%22repoName%22%3A%22Satoshi-Niina%2FEmergency-Assistance%22%2C%22actor%22%3A%22Satoshi-Niina%22%2C%22slotName%22%3A%22production%22%2C%22commitMessage%22%3A%22fix%3A%20replace%20undefined%20RootRedirect%20with%20react-router-dom%20Navigate%22%7D" method="POST" type="request" pid="821,1,19" Host="emergencyassistance-sv-fbanemhrbshuf9bd.scm.japanwest-01.azurewebsites.net" User-Agent="GITHUBACTIONS_DeployWebAppToAzure_6afaea893f47a147fa5dac857d1041ffd4a8f022e29971635168cd4dcb90f2c0" Authorization="Bea..." Content-Type="application/octet-stream" Cookie="ARRAffinity=bf6391891f813fe54cfda5d2cacef026f295eea9a062d1fd7d073d9ea2164a6b;Path=/;HttpOnly;Secure;Domain=emergencyassistance-sv-fbanemhrbshuf9bd.scm.japanwest-01.azurewebsites.net; ARRAffinitySameSite=bf6391891f813fe54cfda5d2cacef026f295eea9a062d1fd7d073d9ea2164a6b;Path=/;HttpOnly;SameSite=None;Secure;Domain=emergencyassistance-sv-fbanemhrbshuf9bd.scm.japanwest-01.azurewebsites.net" Transfer-Encoding="chunked" X-ARR-LOG-ID="8798aa84-c8b4-45e5-adae-b1d3eb2098b5" CLIENT-IP="172.214.45.242:56336" X-SITE-DEPLOYMENT-ID="Emergencyassistance-sv" WAS-DEFAULT-HOSTNAME="emergencyassistance-sv-fbanemhrbshuf9bd.scm.japanwest-01.azurewebsites.net" X-Forwarded-Proto="https" X-AppService-Proto="https" X-Forwarded-TlsVersion="1.3" X-WAWS-Unencoded-URL="/api/publish?async=true&amp;deployer=GITHUB_ONE_DEPLOY&amp;type=zip&amp;message=%7B%22type%22%3A%22deployment%22%2C%22sha%22%3A%223ad53c78978ba531f3b2a4cd704b5bdd95169cc3%22%2C%22repoName%22%3A%22Satoshi-Niina%2FEmergency-Assistance%22%2C%22actor%22%3A%22Satoshi-Niina%22%2C%22slotName%22%3A%22production%22%2C%22commitMessage%22%3A%22fix%3A%20replace%20undefined%20RootRedirect%20with%20react-router-dom%20Navigate%22%7D" X-Client-IP="172.214.45.242" X-Client-Port="56336" >
  <step title="OneDeploy" date="2025-08-30T04:45:18.221" >
    <step title="None repository commit" date="2025-08-30T04:45:18.237" >
      <step title="Commit id: 7d40972c-cb13-4249-a779-877347a18cbb" date="2025-08-30T04:45:18.243" Message="N/A" AuthorName="N/A" AuthorEmail="N/A" /><!-- duration: 5ms -->
    </step><!-- duration: 15ms -->
    <step title="Starting PushDeployAsync" date="2025-08-30T04:45:18.257" /><!-- duration: 5ms -->
    <step title="WEBSITE_RUN_FROM_PACKAGE is set to 1. Writing zip to SitePackagesPath" date="2025-08-30T04:45:18.290" /><!-- duration: 5ms -->
    <step title="Copying zip to SitePackages /home/data/SitePackages/20250830044518.zip from request body" date="2025-08-30T04:45:18.310" /><!-- duration: 11ms -->
    <step title="Writing multipart request body to /home/data/SitePackages/20250830044518.zip" date="2025-08-30T04:45:18.334" /><!-- duration: 17ms -->
    <step title="Deleting outdated zip file /home/data/SitePackages/20250829112811.zip" date="2025-08-30T04:45:18.636" /><!-- duration: 10ms -->
    <step title="Start deployment in the background" date="2025-08-30T04:45:18.662" >
      <step title="Acquiring Deployment Lock" date="2025-08-30T04:45:18.698" /><!-- duration: 5ms -->
      <step title="Acquired Deployment Lock" date="2025-08-30T04:45:18.768" /><!-- duration: 5ms -->
    </step><!-- duration: 215ms -->
  </step><!-- duration: 663ms -->
  <step title="Outgoing response" date="2025-08-30T04:45:18.891" type="response" statusCode="202" statusText="Accepted" /><!-- duration: 5ms -->
</step><!-- duration: 775ms -->
