<step title="BackgroundTrace" date="2025-09-05T09:01:26.338" instance="0d31d1" url="/api/zipdeploy" method="POST" >
  <step title="Cleanup Xml Logs" date="2025-09-05T09:01:26.364" >
    <step title="Cleanup Infos" date="2025-09-05T09:01:26.430" totalFiles="305" totalCleanup="145" /><!-- duration: 29ms -->
  </step><!-- duration: 108ms -->
  <step title="Creating temporary deployment - FetchDeploymentManager" date="2025-09-05T09:01:26.607" /><!-- duration: 5ms -->
  <step title="Creating temporary deployment" date="2025-09-05T09:01:26.619" /><!-- duration: 81ms -->
  <step title="Performing fetch based deployment" date="2025-09-05T09:01:26.775" >
    <step title="Deployment timer started" date="2025-09-05T09:01:30.350" >
      <step title="DeploymentManager.Deploy(id:74f34cf1-51fc-444b-a89c-222aa800d70d)" date="2025-09-05T09:01:30.360" >
        <step title="Collecting changeset information" date="2025-09-05T09:01:30.404" /><!-- duration: 195ms -->
        <step title="Updating submodules" date="2025-09-05T09:01:30.608" /><!-- duration: 1195ms -->
        <step title="Determining deployment builder" date="2025-09-05T09:01:32.079" >
          <step title="Builder is RunFromZipSiteBuilder" date="2025-09-05T09:01:32.096" /><!-- duration: 13ms -->
        </step><!-- duration: 38ms -->
        <step title="PreDeployment: context.CleanOutputPath False" date="2025-09-05T09:01:32.200" >
          <step title="PreDeployment: context.OutputPath /home/site/wwwroot" date="2025-09-05T09:01:32.322" >
            <step title="Building" date="2025-09-05T09:01:32.487" >
              <step title="Triggering recycle (preview mode disabled)." date="2025-09-05T09:01:32.895" /><!-- duration: 11ms -->
              <step title="Modified file to trigger a restart of the app container." date="2025-09-05T09:01:32.939" /><!-- duration: 5ms -->
              <step title="Skip function trigger and logicapp sync because function is not enabled." date="2025-09-05T09:01:32.952" /><!-- duration: 18ms -->
              <step title="Purge deployment items" date="2025-09-05T09:01:34.968" >
                <step title="Remove 18b603be-, Success, received at 08/30/2025 07:54:13" date="2025-09-05T09:01:35.042" /><!-- duration: 5ms -->
              </step><!-- duration: 84ms -->
            </step><!-- duration: 2646ms -->
          </step><!-- duration: 2822ms -->
          <step title="Cleaning up temp files" date="2025-09-05T09:01:35.152" /><!-- duration: 7ms -->
          <step title="Cleaning up temp files" date="2025-09-05T09:01:35.172" /><!-- duration: 523ms -->
          <step title="Reloading status file with latest updates" date="2025-09-05T09:01:35.744" >
            <step title="WebHooksManager.PublishEventAsync: PostDeployment" date="2025-09-05T09:01:35.749" /><!-- duration: 48ms -->
          </step><!-- duration: 59ms -->
          <step title="Cleaning up temporary deployment - fetch deployment was successful" date="2025-09-05T09:01:35.810" /><!-- duration: 7ms -->
        </step><!-- duration: 3691ms -->
      </step><!-- duration: 5556ms -->
