<step title="Incoming Request" date="2025-08-29T10:52:54.060" instance="bf6391" url="/api/publish?async=true&amp;deployer=GITHUB_ONE_DEPLOY&amp;type=zip&amp;message=%7B%22type%22%3A%22deployment%22%2C%22sha%22%3A%22247649aa3e5f6f82e13c25c57c67af8534d1f476%22%2C%22repoName%22%3A%22Satoshi-Niina%2FEmergency-Assistance%22%2C%22actor%22%3A%22Satoshi-Niina%22%2C%22slotName%22%3A%22production%22%2C%22commitMessage%22%3A%22fix%3A%20SWA%E7%94%A8SPA%E3%83%AB%E3%83%BC%E3%83%86%E3%82%A3%E3%83%B3%E3%82%B0404%E5%AF%BE%E7%AD%96%E3%81%A8VITE_API_BASE_URL%E3%82%B5%E3%83%8B%E3%83%86%E3%82%A3%E3%83%81%E3%82%A7%E3%83%83%E3%82%AF%E8%BF%BD%E5%8A%A0%22%7D" method="POST" type="request" pid="821,1,23" Host="emergencyassistance-sv-fbanemhrbshuf9bd.scm.japanwest-01.azurewebsites.net" User-Agent="GITHUBACTIONS_DeployWebAppToAzure_6afaea893f47a147fa5dac857d1041ffd4a8f022e29971635168cd4dcb90f2c0" Authorization="Bea..." Content-Type="application/octet-stream" Cookie="ARRAffinity=bf6391891f813fe54cfda5d2cacef026f295eea9a062d1fd7d073d9ea2164a6b;Path=/;HttpOnly;Secure;Domain=emergencyassistance-sv-fbanemhrbshuf9bd.scm.japanwest-01.azurewebsites.net; ARRAffinitySameSite=bf6391891f813fe54cfda5d2cacef026f295eea9a062d1fd7d073d9ea2164a6b;Path=/;HttpOnly;SameSite=None;Secure;Domain=emergencyassistance-sv-fbanemhrbshuf9bd.scm.japanwest-01.azurewebsites.net" Transfer-Encoding="chunked" X-ARR-LOG-ID="066caa8e-661e-4dfb-96c4-9baa8d1f490c" CLIENT-IP="135.232.200.4:17440" X-SITE-DEPLOYMENT-ID="Emergencyassistance-sv" WAS-DEFAULT-HOSTNAME="emergencyassistance-sv-fbanemhrbshuf9bd.scm.japanwest-01.azurewebsites.net" X-Forwarded-Proto="https" X-AppService-Proto="https" X-Forwarded-TlsVersion="1.3" X-WAWS-Unencoded-URL="/api/publish?async=true&amp;deployer=GITHUB_ONE_DEPLOY&amp;type=zip&amp;message=%7B%22type%22%3A%22deployment%22%2C%22sha%22%3A%22247649aa3e5f6f82e13c25c57c67af8534d1f476%22%2C%22repoName%22%3A%22Satoshi-Niina%2FEmergency-Assistance%22%2C%22actor%22%3A%22Satoshi-Niina%22%2C%22slotName%22%3A%22production%22%2C%22commitMessage%22%3A%22fix%3A%20SWA%E7%94%A8SPA%E3%83%AB%E3%83%BC%E3%83%86%E3%82%A3%E3%83%B3%E3%82%B0404%E5%AF%BE%E7%AD%96%E3%81%A8VITE_API_BASE_URL%E3%82%B5%E3%83%8B%E3%83%86%E3%82%A3%E3%83%81%E3%82%A7%E3%83%83%E3%82%AF%E8%BF%BD%E5%8A%A0%22%7D" X-Client-IP="135.232.200.4" X-Client-Port="17440" >
  <step title="OneDeploy" date="2025-08-29T10:52:54.208" >
    <step title="None repository commit" date="2025-08-29T10:52:54.223" >
      <step title="Commit id: 71e24547-db07-40e4-83a6-550de5cc8053" date="2025-08-29T10:52:54.227" Message="N/A" AuthorName="N/A" AuthorEmail="N/A" /><!-- duration: 3ms -->
    </step><!-- duration: 12ms -->
    <step title="Starting PushDeployAsync" date="2025-08-29T10:52:54.238" /><!-- duration: 4ms -->
    <step title="WEBSITE_RUN_FROM_PACKAGE is set to 1. Writing zip to SitePackagesPath" date="2025-08-29T10:52:54.262" /><!-- duration: 17ms -->
    <step title="Copying zip to SitePackages /home/data/SitePackages/20250829105254.zip from request body" date="2025-08-29T10:52:54.308" /><!-- duration: 11ms -->
    <step title="Writing multipart request body to /home/data/SitePackages/20250829105254.zip" date="2025-08-29T10:52:54.323" /><!-- duration: 17ms -->
    <step title="Deleting outdated zip file /home/data/SitePackages/20250829081421.zip" date="2025-08-29T10:52:54.507" /><!-- duration: 23ms -->
    <step title="Start deployment in the background" date="2025-08-29T10:52:54.549" >
      <step title="Acquiring Deployment Lock" date="2025-08-29T10:52:54.582" /><!-- duration: 3ms -->
      <step title="Acquired Deployment Lock" date="2025-08-29T10:52:54.629" /><!-- duration: 4ms -->
    </step><!-- duration: 208ms -->
  </step><!-- duration: 561ms -->
  <step title="Outgoing response" date="2025-08-29T10:52:54.781" type="response" statusCode="202" statusText="Accepted" /><!-- duration: 8ms -->
</step><!-- duration: 732ms -->
