<step title="Incoming Request" date="2025-08-29T11:35:43.621" instance="bf6391" url="/api/publish?async=true&amp;deployer=GITHUB_ONE_DEPLOY&amp;type=zip&amp;message=%7B%22type%22%3A%22deployment%22%2C%22sha%22%3A%2259c22bb0f566763104cd394bd6b1dfa3567299d7%22%2C%22repoName%22%3A%22Satoshi-Niina%2FEmergency-Assistance%22%2C%22actor%22%3A%22Satoshi-Niina%22%2C%22slotName%22%3A%22production%22%2C%22commitMessage%22%3A%22fix%3A%20AuthContext%E3%81%AE%E3%82%B0%E3%83%AD%E3%83%BC%E3%83%90%E3%83%AB%E5%AE%9A%E7%BE%A9useAuth%2FProvider%E3%81%AE%E7%B5%B1%E4%B8%80%E3%80%81main.tsx%E3%81%A7BrowserRouter%2BAuthProvider%E3%83%A9%E3%83%83%E3%83%97%E5%8C%96%22%7D" method="POST" type="request" pid="821,1,5" Host="emergencyassistance-sv-fbanemhrbshuf9bd.scm.japanwest-01.azurewebsites.net" User-Agent="GITHUBACTIONS_DeployWebAppToAzure_6afaea893f47a147fa5dac857d1041ffd4a8f022e29971635168cd4dcb90f2c0" Authorization="Bea..." Content-Type="application/octet-stream" Cookie="ARRAffinity=bf6391891f813fe54cfda5d2cacef026f295eea9a062d1fd7d073d9ea2164a6b;Path=/;HttpOnly;Secure;Domain=emergencyassistance-sv-fbanemhrbshuf9bd.scm.japanwest-01.azurewebsites.net; ARRAffinitySameSite=bf6391891f813fe54cfda5d2cacef026f295eea9a062d1fd7d073d9ea2164a6b;Path=/;HttpOnly;SameSite=None;Secure;Domain=emergencyassistance-sv-fbanemhrbshuf9bd.scm.japanwest-01.azurewebsites.net" Transfer-Encoding="chunked" X-ARR-LOG-ID="15949b3d-edc9-474c-833e-35cd1ca61bd9" CLIENT-IP="48.211.210.115:38936" X-SITE-DEPLOYMENT-ID="Emergencyassistance-sv" WAS-DEFAULT-HOSTNAME="emergencyassistance-sv-fbanemhrbshuf9bd.scm.japanwest-01.azurewebsites.net" X-Forwarded-Proto="https" X-AppService-Proto="https" X-Forwarded-TlsVersion="1.3" X-WAWS-Unencoded-URL="/api/publish?async=true&amp;deployer=GITHUB_ONE_DEPLOY&amp;type=zip&amp;message=%7B%22type%22%3A%22deployment%22%2C%22sha%22%3A%2259c22bb0f566763104cd394bd6b1dfa3567299d7%22%2C%22repoName%22%3A%22Satoshi-Niina%2FEmergency-Assistance%22%2C%22actor%22%3A%22Satoshi-Niina%22%2C%22slotName%22%3A%22production%22%2C%22commitMessage%22%3A%22fix%3A%20AuthContext%E3%81%AE%E3%82%B0%E3%83%AD%E3%83%BC%E3%83%90%E3%83%AB%E5%AE%9A%E7%BE%A9useAuth%2FProvider%E3%81%AE%E7%B5%B1%E4%B8%80%E3%80%81main.tsx%E3%81%A7BrowserRouter%2BAuthProvider%E3%83%A9%E3%83%83%E3%83%97%E5%8C%96%22%7D" X-Client-IP="48.211.210.115" X-Client-Port="38936" >
  <step title="OneDeploy" date="2025-08-29T11:35:43.718" >
    <step title="None repository commit" date="2025-08-29T11:35:43.732" >
      <step title="Commit id: 1f2a70e2-f552-405e-a80e-8729691dc18d" date="2025-08-29T11:35:43.736" Message="N/A" AuthorName="N/A" AuthorEmail="N/A" /><!-- duration: 3ms -->
    </step><!-- duration: 11ms -->
    <step title="Starting PushDeployAsync" date="2025-08-29T11:35:43.746" /><!-- duration: 3ms -->
    <step title="WEBSITE_RUN_FROM_PACKAGE is set to 1. Writing zip to SitePackagesPath" date="2025-08-29T11:35:43.757" /><!-- duration: 10ms -->
    <step title="Copying zip to SitePackages /home/data/SitePackages/20250829113543.zip from request body" date="2025-08-29T11:35:43.772" /><!-- duration: 17ms -->
    <step title="Writing multipart request body to /home/data/SitePackages/20250829113543.zip" date="2025-08-29T11:35:43.800" /><!-- duration: 8ms -->
    <step title="Deleting outdated zip file /home/data/SitePackages/20250829103655.zip" date="2025-08-29T11:35:44.129" /><!-- duration: 5ms -->
    <step title="Start deployment in the background" date="2025-08-29T11:35:44.154" >
      <step title="Acquiring Deployment Lock" date="2025-08-29T11:35:44.183" /><!-- duration: 4ms -->
      <step title="Acquired Deployment Lock" date="2025-08-29T11:35:44.224" /><!-- duration: 3ms -->
    </step><!-- duration: 139ms -->
  </step><!-- duration: 579ms -->
  <step title="Outgoing response" date="2025-08-29T11:35:44.304" type="response" statusCode="202" statusText="Accepted" /><!-- duration: 3ms -->
</step><!-- duration: 689ms -->
