<step title="BackgroundTrace" date="2025-08-30T05:02:06.381" instance="bf6391" url="/api/publish" method="POST" >
  <step title="Creating temporary deployment - FetchDeploymentManager" date="2025-08-30T05:02:06.525" /><!-- duration: 4ms -->
  <step title="Creating temporary deployment" date="2025-08-30T05:02:06.535" /><!-- duration: 260ms -->
  <step title="Performing fetch based deployment" date="2025-08-30T05:02:06.846" >
    <step title="Deployment timer started" date="2025-08-30T05:02:10.037" >
      <step title="DeploymentManager.Deploy(id:5264814a-fbbd-44f1-bf7a-6ca735443d84)" date="2025-08-30T05:02:10.185" >
        <step title="Collecting changeset information" date="2025-08-30T05:02:10.375" /><!-- duration: 280ms -->
        <step title="Updating submodules" date="2025-08-30T05:02:10.686" /><!-- duration: 1251ms -->
        <step title="Determining deployment builder" date="2025-08-30T05:02:12.488" >
          <step title="Builder is RunFromZipSiteBuilder" date="2025-08-30T05:02:12.547" /><!-- duration: 78ms -->
        </step><!-- duration: 168ms -->
        <step title="PreDeployment: context.CleanOutputPath False" date="2025-08-30T05:02:12.917" >
          <step title="PreDeployment: context.OutputPath /home/site/wwwroot" date="2025-08-30T05:02:13.246" >
            <step title="Building" date="2025-08-30T05:02:13.617" >
              <step title="Modified file to trigger a restart of the app container." date="2025-08-30T05:02:14.566" /><!-- duration: 49ms -->
              <step title="Skip function trigger and logicapp sync because function is not enabled." date="2025-08-30T05:02:14.657" /><!-- duration: 61ms -->
              <step title="Purge deployment items" date="2025-08-30T05:02:22.377" >
                <step title="Remove 2f64b20a-, Success, received at 08/29/2025 10:36:59" date="2025-08-30T05:02:22.798" /><!-- duration: 38ms -->
              </step><!-- duration: 509ms -->
            </step><!-- duration: 9621ms -->
          </step><!-- duration: 10060ms -->
          <step title="Cleaning up temp files" date="2025-08-30T05:02:23.346" /><!-- duration: 31ms -->
          <step title="Cleaning up temp files" date="2025-08-30T05:02:23.456" /><!-- duration: 582ms -->
          <step title="Reloading status file with latest updates" date="2025-08-30T05:02:24.166" >
            <step title="WebHooksManager.PublishEventAsync: PostDeployment" date="2025-08-30T05:02:24.187" /><!-- duration: 54ms -->
          </step><!-- duration: 81ms -->
          <step title="Cleaning up temporary deployment - fetch deployment was successful" date="2025-08-30T05:02:24.259" /><!-- duration: 6ms -->
        </step><!-- duration: 11416ms -->
      </step><!-- duration: 14173ms -->
