<step title="BackgroundTrace" date="2025-09-01T11:28:14.769" instance="bf6391" url="/api/publish" method="POST" >
  <step title="Cleanup Xml Logs" date="2025-09-01T11:28:14.781" >
    <step title="Cleanup Infos" date="2025-09-01T11:28:14.798" totalFiles="261" totalCleanup="101" /><!-- duration: 9ms -->
  </step><!-- duration: 32ms -->
  <step title="Creating temporary deployment - FetchDeploymentManager" date="2025-09-01T11:28:14.962" /><!-- duration: 12ms -->
  <step title="Creating temporary deployment" date="2025-09-01T11:28:14.987" /><!-- duration: 84ms -->
  <step title="Performing fetch based deployment" date="2025-09-01T11:28:15.144" >
    <step title="Deployment timer started" date="2025-09-01T11:28:19.210" >
      <step title="DeploymentManager.Deploy(id:0c9b696d-1b16-4917-9cae-5695b6e98b55)" date="2025-09-01T11:28:19.220" >
        <step title="Collecting changeset information" date="2025-09-01T11:28:19.280" /><!-- duration: 165ms -->
        <step title="Updating submodules" date="2025-09-01T11:28:19.461" /><!-- duration: 1256ms -->
        <step title="Determining deployment builder" date="2025-09-01T11:28:20.989" >
          <step title="Builder is RunFromZipSiteBuilder" date="2025-09-01T11:28:21.008" /><!-- duration: 12ms -->
        </step><!-- duration: 40ms -->
        <step title="PreDeployment: context.CleanOutputPath False" date="2025-09-01T11:28:21.150" >
          <step title="PreDeployment: context.OutputPath /home/site/wwwroot" date="2025-09-01T11:28:21.279" >
            <step title="Building" date="2025-09-01T11:28:21.453" >
              <step title="Modified file to trigger a restart of the app container." date="2025-09-01T11:28:22.035" /><!-- duration: 11ms -->
              <step title="Skip function trigger and logicapp sync because function is not enabled." date="2025-09-01T11:28:22.053" /><!-- duration: 19ms -->
              <step title="Purge deployment items" date="2025-09-01T11:28:24.062" >
                <step title="Remove 2792120f-, Success, received at 08/30/2025 04:25:05" date="2025-09-01T11:28:24.134" /><!-- duration: 5ms -->
              </step><!-- duration: 84ms -->
            </step><!-- duration: 2781ms -->
          </step><!-- duration: 2965ms -->
          <step title="Cleaning up temp files" date="2025-09-01T11:28:24.250" /><!-- duration: 12ms -->
          <step title="Cleaning up temp files" date="2025-09-01T11:28:24.299" /><!-- duration: 519ms -->
          <step title="Reloading status file with latest updates" date="2025-09-01T11:28:24.866" >
            <step title="WebHooksManager.PublishEventAsync: PostDeployment" date="2025-09-01T11:28:24.872" /><!-- duration: 50ms -->
          </step><!-- duration: 60ms -->
          <step title="Cleaning up temporary deployment - fetch deployment was successful" date="2025-09-01T11:28:24.937" /><!-- duration: 9ms -->
        </step><!-- duration: 3903ms -->
      </step><!-- duration: 5867ms -->
