<step title="Incoming Request" date="2025-08-29T11:54:21.908" instance="bf6391" url="/api/publish?async=true&amp;deployer=GITHUB_ONE_DEPLOY&amp;type=zip&amp;message=%7B%22type%22%3A%22deployment%22%2C%22sha%22%3A%226c6d488beae2f8e5b0ba568465e6ae4fdb28fd6d%22%2C%22repoName%22%3A%22Satoshi-Niina%2FEmergency-Assistance%22%2C%22actor%22%3A%22Satoshi-Niina%22%2C%22slotName%22%3A%22production%22%2C%22commitMessage%22%3A%22fix%3A%20App.tsx%E3%81%AE%E6%A7%8B%E9%80%A0%E3%82%AF%E3%83%AA%E3%83%BC%E3%83%B3%E5%8C%96%E9%87%8D%E8%A4%87JSX%E9%99%A4%E5%8E%BBreturn%E6%A7%8B%E6%96%87%E4%BF%AE%E6%AD%A3%22%7D" method="POST" type="request" pid="821,1,30" Host="emergencyassistance-sv-fbanemhrbshuf9bd.scm.japanwest-01.azurewebsites.net" User-Agent="GITHUBACTIONS_DeployWebAppToAzure_6afaea893f47a147fa5dac857d1041ffd4a8f022e29971635168cd4dcb90f2c0" Authorization="Bea..." Content-Type="application/octet-stream" Cookie="ARRAffinity=bf6391891f813fe54cfda5d2cacef026f295eea9a062d1fd7d073d9ea2164a6b;Path=/;HttpOnly;Secure;Domain=emergencyassistance-sv-fbanemhrbshuf9bd.scm.japanwest-01.azurewebsites.net; ARRAffinitySameSite=bf6391891f813fe54cfda5d2cacef026f295eea9a062d1fd7d073d9ea2164a6b;Path=/;HttpOnly;SameSite=None;Secure;Domain=emergencyassistance-sv-fbanemhrbshuf9bd.scm.japanwest-01.azurewebsites.net" Transfer-Encoding="chunked" X-ARR-LOG-ID="cc3bc9f4-eda9-4ad0-b017-61daaf1a242c" CLIENT-IP="64.236.137.135:12288" X-SITE-DEPLOYMENT-ID="Emergencyassistance-sv" WAS-DEFAULT-HOSTNAME="emergencyassistance-sv-fbanemhrbshuf9bd.scm.japanwest-01.azurewebsites.net" X-Forwarded-Proto="https" X-AppService-Proto="https" X-Forwarded-TlsVersion="1.3" X-WAWS-Unencoded-URL="/api/publish?async=true&amp;deployer=GITHUB_ONE_DEPLOY&amp;type=zip&amp;message=%7B%22type%22%3A%22deployment%22%2C%22sha%22%3A%226c6d488beae2f8e5b0ba568465e6ae4fdb28fd6d%22%2C%22repoName%22%3A%22Satoshi-Niina%2FEmergency-Assistance%22%2C%22actor%22%3A%22Satoshi-Niina%22%2C%22slotName%22%3A%22production%22%2C%22commitMessage%22%3A%22fix%3A%20App.tsx%E3%81%AE%E6%A7%8B%E9%80%A0%E3%82%AF%E3%83%AA%E3%83%BC%E3%83%B3%E5%8C%96%E9%87%8D%E8%A4%87JSX%E9%99%A4%E5%8E%BBreturn%E6%A7%8B%E6%96%87%E4%BF%AE%E6%AD%A3%22%7D" X-Client-IP="64.236.137.135" X-Client-Port="12288" >
  <step title="OneDeploy" date="2025-08-29T11:54:22.006" >
    <step title="None repository commit" date="2025-08-29T11:54:22.020" >
      <step title="Commit id: c1aabe2e-5056-44fe-a1cc-15e84990f23a" date="2025-08-29T11:54:22.024" Message="N/A" AuthorName="N/A" AuthorEmail="N/A" /><!-- duration: 3ms -->
    </step><!-- duration: 10ms -->
    <step title="Starting PushDeployAsync" date="2025-08-29T11:54:22.034" /><!-- duration: 3ms -->
    <step title="WEBSITE_RUN_FROM_PACKAGE is set to 1. Writing zip to SitePackagesPath" date="2025-08-29T11:54:22.071" /><!-- duration: 3ms -->
    <step title="Copying zip to SitePackages /home/data/SitePackages/20250829115422.zip from request body" date="2025-08-29T11:54:22.091" /><!-- duration: 4ms -->
    <step title="Writing multipart request body to /home/data/SitePackages/20250829115422.zip" date="2025-08-29T11:54:22.106" /><!-- duration: 18ms -->
    <step title="Deleting outdated zip file /home/data/SitePackages/20250829105254.zip" date="2025-08-29T11:54:22.339" /><!-- duration: 7ms -->
    <step title="Start deployment in the background" date="2025-08-29T11:54:22.371" >
      <step title="Acquiring Deployment Lock" date="2025-08-29T11:54:22.422" /><!-- duration: 3ms -->
      <step title="Acquired Deployment Lock" date="2025-08-29T11:54:22.482" /><!-- duration: 3ms -->
    </step><!-- duration: 212ms -->
  </step><!-- duration: 585ms -->
  <step title="Outgoing response" date="2025-08-29T11:54:22.600" type="response" statusCode="202" statusText="Accepted" /><!-- duration: 3ms -->
</step><!-- duration: 698ms -->
