<step title="BackgroundTrace" date="2025-08-26T11:32:23.747" instance="bf6391" url="/api/zipdeploy" method="POST" >
  <step title="Creating temporary deployment - FetchDeploymentManager" date="2025-08-26T11:32:23.815" /><!-- duration: 3ms -->
  <step title="Creating temporary deployment" date="2025-08-26T11:32:23.827" /><!-- duration: 88ms -->
  <step title="Performing fetch based deployment" date="2025-08-26T11:32:23.962" >
    <step title="Cleaning up temp folders from previous zip deployments and extracting pushed zip file /tmp/zipdeploy/e29e5f8e-1b20-4be7-b042-fc5e41f424bc.zip (0.05 MB) to /tmp/zipdeploy/extracted" date="2025-08-26T11:32:25.219" >
      <step title="ChmodRecursive Process exited with total time taken in ms: 29" date="2025-08-26T11:32:25.351" /><!-- duration: 4ms -->
    </step><!-- duration: 142ms -->
    <step title="Deployment timer started" date="2025-08-26T11:32:27.394" >
      <step title="DeploymentManager.Deploy(id:edf7cddc-2571-416a-8443-5be6b5e9c4dc)" date="2025-08-26T11:32:27.412" >
        <step title="Collecting changeset information" date="2025-08-26T11:32:27.502" /><!-- duration: 160ms -->
        <step title="Updating submodules" date="2025-08-26T11:32:27.682" /><!-- duration: 1208ms -->
        <step title="Determining deployment builder" date="2025-08-26T11:32:29.109" >
          <step title="Builder is BasicBuilder" date="2025-08-26T11:32:29.140" /><!-- duration: 4ms -->
        </step><!-- duration: 48ms -->
        <step title="PreDeployment: context.CleanOutputPath False" date="2025-08-26T11:32:29.215" >
          <step title="PreDeployment: context.OutputPath /home/site/wwwroot" date="2025-08-26T11:32:29.350" >
            <step title="Building" date="2025-08-26T11:32:29.514" >
              <step title="Executing external process" date="2025-08-26T11:32:29.823" type="process" path="starter.sh" arguments="/opt/Kudu/Scripts/parallel_rsync.sh /tmp/zipdeploy/extracted /home/site/wwwroot 8 /tmp/ False True  " /><!-- duration: 2637ms -->
              <step title="Triggering recycle (preview mode disabled)." date="2025-08-26T11:32:32.744" /><!-- duration: 6ms -->
              <step title="Modified file to trigger a restart of the app container." date="2025-08-26T11:32:32.787" /><!-- duration: 4ms -->
              <step title="Skip function trigger and logicapp sync because function is not enabled." date="2025-08-26T11:32:32.805" /><!-- duration: 22ms -->
            </step><!-- duration: 4231ms -->
          </step><!-- duration: 4404ms -->
          <step title="Cleaning up temp files" date="2025-08-26T11:32:33.758" /><!-- duration: 14ms -->
          <step title="Cleaning up temp files" date="2025-08-26T11:32:33.799" /><!-- duration: 512ms -->
          <step title="Reloading status file with latest updates" date="2025-08-26T11:32:34.337" >
            <step title="WebHooksManager.PublishEventAsync: PostDeployment" date="2025-08-26T11:32:34.344" /><!-- duration: 52ms -->
          </step><!-- duration: 64ms -->
          <step title="Cleaning up temporary deployment - fetch deployment was successful" date="2025-08-26T11:32:34.411" /><!-- duration: 5ms -->
        </step><!-- duration: 5280ms -->
      </step><!-- duration: 7108ms -->
