<step title="BackgroundTrace" date="2025-08-26T11:32:47.456" instance="bf6391" url="/api/zipdeploy" method="POST" >
  <step title="Cleanup Xml Logs" date="2025-08-26T11:32:47.465" /><!-- duration: 14ms -->
  <step title="Creating temporary deployment - FetchDeploymentManager" date="2025-08-26T11:32:47.547" /><!-- duration: 4ms -->
  <step title="Creating temporary deployment" date="2025-08-26T11:32:47.564" /><!-- duration: 69ms -->
  <step title="Performing fetch based deployment" date="2025-08-26T11:32:47.681" >
    <step title="Cleaning up temp folders from previous zip deployments and extracting pushed zip file /tmp/zipdeploy/fb2b0e9b-90b0-493e-bc76-eafc0ac58101.zip (0.05 MB) to /tmp/zipdeploy/extracted" date="2025-08-26T11:32:48.868" >
      <step title="ChmodRecursive Process exited with total time taken in ms: 27" date="2025-08-26T11:32:48.969" /><!-- duration: 11ms -->
    </step><!-- duration: 129ms -->
    <step title="Deployment timer started" date="2025-08-26T11:32:51.014" >
      <step title="DeploymentManager.Deploy(id:fa2f4523-1b59-4440-873a-753461f54457)" date="2025-08-26T11:32:51.024" >
        <step title="Collecting changeset information" date="2025-08-26T11:32:51.076" /><!-- duration: 132ms -->
        <step title="Updating submodules" date="2025-08-26T11:32:51.215" /><!-- duration: 1137ms -->
        <step title="Determining deployment builder" date="2025-08-26T11:32:52.600" >
          <step title="Builder is BasicBuilder" date="2025-08-26T11:32:52.628" /><!-- duration: 4ms -->
        </step><!-- duration: 36ms -->
        <step title="PreDeployment: context.CleanOutputPath False" date="2025-08-26T11:32:52.692" >
          <step title="PreDeployment: context.OutputPath /home/site/wwwroot" date="2025-08-26T11:32:52.811" >
            <step title="Building" date="2025-08-26T11:32:52.952" >
              <step title="Executing external process" date="2025-08-26T11:32:53.271" type="process" path="starter.sh" arguments="/opt/Kudu/Scripts/parallel_rsync.sh /tmp/zipdeploy/extracted /home/site/wwwroot 8 /tmp/ False True  " /><!-- duration: 3028ms -->
              <step title="Triggering recycle (preview mode disabled)." date="2025-08-26T11:32:56.565" /><!-- duration: 8ms -->
              <step title="Modified file to trigger a restart of the app container." date="2025-08-26T11:32:56.603" /><!-- duration: 4ms -->
              <step title="Skip function trigger and logicapp sync because function is not enabled." date="2025-08-26T11:32:56.611" /><!-- duration: 20ms -->
            </step><!-- duration: 4491ms -->
          </step><!-- duration: 4639ms -->
          <step title="Cleaning up temp files" date="2025-08-26T11:32:57.453" /><!-- duration: 5ms -->
          <step title="Cleaning up temp files" date="2025-08-26T11:32:57.469" /><!-- duration: 530ms -->
          <step title="Reloading status file with latest updates" date="2025-08-26T11:32:58.042" >
            <step title="WebHooksManager.PublishEventAsync: PostDeployment" date="2025-08-26T11:32:58.046" /><!-- duration: 42ms -->
          </step><!-- duration: 49ms -->
          <step title="Cleaning up temporary deployment - fetch deployment was successful" date="2025-08-26T11:32:58.106" /><!-- duration: 4ms -->
        </step><!-- duration: 5500ms -->
      </step><!-- duration: 7187ms -->
