<step title="Incoming Request" date="2025-08-29T09:15:19.065" instance="bf6391" url="/api/publish?async=true&amp;deployer=GITHUB_ONE_DEPLOY&amp;type=zip&amp;message=%7B%22type%22%3A%22deployment%22%2C%22sha%22%3A%22e185de32fd085df06289972d5e3498548771f0b9%22%2C%22repoName%22%3A%22Satoshi-Niina%2FEmergency-Assistance%22%2C%22actor%22%3A%22Satoshi-Niina%22%2C%22slotName%22%3A%22production%22%2C%22commitMessage%22%3A%22fix%3A%20Azure%20Static%20Web%20Apps%E7%94%A8%E3%83%93%E3%83%AB%E3%83%89%E6%99%82%E3%81%ABVITE_API_BASE_URL%E3%82%92%E6%B3%A8%E5%85%A5%22%7D" method="POST" type="request" pid="821,1,23" Host="emergencyassistance-sv-fbanemhrbshuf9bd.scm.japanwest-01.azurewebsites.net" User-Agent="GITHUBACTIONS_DeployWebAppToAzure_6afaea893f47a147fa5dac857d1041ffd4a8f022e29971635168cd4dcb90f2c0" Authorization="Bea..." Content-Type="application/octet-stream" Cookie="ARRAffinity=bf6391891f813fe54cfda5d2cacef026f295eea9a062d1fd7d073d9ea2164a6b;Path=/;HttpOnly;Secure;Domain=emergencyassistance-sv-fbanemhrbshuf9bd.scm.japanwest-01.azurewebsites.net; ARRAffinitySameSite=bf6391891f813fe54cfda5d2cacef026f295eea9a062d1fd7d073d9ea2164a6b;Path=/;HttpOnly;SameSite=None;Secure;Domain=emergencyassistance-sv-fbanemhrbshuf9bd.scm.japanwest-01.azurewebsites.net" Transfer-Encoding="chunked" X-ARR-LOG-ID="fe50f2b4-cec5-4930-af56-2961bdb326e6" CLIENT-IP="52.159.244.162:33808" X-SITE-DEPLOYMENT-ID="Emergencyassistance-sv" WAS-DEFAULT-HOSTNAME="emergencyassistance-sv-fbanemhrbshuf9bd.scm.japanwest-01.azurewebsites.net" X-Forwarded-Proto="https" X-AppService-Proto="https" X-Forwarded-TlsVersion="1.3" X-WAWS-Unencoded-URL="/api/publish?async=true&amp;deployer=GITHUB_ONE_DEPLOY&amp;type=zip&amp;message=%7B%22type%22%3A%22deployment%22%2C%22sha%22%3A%22e185de32fd085df06289972d5e3498548771f0b9%22%2C%22repoName%22%3A%22Satoshi-Niina%2FEmergency-Assistance%22%2C%22actor%22%3A%22Satoshi-Niina%22%2C%22slotName%22%3A%22production%22%2C%22commitMessage%22%3A%22fix%3A%20Azure%20Static%20Web%20Apps%E7%94%A8%E3%83%93%E3%83%AB%E3%83%89%E6%99%82%E3%81%ABVITE_API_BASE_URL%E3%82%92%E6%B3%A8%E5%85%A5%22%7D" X-Client-IP="52.159.244.162" X-Client-Port="33808" >
  <step title="OneDeploy" date="2025-08-29T09:15:19.186" >
    <step title="None repository commit" date="2025-08-29T09:15:19.204" >
      <step title="Commit id: de1d9910-6e8c-41a4-920e-7c99d161927a" date="2025-08-29T09:15:19.209" Message="N/A" AuthorName="N/A" AuthorEmail="N/A" /><!-- duration: 4ms -->
    </step><!-- duration: 12ms -->
    <step title="Starting PushDeployAsync" date="2025-08-29T09:15:19.221" /><!-- duration: 4ms -->
    <step title="WEBSITE_RUN_FROM_PACKAGE is set to 1. Writing zip to SitePackagesPath" date="2025-08-29T09:15:19.255" /><!-- duration: 18ms -->
    <step title="Copying zip to SitePackages /home/data/SitePackages/20250829091519.zip from request body" date="2025-08-29T09:15:19.285" /><!-- duration: 21ms -->
    <step title="Writing multipart request body to /home/data/SitePackages/20250829091519.zip" date="2025-08-29T09:15:19.315" /><!-- duration: 11ms -->
    <step title="Deleting outdated zip file /home/data/SitePackages/20250829030113.zip" date="2025-08-29T09:15:19.563" /><!-- duration: 14ms -->
    <step title="Start deployment in the background" date="2025-08-29T09:15:19.607" >
      <step title="Acquiring Deployment Lock" date="2025-08-29T09:15:19.646" /><!-- duration: 11ms -->
      <step title="Acquired Deployment Lock" date="2025-08-29T09:15:19.723" /><!-- duration: 4ms -->
    </step><!-- duration: 211ms -->
  </step><!-- duration: 641ms -->
  <step title="Outgoing response" date="2025-08-29T09:15:19.839" type="response" statusCode="202" statusText="Accepted" /><!-- duration: 4ms -->
</step><!-- duration: 782ms -->
