<step title="Incoming Request" date="2025-08-30T07:34:45.337" instance="bf6391" url="/api/publish?async=true&amp;deployer=GITHUB_ONE_DEPLOY&amp;type=zip&amp;message=%7B%22type%22%3A%22deployment%22%2C%22sha%22%3A%228c20ac5924bca0f89a4a062a6f0d6d6bd7ba976a%22%2C%22repoName%22%3A%22Satoshi-Niina%2FEmergency-Assistance%22%2C%22actor%22%3A%22Satoshi-Niina%22%2C%22slotName%22%3A%22production%22%2C%22commitMessage%22%3A%22chore%3A%20remove%20JSON%E3%82%B3%E3%83%A1%E3%83%B3%E3%83%88%20from%20server%2Fpackage.json%22%7D" method="POST" type="request" pid="821,1,41" Host="emergencyassistance-sv-fbanemhrbshuf9bd.scm.japanwest-01.azurewebsites.net" User-Agent="GITHUBACTIONS_DeployWebAppToAzure_6afaea893f47a147fa5dac857d1041ffd4a8f022e29971635168cd4dcb90f2c0" Authorization="Bea..." Content-Type="application/octet-stream" Cookie="ARRAffinity=bf6391891f813fe54cfda5d2cacef026f295eea9a062d1fd7d073d9ea2164a6b;Path=/;HttpOnly;Secure;Domain=emergencyassistance-sv-fbanemhrbshuf9bd.scm.japanwest-01.azurewebsites.net; ARRAffinitySameSite=bf6391891f813fe54cfda5d2cacef026f295eea9a062d1fd7d073d9ea2164a6b;Path=/;HttpOnly;SameSite=None;Secure;Domain=emergencyassistance-sv-fbanemhrbshuf9bd.scm.japanwest-01.azurewebsites.net" Transfer-Encoding="chunked" X-ARR-LOG-ID="7eac1b14-f12f-4296-9c51-5703f19f08b9" CLIENT-IP="52.176.139.82:54272" X-SITE-DEPLOYMENT-ID="Emergencyassistance-sv" WAS-DEFAULT-HOSTNAME="emergencyassistance-sv-fbanemhrbshuf9bd.scm.japanwest-01.azurewebsites.net" X-Forwarded-Proto="https" X-AppService-Proto="https" X-Forwarded-TlsVersion="1.3" X-WAWS-Unencoded-URL="/api/publish?async=true&amp;deployer=GITHUB_ONE_DEPLOY&amp;type=zip&amp;message=%7B%22type%22%3A%22deployment%22%2C%22sha%22%3A%228c20ac5924bca0f89a4a062a6f0d6d6bd7ba976a%22%2C%22repoName%22%3A%22Satoshi-Niina%2FEmergency-Assistance%22%2C%22actor%22%3A%22Satoshi-Niina%22%2C%22slotName%22%3A%22production%22%2C%22commitMessage%22%3A%22chore%3A%20remove%20JSON%E3%82%B3%E3%83%A1%E3%83%B3%E3%83%88%20from%20server%2Fpackage.json%22%7D" X-Client-IP="52.176.139.82" X-Client-Port="54272" >
  <step title="OneDeploy" date="2025-08-30T07:34:45.444" >
    <step title="None repository commit" date="2025-08-30T07:34:45.461" >
      <step title="Commit id: 7b20a8c9-acbd-4e3c-a855-22a1697af4d9" date="2025-08-30T07:34:45.467" Message="N/A" AuthorName="N/A" AuthorEmail="N/A" /><!-- duration: 5ms -->
    </step><!-- duration: 17ms -->
    <step title="Starting PushDeployAsync" date="2025-08-30T07:34:45.484" /><!-- duration: 6ms -->
    <step title="WEBSITE_RUN_FROM_PACKAGE is set to 1. Writing zip to SitePackagesPath" date="2025-08-30T07:34:45.513" /><!-- duration: 11ms -->
    <step title="Copying zip to SitePackages /home/data/SitePackages/20250830073445.zip from request body" date="2025-08-30T07:34:45.535" /><!-- duration: 19ms -->
    <step title="Writing multipart request body to /home/data/SitePackages/20250830073445.zip" date="2025-08-30T07:34:45.565" /><!-- duration: 19ms -->
    <step title="Deleting outdated zip file /home/data/SitePackages/20250830042500.zip" date="2025-08-30T07:34:45.748" /><!-- duration: 11ms -->
    <step title="Start deployment in the background" date="2025-08-30T07:34:45.780" >
      <step title="Acquiring Deployment Lock" date="2025-08-30T07:34:45.809" /><!-- duration: 5ms -->
      <step title="Acquired Deployment Lock" date="2025-08-30T07:34:45.870" /><!-- duration: 5ms -->
    </step><!-- duration: 529ms -->
  </step><!-- duration: 878ms -->
  <step title="Outgoing response" date="2025-08-30T07:34:46.335" type="response" statusCode="202" statusText="Accepted" /><!-- duration: 5ms -->
</step><!-- duration: 1012ms -->
