<step title="Incoming Request" date="2025-09-05T08:10:37.689" instance="0d31d1" url="/api/deployments/latest?deployer=GITHUB_ZIP_DEPLOY&amp;time=2025-09-05_08-10-30Z" method="GET" type="request" pid="821,1,91" Host="emergencyassistance-sv-fbanemhrbshuf9bd.scm.japanwest-01.azurewebsites.net" User-Agent="GITHUBACTIONS_DeployWebAppToAzure_6afaea893f47a147fa5dac857d1041ffd4a8f022e29971635168cd4dcb90f2c0" Authorization="Bas..." Content-Type="application/json; charset=utf-8" Cookie="ARRAffinity=0d31d1e3b555b28bd1e1102783713510cb4a14cdd5a5d2b6e8d65e88240d42a3;Path=/;HttpOnly;Secure;Domain=emergencyassistance-sv-fbanemhrbshuf9bd.scm.japanwest-01.azurewebsites.net; ARRAffinitySameSite=0d31d1e3b555b28bd1e1102783713510cb4a14cdd5a5d2b6e8d65e88240d42a3;Path=/;HttpOnly;SameSite=None;Secure;Domain=emergencyassistance-sv-fbanemhrbshuf9bd.scm.japanwest-01.azurewebsites.net" Content-Length="0" X-ARR-LOG-ID="798d0968-3781-4d98-bd52-ecd21d67ac2d" CLIENT-IP="40.116.93.53:47105" X-SITE-DEPLOYMENT-ID="Emergencyassistance-sv" WAS-DEFAULT-HOSTNAME="emergencyassistance-sv-fbanemhrbshuf9bd.scm.japanwest-01.azurewebsites.net" X-Forwarded-Proto="https" X-AppService-Proto="https" X-Forwarded-TlsVersion="1.3" X-WAWS-Unencoded-URL="/api/deployments/latest?deployer=GITHUB_ZIP_DEPLOY&amp;time=2025-09-05_08-10-30Z" X-Client-IP="40.116.93.53" X-Client-Port="47105" >
  <step title="Cleanup Xml Logs" date="2025-09-05T08:10:37.701" >
    <step title="Cleanup Infos" date="2025-09-05T08:10:37.827" totalFiles="286" totalCleanup="126" /><!-- duration: 57ms -->
  </step><!-- duration: 202ms -->
  <step title="DeploymentService.GetResult" date="2025-09-05T08:10:37.963" >
    <step title="DeploymentService.GetLatestDeployment" date="2025-09-05T08:10:38.011" >
      <step title="DeploymentManager.GetResults" date="2025-09-05T08:10:38.027" /><!-- duration: 712ms -->
    </step><!-- duration: 736ms -->
  </step><!-- duration: 790ms -->
  <step title="Outgoing response" date="2025-09-05T08:10:38.759" type="response" statusCode="202" statusText="Accepted" /><!-- duration: 9ms -->
</step><!-- duration: 1085ms -->
