<step title="Incoming Request" date="2025-09-01T11:56:16.992" instance="bf6391" url="/api/publish?async=true&amp;deployer=GITHUB_ONE_DEPLOY&amp;type=zip&amp;message=%7B%22type%22%3A%22deployment%22%2C%22sha%22%3A%22352ab67db2ec9489e6996442853ac4967287ae84%22%2C%22repoName%22%3A%22Satoshi-Niina%2FEmergency-Assistance%22%2C%22actor%22%3A%22Satoshi-Niina%22%2C%22slotName%22%3A%22production%22%2C%22commitMessage%22%3A%22ci%3A%20prod%20workflows%20(no%20secrets%20in%20if)%20%2B%20trigger%20both%22%7D" method="POST" type="request" pid="821,1,51" Host="emergencyassistance-sv-fbanemhrbshuf9bd.scm.japanwest-01.azurewebsites.net" User-Agent="GITHUBACTIONS_DeployWebAppToAzure_6afaea893f47a147fa5dac857d1041ffd4a8f022e29971635168cd4dcb90f2c0" Authorization="Bea..." Content-Type="application/octet-stream" Cookie="ARRAffinity=bf6391891f813fe54cfda5d2cacef026f295eea9a062d1fd7d073d9ea2164a6b;Path=/;HttpOnly;Secure;Domain=emergencyassistance-sv-fbanemhrbshuf9bd.scm.japanwest-01.azurewebsites.net; ARRAffinitySameSite=bf6391891f813fe54cfda5d2cacef026f295eea9a062d1fd7d073d9ea2164a6b;Path=/;HttpOnly;SameSite=None;Secure;Domain=emergencyassistance-sv-fbanemhrbshuf9bd.scm.japanwest-01.azurewebsites.net" Transfer-Encoding="chunked" X-ARR-LOG-ID="4b393fa6-8d94-4ac7-b71e-0d1b106b62c0" CLIENT-IP="172.182.225.132:1056" X-SITE-DEPLOYMENT-ID="Emergencyassistance-sv" WAS-DEFAULT-HOSTNAME="emergencyassistance-sv-fbanemhrbshuf9bd.scm.japanwest-01.azurewebsites.net" X-Forwarded-Proto="https" X-AppService-Proto="https" X-Forwarded-TlsVersion="1.3" X-WAWS-Unencoded-URL="/api/publish?async=true&amp;deployer=GITHUB_ONE_DEPLOY&amp;type=zip&amp;message=%7B%22type%22%3A%22deployment%22%2C%22sha%22%3A%22352ab67db2ec9489e6996442853ac4967287ae84%22%2C%22repoName%22%3A%22Satoshi-Niina%2FEmergency-Assistance%22%2C%22actor%22%3A%22Satoshi-Niina%22%2C%22slotName%22%3A%22production%22%2C%22commitMessage%22%3A%22ci%3A%20prod%20workflows%20(no%20secrets%20in%20if)%20%2B%20trigger%20both%22%7D" X-Client-IP="172.182.225.132" X-Client-Port="1056" >
  <step title="OneDeploy" date="2025-09-01T11:56:17.236" >
    <step title="Starting PushDeployAsync" date="2025-09-01T11:56:17.271" /><!-- duration: 8ms -->
    <step title="WEBSITE_RUN_FROM_PACKAGE is set to 1. Writing zip to SitePackagesPath" date="2025-09-01T11:56:17.345" /><!-- duration: 5ms -->
    <step title="Copying zip to SitePackages /home/data/SitePackages/20250901115617.zip from request body" date="2025-09-01T11:56:17.489" /><!-- duration: 49ms -->
    <step title="Writing multipart request body to /home/data/SitePackages/20250901115617.zip" date="2025-09-01T11:56:17.578" /><!-- duration: 13ms -->
    <step title="Deleting outdated zip file /home/data/SitePackages/20250830075409.zip" date="2025-09-01T11:56:21.729" /><!-- duration: 22ms -->
    <step title="Start deployment in the background" date="2025-09-01T11:56:21.767" >
      <step title="Acquiring Deployment Lock" date="2025-09-01T11:56:21.849" /><!-- duration: 6ms -->
      <step title="Acquired Deployment Lock" date="2025-09-01T11:56:21.907" /><!-- duration: 6ms -->
    </step><!-- duration: 318ms -->
  </step><!-- duration: 4889ms -->
  <step title="Outgoing response" date="2025-09-01T11:56:22.135" type="response" statusCode="202" statusText="Accepted" /><!-- duration: 40ms -->
</step><!-- duration: 5188ms -->
