<step title="Incoming Request" date="2025-09-05T08:10:24.927" instance="0d31d1" url="/api/zipdeploy?isAsync=true&amp;deployer=GITHUB_ZIP_DEPLOY&amp;message=%7B%22type%22%3A%22deployment%22%2C%22sha%22%3A%228d11321fc7c782ebb71c5729b574bd7f024cf428%22%2C%22repoName%22%3A%22Satoshi-Niina%2FEmergency-Assistance%22%2C%22actor%22%3A%22Satoshi-Niina%22%2C%22slotName%22%3A%22production%22%2C%22commitMessage%22%3A%22Triggering%20workflows%20with%20corrected%20YAML%22%7D" method="POST" type="request" pid="821,1,93" Host="emergencyassistance-sv-fbanemhrbshuf9bd.scm.japanwest-01.azurewebsites.net" User-Agent="GITHUBACTIONS_DeployWebAppToAzure_6afaea893f47a147fa5dac857d1041ffd4a8f022e29971635168cd4dcb90f2c0" Authorization="Bas..." Content-Type="application/octet-stream" Cookie="ARRAffinity=0d31d1e3b555b28bd1e1102783713510cb4a14cdd5a5d2b6e8d65e88240d42a3;Path=/;HttpOnly;Secure;Domain=emergencyassistance-sv-fbanemhrbshuf9bd.scm.japanwest-01.azurewebsites.net; ARRAffinitySameSite=0d31d1e3b555b28bd1e1102783713510cb4a14cdd5a5d2b6e8d65e88240d42a3;Path=/;HttpOnly;SameSite=None;Secure;Domain=emergencyassistance-sv-fbanemhrbshuf9bd.scm.japanwest-01.azurewebsites.net" Transfer-Encoding="chunked" X-ARR-LOG-ID="e98ae522-6065-447f-9199-8ae86e172a23" CLIENT-IP="40.116.93.53:47104" X-SITE-DEPLOYMENT-ID="Emergencyassistance-sv" WAS-DEFAULT-HOSTNAME="emergencyassistance-sv-fbanemhrbshuf9bd.scm.japanwest-01.azurewebsites.net" X-Forwarded-Proto="https" X-AppService-Proto="https" X-Forwarded-TlsVersion="1.3" X-WAWS-Unencoded-URL="/api/zipdeploy?isAsync=true&amp;deployer=GITHUB_ZIP_DEPLOY&amp;message=%7B%22type%22%3A%22deployment%22%2C%22sha%22%3A%228d11321fc7c782ebb71c5729b574bd7f024cf428%22%2C%22repoName%22%3A%22Satoshi-Niina%2FEmergency-Assistance%22%2C%22actor%22%3A%22Satoshi-Niina%22%2C%22slotName%22%3A%22production%22%2C%22commitMessage%22%3A%22Triggering%20workflows%20with%20corrected%20YAML%22%7D" X-Client-IP="40.116.93.53" X-Client-Port="47104" >
  <step title="Cleanup Xml Logs" date="2025-09-05T08:10:25.022" >
    <step title="Cleanup Infos" date="2025-09-05T08:10:25.291" totalFiles="283" totalCleanup="123" /><!-- duration: 28ms -->
  </step><!-- duration: 309ms -->
  <step title="ZipPushDeploy" date="2025-09-05T08:10:25.800" >
    <step title="ZipDeploy. Run from package." date="2025-09-05T08:10:25.815" /><!-- duration: 5ms -->
    <step title="Starting PushDeployAsync" date="2025-09-05T08:10:25.828" /><!-- duration: 6ms -->
    <step title="WEBSITE_RUN_FROM_PACKAGE is set to 1. Writing zip to SitePackagesPath" date="2025-09-05T08:10:25.843" /><!-- duration: 25ms -->
    <step title="Copying zip to SitePackages /home/data/SitePackages/20250905081025.zip from request body" date="2025-09-05T08:10:25.976" /><!-- duration: 26ms -->
    <step title="Writing multipart request body to /home/data/SitePackages/20250905081025.zip" date="2025-09-05T08:10:26.024" /><!-- duration: 21ms -->
    <step title="Deleting outdated zip file /home/data/SitePackages/20250830082440.zip" date="2025-09-05T08:10:30.572" /><!-- duration: 29ms -->
    <step title="Start deployment in the background" date="2025-09-05T08:10:30.615" >
      <step title="Acquiring Deployment Lock" date="2025-09-05T08:10:30.684" /><!-- duration: 6ms -->
      <step title="Acquired Deployment Lock" date="2025-09-05T08:10:30.742" /><!-- duration: 6ms -->
    </step><!-- duration: 299ms -->
  </step><!-- duration: 5127ms -->
  <step title="Outgoing response" date="2025-09-05T08:10:30.936" type="response" statusCode="202" statusText="Accepted" /><!-- duration: 6ms -->
</step><!-- duration: 6021ms -->
