<step title="BackgroundTrace" date="2025-09-05T08:39:08.774" instance="0d31d1" url="/api/zipdeploy" method="POST" >
  <step title="Cleanup Xml Logs" date="2025-09-05T08:39:08.794" >
    <step title="Cleanup Infos" date="2025-09-05T08:39:08.864" totalFiles="293" totalCleanup="133" /><!-- duration: 28ms -->
  </step><!-- duration: 117ms -->
  <step title="Creating temporary deployment - FetchDeploymentManager" date="2025-09-05T08:39:08.997" /><!-- duration: 5ms -->
  <step title="Creating temporary deployment" date="2025-09-05T08:39:09.008" /><!-- duration: 101ms -->
  <step title="Performing fetch based deployment" date="2025-09-05T08:39:09.171" >
    <step title="Deployment timer started" date="2025-09-05T08:39:14.505" >
      <step title="DeploymentManager.Deploy(id:0ff9480a-daf5-49ba-ba16-520fe7a36eb6)" date="2025-09-05T08:39:14.515" >
        <step title="Collecting changeset information" date="2025-09-05T08:39:14.580" /><!-- duration: 130ms -->
        <step title="Updating submodules" date="2025-09-05T08:39:14.720" /><!-- duration: 1155ms -->
        <step title="Determining deployment builder" date="2025-09-05T08:39:16.144" >
          <step title="Builder is RunFromZipSiteBuilder" date="2025-09-05T08:39:16.186" /><!-- duration: 5ms -->
        </step><!-- duration: 53ms -->
        <step title="PreDeployment: context.CleanOutputPath False" date="2025-09-05T08:39:16.266" >
          <step title="PreDeployment: context.OutputPath /home/site/wwwroot" date="2025-09-05T08:39:16.416" >
            <step title="Building" date="2025-09-05T08:39:16.577" >
              <step title="Triggering recycle (preview mode disabled)." date="2025-09-05T08:39:17.076" /><!-- duration: 17ms -->
              <step title="Modified file to trigger a restart of the app container." date="2025-09-05T08:39:17.132" /><!-- duration: 5ms -->
              <step title="Skip function trigger and logicapp sync because function is not enabled." date="2025-09-05T08:39:17.155" /><!-- duration: 18ms -->
              <step title="Purge deployment items" date="2025-09-05T08:39:18.643" >
                <step title="Remove 011b7ea5-, Success, received at 08/30/2025 07:10:22" date="2025-09-05T08:39:18.732" /><!-- duration: 9ms -->
              </step><!-- duration: 110ms -->
            </step><!-- duration: 2276ms -->
          </step><!-- duration: 2444ms -->
          <step title="Cleaning up temp files" date="2025-09-05T08:39:18.865" /><!-- duration: 6ms -->
          <step title="Cleaning up temp files" date="2025-09-05T08:39:18.884" /><!-- duration: 523ms -->
          <step title="Reloading status file with latest updates" date="2025-09-05T08:39:20.052" >
            <step title="WebHooksManager.PublishEventAsync: PostDeployment" date="2025-09-05T08:39:20.062" /><!-- duration: 128ms -->
          </step><!-- duration: 147ms -->
          <step title="Cleaning up temporary deployment - fetch deployment was successful" date="2025-09-05T08:39:20.240" /><!-- duration: 7ms -->
        </step><!-- duration: 4052ms -->
      </step><!-- duration: 5826ms -->
