<step title="BackgroundTrace" date="2025-08-29T01:01:55.073" instance="bf6391" url="/api/zipdeploy" method="POST" >
  <step title="Creating temporary deployment - FetchDeploymentManager" date="2025-08-29T01:01:55.212" /><!-- duration: 11ms -->
  <step title="Creating temporary deployment" date="2025-08-29T01:01:55.264" /><!-- duration: 87ms -->
  <step title="Performing fetch based deployment" date="2025-08-29T01:01:55.389" >
    <step title="Deployment timer started" date="2025-08-29T01:01:58.746" >
      <step title="DeploymentManager.Deploy(id:f34ddd7a-1dce-46fe-aaa5-a83bdc0775bc)" date="2025-08-29T01:01:58.754" >
        <step title="Collecting changeset information" date="2025-08-29T01:01:58.805" /><!-- duration: 122ms -->
        <step title="Updating submodules" date="2025-08-29T01:01:58.934" /><!-- duration: 1129ms -->
        <step title="Determining deployment builder" date="2025-08-29T01:02:00.305" >
          <step title="Builder is RunFromZipSiteBuilder" date="2025-08-29T01:02:00.320" /><!-- duration: 20ms -->
        </step><!-- duration: 40ms -->
        <step title="PreDeployment: context.CleanOutputPath False" date="2025-08-29T01:02:00.415" >
          <step title="PreDeployment: context.OutputPath /home/site/wwwroot" date="2025-08-29T01:02:01.248" >
            <step title="Building" date="2025-08-29T01:02:01.618" >
              <step title="Triggering recycle (preview mode disabled)." date="2025-08-29T01:02:02.599" /><!-- duration: 32ms -->
              <step title="Modified file to trigger a restart of the app container." date="2025-08-29T01:02:02.710" /><!-- duration: 18ms -->
              <step title="Skip function trigger and logicapp sync because function is not enabled." date="2025-08-29T01:02:02.838" /><!-- duration: 30ms -->
              <step title="Purge deployment items" date="2025-08-29T01:02:05.117" >
                <step title="Remove 8662e1bf-, Success, received at 08/28/2025 06:09:34" date="2025-08-29T01:02:05.287" /><!-- duration: 3ms -->
              </step><!-- duration: 178ms -->
            </step><!-- duration: 3761ms -->
          </step><!-- duration: 4136ms -->
          <step title="Cleaning up temp files" date="2025-08-29T01:02:05.387" /><!-- duration: 19ms -->
          <step title="Cleaning up temp files" date="2025-08-29T01:02:05.410" /><!-- duration: 513ms -->
          <step title="Reloading status file with latest updates" date="2025-08-29T01:02:05.982" >
            <step title="WebHooksManager.PublishEventAsync: PostDeployment" date="2025-08-29T01:02:06.070" /><!-- duration: 61ms -->
          </step><!-- duration: 177ms -->
          <step title="Cleaning up temporary deployment - fetch deployment was successful" date="2025-08-29T01:02:06.229" /><!-- duration: 10ms -->
        </step><!-- duration: 5933ms -->
      </step><!-- duration: 7676ms -->
