<step title="BackgroundTrace" date="2025-08-28T07:50:13.070" instance="bf6391" url="/api/zipdeploy" method="POST" >
  <step title="Creating temporary deployment - FetchDeploymentManager" date="2025-08-28T07:50:13.234" /><!-- duration: 3ms -->
  <step title="Creating temporary deployment" date="2025-08-28T07:50:13.241" /><!-- duration: 83ms -->
  <step title="Performing fetch based deployment" date="2025-08-28T07:50:13.369" >
    <step title="Deployment timer started" date="2025-08-28T07:50:16.657" >
      <step title="DeploymentManager.Deploy(id:10b31d1b-50bc-427c-89f6-6513c345c1f1)" date="2025-08-28T07:50:16.664" >
        <step title="Collecting changeset information" date="2025-08-28T07:50:16.720" /><!-- duration: 117ms -->
        <step title="Updating submodules" date="2025-08-28T07:50:16.843" /><!-- duration: 1145ms -->
        <step title="Determining deployment builder" date="2025-08-28T07:50:18.486" >
          <step title="Builder is RunFromZipSiteBuilder" date="2025-08-28T07:50:18.519" /><!-- duration: 3ms -->
        </step><!-- duration: 52ms -->
        <step title="PreDeployment: context.CleanOutputPath False" date="2025-08-28T07:50:18.595" >
          <step title="PreDeployment: context.OutputPath /home/site/wwwroot" date="2025-08-28T07:50:18.854" >
            <step title="Building" date="2025-08-28T07:50:19.238" >
              <step title="Triggering recycle (preview mode disabled)." date="2025-08-28T07:50:19.590" /><!-- duration: 12ms -->
              <step title="Modified file to trigger a restart of the app container." date="2025-08-28T07:50:19.644" /><!-- duration: 3ms -->
              <step title="Skip function trigger and logicapp sync because function is not enabled." date="2025-08-28T07:50:19.651" /><!-- duration: 22ms -->
            </step><!-- duration: 1501ms -->
          </step><!-- duration: 1894ms -->
          <step title="Cleaning up temp files" date="2025-08-28T07:50:20.752" /><!-- duration: 5ms -->
          <step title="Cleaning up temp files" date="2025-08-28T07:50:20.761" /><!-- duration: 517ms -->
          <step title="Reloading status file with latest updates" date="2025-08-28T07:50:21.321" >
            <step title="WebHooksManager.PublishEventAsync: PostDeployment" date="2025-08-28T07:50:21.326" /><!-- duration: 94ms -->
          </step><!-- duration: 102ms -->
          <step title="Cleaning up temporary deployment - fetch deployment was successful" date="2025-08-28T07:50:21.429" /><!-- duration: 3ms -->
        </step><!-- duration: 2902ms -->
      </step><!-- duration: 4847ms -->
