<step title="Incoming Request" date="2025-09-05T12:15:45.778" instance="0d31d1" url="/api/zipdeploy?isAsync=true&amp;deployer=GITHUB_ZIP_DEPLOY&amp;message=%7B%22type%22%3A%22deployment%22%2C%22sha%22%3A%22592b9c1c09175d5a341998d8a01d9e13dacd0698%22%2C%22repoName%22%3A%22Satoshi-Niina%2FEmergency-Assistance%22%2C%22actor%22%3A%22Satoshi-Niina%22%2C%22slotName%22%3A%22Production%22%2C%22commitMessage%22%3A%22Fix%20Azure%20App%20Service%20startup%20issues%20-%20enhanced%20error%20handling%22%7D" method="POST" type="request" pid="823,1,16" Host="emergencyassistance-sv-fbanemhrbshuf9bd.scm.japanwest-01.azurewebsites.net" User-Agent="GITHUBACTIONS_DeployWebAppToAzure_6afaea893f47a147fa5dac857d1041ffd4a8f022e29971635168cd4dcb90f2c0" Authorization="Bas..." Content-Type="application/octet-stream" Cookie="ARRAffinity=0d31d1e3b555b28bd1e1102783713510cb4a14cdd5a5d2b6e8d65e88240d42a3;Path=/;HttpOnly;Secure;Domain=emergencyassistance-sv-fbanemhrbshuf9bd.scm.japanwest-01.azurewebsites.net; ARRAffinitySameSite=0d31d1e3b555b28bd1e1102783713510cb4a14cdd5a5d2b6e8d65e88240d42a3;Path=/;HttpOnly;SameSite=None;Secure;Domain=emergencyassistance-sv-fbanemhrbshuf9bd.scm.japanwest-01.azurewebsites.net" Transfer-Encoding="chunked" X-ARR-LOG-ID="c5e3b5e9-3a25-4f7a-b73d-2936555e818a" CLIENT-IP="172.172.87.70:25632" X-SITE-DEPLOYMENT-ID="Emergencyassistance-sv" WAS-DEFAULT-HOSTNAME="emergencyassistance-sv-fbanemhrbshuf9bd.scm.japanwest-01.azurewebsites.net" X-Forwarded-Proto="https" X-AppService-Proto="https" X-Forwarded-TlsVersion="1.3" X-WAWS-Unencoded-URL="/api/zipdeploy?isAsync=true&amp;deployer=GITHUB_ZIP_DEPLOY&amp;message=%7B%22type%22%3A%22deployment%22%2C%22sha%22%3A%22592b9c1c09175d5a341998d8a01d9e13dacd0698%22%2C%22repoName%22%3A%22Satoshi-Niina%2FEmergency-Assistance%22%2C%22actor%22%3A%22Satoshi-Niina%22%2C%22slotName%22%3A%22Production%22%2C%22commitMessage%22%3A%22Fix%20Azure%20App%20Service%20startup%20issues%20-%20enhanced%20error%20handling%22%7D" X-Client-IP="172.172.87.70" X-Client-Port="25632" >
  <step title="Cleanup Xml Logs" date="2025-09-05T12:15:45.785" >
    <step title="Cleanup Infos" date="2025-09-05T12:15:45.801" totalFiles="365" totalCleanup="205" /><!-- duration: 8ms -->
  </step><!-- duration: 33ms -->
  <step title="ZipPushDeploy" date="2025-09-05T12:15:45.863" >
    <step title="ZipDeploy. Run from package." date="2025-09-05T12:15:45.896" /><!-- duration: 5ms -->
    <step title="None repository commit" date="2025-09-05T12:15:45.923" >
      <step title="Commit id: d7e11632-0d3d-44c0-a372-80b7d96fe675" date="2025-09-05T12:15:45.931" Message="N/A" AuthorName="N/A" AuthorEmail="N/A" /><!-- duration: 5ms -->
    </step><!-- duration: 18ms -->
    <step title="Starting PushDeployAsync" date="2025-09-05T12:15:45.946" /><!-- duration: 5ms -->
    <step title="WEBSITE_RUN_FROM_PACKAGE is set to 1. Writing zip to SitePackagesPath" date="2025-09-05T12:15:45.963" /><!-- duration: 6ms -->
    <step title="Copying zip to SitePackages /home/data/SitePackages/20250905121545.zip from request body" date="2025-09-05T12:15:45.993" /><!-- duration: 11ms -->
    <step title="Writing multipart request body to /home/data/SitePackages/20250905121545.zip" date="2025-09-05T12:15:46.021" /><!-- duration: 6ms -->
    <step title="Deleting outdated zip file /home/data/SitePackages/20250905111857.zip" date="2025-09-05T12:15:51.689" /><!-- duration: 18ms -->
    <step title="Start deployment in the background" date="2025-09-05T12:15:51.721" >
      <step title="Acquiring Deployment Lock" date="2025-09-05T12:15:51.779" /><!-- duration: 11ms -->
      <step title="Acquired Deployment Lock" date="2025-09-05T12:15:51.849" /><!-- duration: 5ms -->
    </step><!-- duration: 281ms -->
  </step><!-- duration: 6154ms -->
  <step title="Outgoing response" date="2025-09-05T12:15:52.026" type="response" statusCode="202" statusText="Accepted" /><!-- duration: 5ms -->
</step><!-- duration: 6257ms -->
