<step title="BackgroundTrace" date="2025-09-05T09:26:37.662" instance="0d31d1" url="/api/zipdeploy" method="POST" >
  <step title="Cleanup Xml Logs" date="2025-09-05T09:26:37.667" >
    <step title="Cleanup Infos" date="2025-09-05T09:26:37.681" totalFiles="317" totalCleanup="157" /><!-- duration: 7ms -->
  </step><!-- duration: 28ms -->
  <step title="Creating temporary deployment - FetchDeploymentManager" date="2025-09-05T09:26:37.750" /><!-- duration: 5ms -->
  <step title="Creating temporary deployment" date="2025-09-05T09:26:37.761" /><!-- duration: 68ms -->
  <step title="Performing fetch based deployment" date="2025-09-05T09:26:37.881" >
    <step title="Deployment timer started" date="2025-09-05T09:26:41.381" >
      <step title="DeploymentManager.Deploy(id:75afa5bc-8a55-4bdd-acd6-1810556845aa)" date="2025-09-05T09:26:41.410" >
        <step title="Collecting changeset information" date="2025-09-05T09:26:41.484" /><!-- duration: 220ms -->
        <step title="Updating submodules" date="2025-09-05T09:26:41.720" /><!-- duration: 1147ms -->
        <step title="Determining deployment builder" date="2025-09-05T09:26:43.108" >
          <step title="Builder is RunFromZipSiteBuilder" date="2025-09-05T09:26:43.132" /><!-- duration: 13ms -->
        </step><!-- duration: 44ms -->
        <step title="PreDeployment: context.CleanOutputPath False" date="2025-09-05T09:26:43.226" >
          <step title="PreDeployment: context.OutputPath /home/site/wwwroot" date="2025-09-05T09:26:43.384" >
            <step title="Building" date="2025-09-05T09:26:43.528" >
              <step title="Triggering recycle (preview mode disabled)." date="2025-09-05T09:26:43.953" /><!-- duration: 11ms -->
              <step title="Modified file to trigger a restart of the app container." date="2025-09-05T09:26:44.014" /><!-- duration: 9ms -->
              <step title="Skip function trigger and logicapp sync because function is not enabled." date="2025-09-05T09:26:44.029" /><!-- duration: 12ms -->
              <step title="Purge deployment items" date="2025-09-05T09:26:45.975" >
                <step title="Remove effcc8e3-, Success, received at 08/30/2025 08:24:50" date="2025-09-05T09:26:46.041" /><!-- duration: 5ms -->
              </step><!-- duration: 76ms -->
            </step><!-- duration: 2602ms -->
          </step><!-- duration: 2755ms -->
          <step title="Cleaning up temp files" date="2025-09-05T09:26:46.147" /><!-- duration: 28ms -->
          <step title="Cleaning up temp files" date="2025-09-05T09:26:46.194" /><!-- duration: 507ms -->
          <step title="Reloading status file with latest updates" date="2025-09-05T09:26:46.849" >
            <step title="WebHooksManager.PublishEventAsync: PostDeployment" date="2025-09-05T09:26:46.863" /><!-- duration: 37ms -->
          </step><!-- duration: 57ms -->
          <step title="Cleaning up temporary deployment - fetch deployment was successful" date="2025-09-05T09:26:46.913" /><!-- duration: 5ms -->
        </step><!-- duration: 3787ms -->
      </step><!-- duration: 5646ms -->
