<step title="BackgroundTrace" date="2025-08-29T02:16:14.272" instance="bf6391" url="/api/zipdeploy" method="POST" >
  <step title="Creating temporary deployment - FetchDeploymentManager" date="2025-08-29T02:16:14.336" /><!-- duration: 2ms -->
  <step title="Creating temporary deployment" date="2025-08-29T02:16:14.344" /><!-- duration: 102ms -->
  <step title="Performing fetch based deployment" date="2025-08-29T02:16:14.477" >
    <step title="Deployment timer started" date="2025-08-29T02:16:17.668" >
      <step title="DeploymentManager.Deploy(id:e87cf3e5-2e21-4626-a82a-afb4aa78ba1e)" date="2025-08-29T02:16:17.699" >
        <step title="Collecting changeset information" date="2025-08-29T02:16:17.778" /><!-- duration: 98ms -->
        <step title="Updating submodules" date="2025-08-29T02:16:17.882" /><!-- duration: 1153ms -->
        <step title="Determining deployment builder" date="2025-08-29T02:16:19.256" >
          <step title="Builder is RunFromZipSiteBuilder" date="2025-08-29T02:16:19.275" /><!-- duration: 11ms -->
        </step><!-- duration: 37ms -->
        <step title="PreDeployment: context.CleanOutputPath False" date="2025-08-29T02:16:19.356" >
          <step title="PreDeployment: context.OutputPath /home/site/wwwroot" date="2025-08-29T02:16:19.459" >
            <step title="Building" date="2025-08-29T02:16:19.588" >
              <step title="Triggering recycle (preview mode disabled)." date="2025-08-29T02:16:20.254" /><!-- duration: 22ms -->
              <step title="Modified file to trigger a restart of the app container." date="2025-08-29T02:16:20.367" /><!-- duration: 19ms -->
              <step title="Skip function trigger and logicapp sync because function is not enabled." date="2025-08-29T02:16:20.416" /><!-- duration: 21ms -->
              <step title="Purge deployment items" date="2025-08-29T02:16:22.563" >
                <step title="Remove 78e34e97-, Success, received at 08/28/2025 10:39:08" date="2025-08-29T02:16:22.628" /><!-- duration: 3ms -->
              </step><!-- duration: 73ms -->
            </step><!-- duration: 3109ms -->
          </step><!-- duration: 3242ms -->
          <step title="Cleaning up temp files" date="2025-08-29T02:16:22.705" /><!-- duration: 4ms -->
          <step title="Cleaning up temp files" date="2025-08-29T02:16:22.715" /><!-- duration: 529ms -->
          <step title="Reloading status file with latest updates" date="2025-08-29T02:16:23.325" >
            <step title="WebHooksManager.PublishEventAsync: PostDeployment" date="2025-08-29T02:16:23.343" /><!-- duration: 180ms -->
          </step><!-- duration: 210ms -->
          <step title="Cleaning up temporary deployment - fetch deployment was successful" date="2025-08-29T02:16:23.572" /><!-- duration: 20ms -->
        </step><!-- duration: 4348ms -->
      </step><!-- duration: 6083ms -->
