<step title="Incoming Request" date="2025-08-29T02:41:24.363" instance="bf6391" url="/api/zipdeploy?isAsync=true" method="POST" type="request" pid="821,1,5" Accept="*/*" Host="emergencyassistance-sv-fbanemhrbshuf9bd.scm.japanwest-01.azurewebsites.net" User-Agent="AZURECLI/2.76.0 (DEB)" Accept-Encoding="gzip, deflate" Authorization="Bea..." Cache-Control="no-cache" Content-Type="application/octet-stream" Cookie="ARRAffinity=bf6391891f813fe54cfda5d2cacef026f295eea9a062d1fd7d073d9ea2164a6b; ARRAffinitySameSite=bf6391891f813fe54cfda5d2cacef026f295eea9a062d1fd7d073d9ea2164a6b" Content-Length="537781" x-ms-client-request-id="9fe40e48-8481-11f0-ac69-6045bd7978ff" x-ms-artifact-checksum="783fabe7b8c87c10ba910a08e29ea9cc579d3ce4f574642e1bb2159d3fcff012" X-ARR-LOG-ID="9fe40e48-8481-11f0-ac69-6045bd7978ff" CLIENT-IP="48.214.55.50:50177" X-SITE-DEPLOYMENT-ID="Emergencyassistance-sv" WAS-DEFAULT-HOSTNAME="emergencyassistance-sv-fbanemhrbshuf9bd.scm.japanwest-01.azurewebsites.net" X-Forwarded-Proto="https" X-AppService-Proto="https" X-Forwarded-TlsVersion="1.3" X-WAWS-Unencoded-URL="/api/zipdeploy?isAsync=true" X-Client-IP="48.214.55.50" X-Client-Port="50177" >
  <step title="ZipPushDeploy" date="2025-08-29T02:41:24.411" >
    <step title="ZipDeploy. Run from package." date="2025-08-29T02:41:24.422" /><!-- duration: 5ms -->
    <step title="None repository commit" date="2025-08-29T02:41:24.433" >
      <step title="Commit id: 74f27c06-151f-4b7b-a38f-fbf90618a006" date="2025-08-29T02:41:24.437" Message="N/A" AuthorName="N/A" AuthorEmail="N/A" /><!-- duration: 3ms -->
    </step><!-- duration: 10ms -->
    <step title="Starting PushDeployAsync" date="2025-08-29T02:41:24.447" /><!-- duration: 3ms -->
    <step title="WEBSITE_RUN_FROM_PACKAGE is set to 1. Writing zip to SitePackagesPath" date="2025-08-29T02:41:24.458" /><!-- duration: 4ms -->
    <step title="Copying zip to SitePackages /home/data/SitePackages/20250829024124.zip from request body" date="2025-08-29T02:41:24.477" /><!-- duration: 5ms -->
    <step title="Writing multipart request body to /home/data/SitePackages/20250829024124.zip" date="2025-08-29T02:41:24.509" /><!-- duration: 13ms -->
    <step title="Deleting outdated zip file /home/data/SitePackages/20250829010154.zip" date="2025-08-29T02:41:25.131" /><!-- duration: 14ms -->
    <step title="Start deployment in the background" date="2025-08-29T02:41:25.160" >
      <step title="Acquiring Deployment Lock" date="2025-08-29T02:41:25.197" /><!-- duration: 4ms -->
      <step title="Acquired Deployment Lock" date="2025-08-29T02:41:25.248" /><!-- duration: 18ms -->
    </step><!-- duration: 260ms -->
  </step><!-- duration: 1040ms -->
  <step title="Outgoing response" date="2025-08-29T02:41:25.471" type="response" statusCode="202" statusText="Accepted" /><!-- duration: 3ms -->
</step><!-- duration: 1115ms -->
