<step title="BackgroundTrace" date="2025-09-05T12:21:29.975" instance="0d31d1" url="/api/zipdeploy" method="POST" >
  <step title="Cleanup Xml Logs" date="2025-09-05T12:21:29.985" >
    <step title="Cleanup Infos" date="2025-09-05T12:21:30.002" totalFiles="380" totalCleanup="220" /><!-- duration: 9ms -->
  </step><!-- duration: 31ms -->
  <step title="Creating temporary deployment - FetchDeploymentManager" date="2025-09-05T12:21:30.136" /><!-- duration: 11ms -->
  <step title="Creating temporary deployment" date="2025-09-05T12:21:30.171" /><!-- duration: 65ms -->
  <step title="Performing fetch based deployment" date="2025-09-05T12:21:30.291" >
    <step title="Deployment timer started" date="2025-09-05T12:21:33.861" >
      <step title="DeploymentManager.Deploy(id:8aaa1527-d148-4492-8c14-5d59e03ed5d7)" date="2025-09-05T12:21:33.865" >
        <step title="Collecting changeset information" date="2025-09-05T12:21:33.922" /><!-- duration: 101ms -->
        <step title="Updating submodules" date="2025-09-05T12:21:34.032" /><!-- duration: 1147ms -->
        <step title="Determining deployment builder" date="2025-09-05T12:21:35.423" >
          <step title="Builder is RunFromZipSiteBuilder" date="2025-09-05T12:21:35.441" /><!-- duration: 20ms -->
        </step><!-- duration: 42ms -->
        <step title="PreDeployment: context.CleanOutputPath False" date="2025-09-05T12:21:35.537" >
          <step title="PreDeployment: context.OutputPath /home/site/wwwroot" date="2025-09-05T12:21:35.667" >
            <step title="Building" date="2025-09-05T12:21:35.816" >
              <step title="Triggering recycle (preview mode disabled)." date="2025-09-05T12:21:36.210" /><!-- duration: 15ms -->
              <step title="Modified file to trigger a restart of the app container." date="2025-09-05T12:21:36.283" /><!-- duration: 6ms -->
              <step title="Skip function trigger and logicapp sync because function is not enabled." date="2025-09-05T12:21:36.294" /><!-- duration: 16ms -->
              <step title="Purge deployment items" date="2025-09-05T12:21:37.673" >
                <step title="Remove dae789bf-, Success, received at 09/05/2025 09:14:45" date="2025-09-05T12:21:37.749" /><!-- duration: 5ms -->
              </step><!-- duration: 86ms -->
            </step><!-- duration: 2026ms -->
          </step><!-- duration: 2193ms -->
          <step title="Cleaning up temp files" date="2025-09-05T12:21:37.866" /><!-- duration: 6ms -->
          <step title="Cleaning up temp files" date="2025-09-05T12:21:37.889" /><!-- duration: 511ms -->
          <step title="Reloading status file with latest updates" date="2025-09-05T12:21:38.718" >
            <step title="WebHooksManager.PublishEventAsync: PostDeployment" date="2025-09-05T12:21:38.726" /><!-- duration: 50ms -->
          </step><!-- duration: 69ms -->
          <step title="Cleaning up temporary deployment - fetch deployment was successful" date="2025-09-05T12:21:38.803" /><!-- duration: 10ms -->
        </step><!-- duration: 3623ms -->
      </step><!-- duration: 5317ms -->
