<step title="BackgroundTrace" date="2025-08-30T07:10:18.195" instance="bf6391" url="/api/publish" method="POST" >
  <step title="Creating temporary deployment - FetchDeploymentManager" date="2025-08-30T07:10:18.327" /><!-- duration: 4ms -->
  <step title="Creating temporary deployment" date="2025-08-30T07:10:18.339" /><!-- duration: 100ms -->
  <step title="Performing fetch based deployment" date="2025-08-30T07:10:18.501" >
    <step title="Deployment timer started" date="2025-08-30T07:10:22.049" >
      <step title="DeploymentManager.Deploy(id:011b7ea5-7c6c-43a9-9b84-02e0a6974fa4)" date="2025-08-30T07:10:22.062" >
        <step title="Collecting changeset information" date="2025-08-30T07:10:22.117" /><!-- duration: 129ms -->
        <step title="Updating submodules" date="2025-08-30T07:10:22.255" /><!-- duration: 1135ms -->
        <step title="Determining deployment builder" date="2025-08-30T07:10:23.615" >
          <step title="Builder is RunFromZipSiteBuilder" date="2025-08-30T07:10:23.635" /><!-- duration: 13ms -->
        </step><!-- duration: 39ms -->
        <step title="PreDeployment: context.CleanOutputPath False" date="2025-08-30T07:10:23.721" >
          <step title="PreDeployment: context.OutputPath /home/site/wwwroot" date="2025-08-30T07:10:23.847" >
            <step title="Building" date="2025-08-30T07:10:24.030" >
              <step title="Modified file to trigger a restart of the app container." date="2025-08-30T07:10:24.505" /><!-- duration: 9ms -->
              <step title="Skip function trigger and logicapp sync because function is not enabled." date="2025-08-30T07:10:24.527" /><!-- duration: 23ms -->
              <step title="Purge deployment items" date="2025-08-30T07:10:26.041" >
                <step title="Remove 5808793f-, Success, received at 08/29/2025 10:54:50" date="2025-08-30T07:10:26.122" /><!-- duration: 5ms -->
              </step><!-- duration: 101ms -->
            </step><!-- duration: 2196ms -->
          </step><!-- duration: 2387ms -->
          <step title="Cleaning up temp files" date="2025-08-30T07:10:26.240" /><!-- duration: 12ms -->
          <step title="Cleaning up temp files" date="2025-08-30T07:10:26.266" /><!-- duration: 518ms -->
          <step title="Reloading status file with latest updates" date="2025-08-30T07:10:26.826" >
            <step title="WebHooksManager.PublishEventAsync: PostDeployment" date="2025-08-30T07:10:26.839" /><!-- duration: 103ms -->
          </step><!-- duration: 122ms -->
          <step title="Cleaning up temporary deployment - fetch deployment was successful" date="2025-08-30T07:10:26.957" /><!-- duration: 6ms -->
        </step><!-- duration: 3339ms -->
      </step><!-- duration: 5030ms -->
