<step title="Incoming Request" date="2025-08-28T12:09:13.896" instance="bf6391" url="/api/zipdeploy?isAsync=true" method="POST" type="request" pid="821,1,22" Accept="*/*" Host="emergencyassistance-sv-fbanemhrbshuf9bd.scm.japanwest-01.azurewebsites.net" User-Agent="AZURECLI/2.76.0 (DEB)" Accept-Encoding="gzip, deflate" Authorization="Bea..." Cache-Control="no-cache" Content-Type="application/octet-stream" Cookie="ARRAffinity=bf6391891f813fe54cfda5d2cacef026f295eea9a062d1fd7d073d9ea2164a6b; ARRAffinitySameSite=bf6391891f813fe54cfda5d2cacef026f295eea9a062d1fd7d073d9ea2164a6b" Content-Length="537716" x-ms-client-request-id="c86b9c48-8407-11f0-ac69-7c1e52c1cfaa" x-ms-artifact-checksum="82ee5b031c9fbcea7763fcbc9407409ae2f176ebcb59d9db1ffbf843d9b12c9a" X-ARR-LOG-ID="c86b9c48-8407-11f0-ac69-7c1e52c1cfaa" CLIENT-IP="40.79.245.19:32793" X-SITE-DEPLOYMENT-ID="Emergencyassistance-sv" WAS-DEFAULT-HOSTNAME="emergencyassistance-sv-fbanemhrbshuf9bd.scm.japanwest-01.azurewebsites.net" X-Forwarded-Proto="https" X-AppService-Proto="https" X-Forwarded-TlsVersion="1.3" X-WAWS-Unencoded-URL="/api/zipdeploy?isAsync=true" X-Client-IP="40.79.245.19" X-Client-Port="32793" >
  <step title="ZipPushDeploy" date="2025-08-28T12:09:13.909" >
    <step title="ZipDeploy. Run from package." date="2025-08-28T12:09:13.916" /><!-- duration: 4ms -->
    <step title="Starting PushDeployAsync" date="2025-08-28T12:09:13.927" /><!-- duration: 3ms -->
    <step title="WEBSITE_RUN_FROM_PACKAGE is set to 1. Writing zip to SitePackagesPath" date="2025-08-28T12:09:13.937" /><!-- duration: 20ms -->
    <step title="Copying zip to SitePackages /home/data/SitePackages/20250828120913.zip from request body" date="2025-08-28T12:09:13.978" /><!-- duration: 30ms -->
    <step title="Writing multipart request body to /home/data/SitePackages/20250828120913.zip" date="2025-08-28T12:09:14.171" /><!-- duration: 4ms -->
    <step title="Deleting outdated zip file /home/data/SitePackages/20250828075012.zip" date="2025-08-28T12:09:14.646" /><!-- duration: 6ms -->
    <step title="Start deployment in the background" date="2025-08-28T12:09:14.673" >
      <step title="Acquiring Deployment Lock" date="2025-08-28T12:09:14.709" /><!-- duration: 4ms -->
      <step title="Acquired Deployment Lock" date="2025-08-28T12:09:14.752" /><!-- duration: 7ms -->
    </step><!-- duration: 166ms -->
  </step><!-- duration: 935ms -->
  <step title="Outgoing response" date="2025-08-28T12:09:14.849" type="response" statusCode="202" statusText="Accepted" /><!-- duration: 3ms -->
</step><!-- duration: 959ms -->
