<step title="Incoming Request" date="2025-09-05T11:58:25.013" instance="0d31d1" url="/api/deployments/latest?deployer=GITHUB_ZIP_DEPLOY&amp;time=2025-09-05_11-58-18Z" method="GET" type="request" pid="821,1,62" Host="emergencyassistance-sv-fbanemhrbshuf9bd.scm.japanwest-01.azurewebsites.net" User-Agent="GITHUBACTIONS_DeployWebAppToAzure_6afaea893f47a147fa5dac857d1041ffd4a8f022e29971635168cd4dcb90f2c0" Authorization="Bas..." Content-Type="application/json; charset=utf-8" Cookie="ARRAffinity=0d31d1e3b555b28bd1e1102783713510cb4a14cdd5a5d2b6e8d65e88240d42a3;Path=/;HttpOnly;Secure;Domain=emergencyassistance-sv-fbanemhrbshuf9bd.scm.japanwest-01.azurewebsites.net; ARRAffinitySameSite=0d31d1e3b555b28bd1e1102783713510cb4a14cdd5a5d2b6e8d65e88240d42a3;Path=/;HttpOnly;SameSite=None;Secure;Domain=emergencyassistance-sv-fbanemhrbshuf9bd.scm.japanwest-01.azurewebsites.net" Content-Length="0" X-ARR-LOG-ID="3b9d7a73-7146-42ba-bec3-b7faccd60f62" CLIENT-IP="20.161.44.230:12345" X-SITE-DEPLOYMENT-ID="Emergencyassistance-sv" WAS-DEFAULT-HOSTNAME="emergencyassistance-sv-fbanemhrbshuf9bd.scm.japanwest-01.azurewebsites.net" X-Forwarded-Proto="https" X-AppService-Proto="https" X-Forwarded-TlsVersion="1.3" X-WAWS-Unencoded-URL="/api/deployments/latest?deployer=GITHUB_ZIP_DEPLOY&amp;time=2025-09-05_11-58-18Z" X-Client-IP="20.161.44.230" X-Client-Port="12345" >
  <step title="Cleanup Xml Logs" date="2025-09-05T11:58:25.017" >
    <step title="Cleanup Infos" date="2025-09-05T11:58:25.071" totalFiles="358" totalCleanup="198" /><!-- duration: 21ms -->
  </step><!-- duration: 116ms -->
  <step title="DeploymentService.GetResult" date="2025-09-05T11:58:25.159" >
    <step title="DeploymentService.GetLatestDeployment" date="2025-09-05T11:58:25.166" >
      <step title="DeploymentManager.GetResults" date="2025-09-05T11:58:25.173" /><!-- duration: 1047ms -->
    </step><!-- duration: 1063ms -->
  </step><!-- duration: 1076ms -->
  <step title="Outgoing response" date="2025-09-05T11:58:26.247" type="response" statusCode="202" statusText="Accepted" /><!-- duration: 8ms -->
</step><!-- duration: 1248ms -->
