<step title="BackgroundTrace" date="2025-09-05T12:15:51.727" instance="0d31d1" url="/api/zipdeploy" method="POST" >
  <step title="Cleanup Xml Logs" date="2025-09-05T12:15:51.736" >
    <step title="Cleanup Infos" date="2025-09-05T12:15:51.751" totalFiles="366" totalCleanup="206" /><!-- duration: 12ms -->
  </step><!-- duration: 32ms -->
  <step title="Creating temporary deployment - FetchDeploymentManager" date="2025-09-05T12:15:51.859" /><!-- duration: 5ms -->
  <step title="Creating temporary deployment" date="2025-09-05T12:15:51.870" /><!-- duration: 117ms -->
  <step title="Performing fetch based deployment" date="2025-09-05T12:15:52.061" >
    <step title="Deployment timer started" date="2025-09-05T12:15:55.565" >
      <step title="DeploymentManager.Deploy(id:d7e11632-0d3d-44c0-a372-80b7d96fe675)" date="2025-09-05T12:15:55.595" >
        <step title="Collecting changeset information" date="2025-09-05T12:15:55.694" /><!-- duration: 160ms -->
        <step title="Updating submodules" date="2025-09-05T12:15:55.885" /><!-- duration: 1243ms -->
        <step title="Determining deployment builder" date="2025-09-05T12:15:57.590" >
          <step title="Builder is RunFromZipSiteBuilder" date="2025-09-05T12:15:57.609" /><!-- duration: 12ms -->
        </step><!-- duration: 38ms -->
        <step title="PreDeployment: context.CleanOutputPath False" date="2025-09-05T12:15:57.697" >
          <step title="PreDeployment: context.OutputPath /home/site/wwwroot" date="2025-09-05T12:15:57.818" >
            <step title="Building" date="2025-09-05T12:15:57.978" >
              <step title="Triggering recycle (preview mode disabled)." date="2025-09-05T12:15:58.408" /><!-- duration: 15ms -->
              <step title="Modified file to trigger a restart of the app container." date="2025-09-05T12:15:58.471" /><!-- duration: 6ms -->
              <step title="Skip function trigger and logicapp sync because function is not enabled." date="2025-09-05T12:15:58.483" /><!-- duration: 18ms -->
              <step title="Purge deployment items" date="2025-09-05T12:16:00.506" >
                <step title="Remove 76a22ff1-, Success, received at 09/05/2025 08:47:25" date="2025-09-05T12:16:00.577" /><!-- duration: 7ms -->
              </step><!-- duration: 83ms -->
            </step><!-- duration: 2683ms -->
          </step><!-- duration: 2851ms -->
          <step title="Cleaning up temp files" date="2025-09-05T12:16:00.674" /><!-- duration: 6ms -->
          <step title="Cleaning up temp files" date="2025-09-05T12:16:00.696" /><!-- duration: 518ms -->
          <step title="Reloading status file with latest updates" date="2025-09-05T12:16:01.262" >
            <step title="WebHooksManager.PublishEventAsync: PostDeployment" date="2025-09-05T12:16:01.269" /><!-- duration: 69ms -->
          </step><!-- duration: 80ms -->
          <step title="Cleaning up temporary deployment - fetch deployment was successful" date="2025-09-05T12:16:01.350" /><!-- duration: 5ms -->
        </step><!-- duration: 3759ms -->
      </step><!-- duration: 5893ms -->
