<step title="Incoming Request" date="2025-08-28T11:51:01.434" instance="bf6391" url="/api/zipdeploy?isAsync=true" method="POST" type="request" pid="821,1,37" Accept="*/*" Host="emergencyassistance-sv-fbanemhrbshuf9bd.scm.japanwest-01.azurewebsites.net" User-Agent="AZURECLI/2.76.0 (DEB)" Accept-Encoding="gzip, deflate" Authorization="Bea..." Cache-Control="no-cache" Content-Type="application/octet-stream" Cookie="ARRAffinity=bf6391891f813fe54cfda5d2cacef026f295eea9a062d1fd7d073d9ea2164a6b; ARRAffinitySameSite=bf6391891f813fe54cfda5d2cacef026f295eea9a062d1fd7d073d9ea2164a6b" Content-Length="537875" x-ms-client-request-id="3e92bd32-8405-11f0-ac69-000d3a5c7fe0" x-ms-artifact-checksum="d950745fd7d189d3efef6188e7af88cbc93895fe134a61ff1709158dee11a8dc" X-ARR-LOG-ID="3e92bd32-8405-11f0-ac69-000d3a5c7fe0" CLIENT-IP="52.159.229.55:51265" X-SITE-DEPLOYMENT-ID="Emergencyassistance-sv" WAS-DEFAULT-HOSTNAME="emergencyassistance-sv-fbanemhrbshuf9bd.scm.japanwest-01.azurewebsites.net" X-Forwarded-Proto="https" X-AppService-Proto="https" X-Forwarded-TlsVersion="1.3" X-WAWS-Unencoded-URL="/api/zipdeploy?isAsync=true" X-Client-IP="52.159.229.55" X-Client-Port="51265" >
  <step title="ZipPushDeploy" date="2025-08-28T11:51:01.647" >
    <step title="ZipDeploy. Run from package." date="2025-08-28T11:51:01.655" /><!-- duration: 4ms -->
    <step title="Starting PushDeployAsync" date="2025-08-28T11:51:01.732" /><!-- duration: 4ms -->
    <step title="WEBSITE_RUN_FROM_PACKAGE is set to 1. Writing zip to SitePackagesPath" date="2025-08-28T11:51:01.758" /><!-- duration: 5ms -->
    <step title="Copying zip to SitePackages /home/data/SitePackages/20250828115101.zip from request body" date="2025-08-28T11:51:01.770" /><!-- duration: 9ms -->
    <step title="Writing multipart request body to /home/data/SitePackages/20250828115101.zip" date="2025-08-28T11:51:01.801" /><!-- duration: 18ms -->
    <step title="Deleting outdated zip file /home/data/SitePackages/20250828064505.zip" date="2025-08-28T11:51:01.971" /><!-- duration: 21ms -->
    <step title="Start deployment in the background" date="2025-08-28T11:51:02.007" >
      <step title="Acquiring Deployment Lock" date="2025-08-28T11:51:02.043" /><!-- duration: 6ms -->
      <step title="Acquired Deployment Lock" date="2025-08-28T11:51:02.082" /><!-- duration: 5ms -->
    </step><!-- duration: 210ms -->
  </step><!-- duration: 584ms -->
  <step title="Outgoing response" date="2025-08-28T11:51:02.237" type="response" statusCode="202" statusText="Accepted" /><!-- duration: 4ms -->
</step><!-- duration: 809ms -->
