<step title="BackgroundTrace" date="2025-08-30T07:34:45.786" instance="bf6391" url="/api/publish" method="POST" >
  <step title="Creating temporary deployment - FetchDeploymentManager" date="2025-08-30T07:34:45.881" /><!-- duration: 4ms -->
  <step title="Creating temporary deployment" date="2025-08-30T07:34:45.892" /><!-- duration: 411ms -->
  <step title="Performing fetch based deployment" date="2025-08-30T07:34:46.370" >
    <step title="Deployment timer started" date="2025-08-30T07:34:49.629" >
      <step title="DeploymentManager.Deploy(id:7b20a8c9-acbd-4e3c-a855-22a1697af4d9)" date="2025-08-30T07:34:49.645" >
        <step title="Collecting changeset information" date="2025-08-30T07:34:49.697" /><!-- duration: 119ms -->
        <step title="Updating submodules" date="2025-08-30T07:34:49.825" /><!-- duration: 1132ms -->
        <step title="Determining deployment builder" date="2025-08-30T07:34:51.180" >
          <step title="Builder is RunFromZipSiteBuilder" date="2025-08-30T07:34:51.199" /><!-- duration: 13ms -->
        </step><!-- duration: 39ms -->
        <step title="PreDeployment: context.CleanOutputPath False" date="2025-08-30T07:34:51.299" >
          <step title="PreDeployment: context.OutputPath /home/site/wwwroot" date="2025-08-30T07:34:51.422" >
            <step title="Building" date="2025-08-30T07:34:51.602" >
              <step title="Modified file to trigger a restart of the app container." date="2025-08-30T07:34:52.393" /><!-- duration: 9ms -->
              <step title="Skip function trigger and logicapp sync because function is not enabled." date="2025-08-30T07:34:52.410" /><!-- duration: 21ms -->
              <step title="Purge deployment items" date="2025-08-30T07:34:54.590" >
                <step title="Remove 92d2fa74-, Success, received at 08/29/2025 11:09:06" date="2025-08-30T07:34:54.657" /><!-- duration: 5ms -->
              </step><!-- duration: 78ms -->
            </step><!-- duration: 3171ms -->
          </step><!-- duration: 3371ms -->
          <step title="Cleaning up temp files" date="2025-08-30T07:34:54.805" /><!-- duration: 7ms -->
          <step title="Cleaning up temp files" date="2025-08-30T07:34:54.834" /><!-- duration: 528ms -->
          <step title="Reloading status file with latest updates" date="2025-08-30T07:34:55.412" >
            <step title="WebHooksManager.PublishEventAsync: PostDeployment" date="2025-08-30T07:34:55.419" /><!-- duration: 90ms -->
          </step><!-- duration: 102ms -->
          <step title="Cleaning up temporary deployment - fetch deployment was successful" date="2025-08-30T07:34:55.524" /><!-- duration: 6ms -->
        </step><!-- duration: 4309ms -->
      </step><!-- duration: 5994ms -->
