<step title="Incoming Request" date="2025-08-28T08:16:10.333" instance="bf6391" url="/api/zipdeploy?isAsync=true" method="POST" type="request" pid="823,1,48" Accept="*/*" Host="emergencyassistance-sv-fbanemhrbshuf9bd.scm.japanwest-01.azurewebsites.net" User-Agent="AZURECLI/2.76.0 (DEB)" Accept-Encoding="gzip, deflate" Authorization="Bea..." Cache-Control="no-cache" Content-Type="application/octet-stream" Cookie="ARRAffinity=bf6391891f813fe54cfda5d2cacef026f295eea9a062d1fd7d073d9ea2164a6b; ARRAffinitySameSite=bf6391891f813fe54cfda5d2cacef026f295eea9a062d1fd7d073d9ea2164a6b" Content-Length="302506" x-ms-client-request-id="35373e0c-83e7-11f0-ac69-7c1e52cb8e8f" x-ms-artifact-checksum="4b21fc32008795d874be9cb07365f52d3dfc192b7be7a30689cacaf60c68ccfc" X-ARR-LOG-ID="35373e0c-83e7-11f0-ac69-7c1e52cb8e8f" CLIENT-IP="145.132.100.87:13377" X-SITE-DEPLOYMENT-ID="Emergencyassistance-sv" WAS-DEFAULT-HOSTNAME="emergencyassistance-sv-fbanemhrbshuf9bd.scm.japanwest-01.azurewebsites.net" X-Forwarded-Proto="https" X-AppService-Proto="https" X-Forwarded-TlsVersion="1.3" X-WAWS-Unencoded-URL="/api/zipdeploy?isAsync=true" X-Client-IP="145.132.100.87" X-Client-Port="13377" >
  <step title="Cleanup Xml Logs" date="2025-08-28T08:16:10.338" /><!-- duration: 7ms -->
  <step title="ZipPushDeploy" date="2025-08-28T08:16:10.363" >
    <step title="ZipDeploy. Run from package." date="2025-08-28T08:16:10.372" /><!-- duration: 5ms -->
    <step title="Starting PushDeployAsync" date="2025-08-28T08:16:10.397" /><!-- duration: 4ms -->
    <step title="WEBSITE_RUN_FROM_PACKAGE is set to 1. Writing zip to SitePackagesPath" date="2025-08-28T08:16:10.418" /><!-- duration: 10ms -->
    <step title="Copying zip to SitePackages /home/data/SitePackages/20250828081610.zip from request body" date="2025-08-28T08:16:10.438" /><!-- duration: 11ms -->
    <step title="Writing multipart request body to /home/data/SitePackages/20250828081610.zip" date="2025-08-28T08:16:10.468" /><!-- duration: 10ms -->
    <step title="Deleting outdated zip file /home/data/SitePackages/20250828045942.zip" date="2025-08-28T08:16:10.787" /><!-- duration: 61ms -->
    <step title="Start deployment in the background" date="2025-08-28T08:16:10.908" >
      <step title="Acquiring Deployment Lock" date="2025-08-28T08:16:11.027" /><!-- duration: 30ms -->
      <step title="Acquired Deployment Lock" date="2025-08-28T08:16:11.159" /><!-- duration: 19ms -->
    </step><!-- duration: 530ms -->
  </step><!-- duration: 1119ms -->
  <step title="Outgoing response" date="2025-08-28T08:16:11.501" type="response" statusCode="202" statusText="Accepted" /><!-- duration: 19ms -->
</step><!-- duration: 1199ms -->
