<step title="Incoming Request" date="2025-09-05T09:26:44.366" instance="0d31d1" url="/api/deployments/latest?deployer=GITHUB_ZIP_DEPLOY&amp;time=2025-09-05_09-26-37Z" method="GET" type="request" pid="821,1,28" Host="emergencyassistance-sv-fbanemhrbshuf9bd.scm.japanwest-01.azurewebsites.net" User-Agent="GITHUBACTIONS_DeployWebAppToAzure_6afaea893f47a147fa5dac857d1041ffd4a8f022e29971635168cd4dcb90f2c0" Authorization="Bas..." Content-Type="application/json; charset=utf-8" Cookie="ARRAffinity=0d31d1e3b555b28bd1e1102783713510cb4a14cdd5a5d2b6e8d65e88240d42a3;Path=/;HttpOnly;Secure;Domain=emergencyassistance-sv-fbanemhrbshuf9bd.scm.japanwest-01.azurewebsites.net; ARRAffinitySameSite=0d31d1e3b555b28bd1e1102783713510cb4a14cdd5a5d2b6e8d65e88240d42a3;Path=/;HttpOnly;SameSite=None;Secure;Domain=emergencyassistance-sv-fbanemhrbshuf9bd.scm.japanwest-01.azurewebsites.net" Content-Length="0" X-ARR-LOG-ID="e9f7bf5c-9e4a-476a-a97b-9e93f665c053" CLIENT-IP="172.182.194.212:7169" X-SITE-DEPLOYMENT-ID="Emergencyassistance-sv" WAS-DEFAULT-HOSTNAME="emergencyassistance-sv-fbanemhrbshuf9bd.scm.japanwest-01.azurewebsites.net" X-Forwarded-Proto="https" X-AppService-Proto="https" X-Forwarded-TlsVersion="1.3" X-WAWS-Unencoded-URL="/api/deployments/latest?deployer=GITHUB_ZIP_DEPLOY&amp;time=2025-09-05_09-26-37Z" X-Client-IP="172.182.194.212" X-Client-Port="7169" >
  <step title="Cleanup Xml Logs" date="2025-09-05T09:26:44.380" >
    <step title="Cleanup Infos" date="2025-09-05T09:26:44.417" totalFiles="319" totalCleanup="159" /><!-- duration: 9ms -->
  </step><!-- duration: 50ms -->
  <step title="DeploymentService.GetResult" date="2025-09-05T09:26:44.442" >
    <step title="DeploymentService.GetLatestDeployment" date="2025-09-05T09:26:44.448" >
      <step title="DeploymentManager.GetResults" date="2025-09-05T09:26:44.459" /><!-- duration: 1262ms -->
    </step><!-- duration: 1280ms -->
  </step><!-- duration: 1295ms -->
  <step title="Outgoing response" date="2025-09-05T09:26:45.743" type="response" statusCode="202" statusText="Accepted" /><!-- duration: 7ms -->
</step><!-- duration: 1389ms -->
