<step title="BackgroundTrace" date="2025-08-29T03:01:14.780" instance="bf6391" url="/api/zipdeploy" method="POST" >
  <step title="Creating temporary deployment - FetchDeploymentManager" date="2025-08-29T03:01:14.849" /><!-- duration: 3ms -->
  <step title="Creating temporary deployment" date="2025-08-29T03:01:14.858" /><!-- duration: 103ms -->
  <step title="Performing fetch based deployment" date="2025-08-29T03:01:15.001" >
    <step title="Deployment timer started" date="2025-08-29T03:01:18.220" >
      <step title="DeploymentManager.Deploy(id:97ba83ac-f2a9-46e8-a8c9-85f43f58b8ed)" date="2025-08-29T03:01:18.229" >
        <step title="Collecting changeset information" date="2025-08-29T03:01:18.286" /><!-- duration: 206ms -->
        <step title="Updating submodules" date="2025-08-29T03:01:18.500" /><!-- duration: 1234ms -->
        <step title="Determining deployment builder" date="2025-08-29T03:01:20.943" >
          <step title="Builder is RunFromZipSiteBuilder" date="2025-08-29T03:01:20.958" /><!-- duration: 17ms -->
        </step><!-- duration: 37ms -->
        <step title="PreDeployment: context.CleanOutputPath False" date="2025-08-29T03:01:21.032" >
          <step title="PreDeployment: context.OutputPath /home/site/wwwroot" date="2025-08-29T03:01:21.149" >
            <step title="Building" date="2025-08-29T03:01:21.596" >
              <step title="Triggering recycle (preview mode disabled)." date="2025-08-29T03:01:21.956" /><!-- duration: 25ms -->
              <step title="Modified file to trigger a restart of the app container." date="2025-08-29T03:01:22.010" /><!-- duration: 33ms -->
              <step title="Skip function trigger and logicapp sync because function is not enabled." date="2025-08-29T03:01:22.060" /><!-- duration: 20ms -->
              <step title="Purge deployment items" date="2025-08-29T03:01:23.976" >
                <step title="Remove 9c14b05f-, Success, received at 08/28/2025 11:51:05" date="2025-08-29T03:01:24.027" /><!-- duration: 3ms -->
              </step><!-- duration: 58ms -->
            </step><!-- duration: 2511ms -->
          </step><!-- duration: 2964ms -->
          <step title="Cleaning up temp files" date="2025-08-29T03:01:24.116" /><!-- duration: 4ms -->
          <step title="Cleaning up temp files" date="2025-08-29T03:01:24.134" /><!-- duration: 531ms -->
          <step title="Reloading status file with latest updates" date="2025-08-29T03:01:24.715" >
            <step title="WebHooksManager.PublishEventAsync: PostDeployment" date="2025-08-29T03:01:24.719" /><!-- duration: 33ms -->
          </step><!-- duration: 45ms -->
          <step title="Cleaning up temporary deployment - fetch deployment was successful" date="2025-08-29T03:01:24.766" /><!-- duration: 3ms -->
        </step><!-- duration: 3803ms -->
      </step><!-- duration: 6623ms -->
