<step title="Incoming Request" date="2025-09-05T12:17:25.129" instance="0d31d1" url="/api/zipdeploy?isAsync=true&amp;deployer=GITHUB_ZIP_DEPLOY&amp;message=%7B%22type%22%3A%22deployment%22%2C%22sha%22%3A%22e07370f75f3ac15474f2e34fcecaf9b7184a44d9%22%2C%22repoName%22%3A%22Satoshi-Niina%2FEmergency-Assistance%22%2C%22actor%22%3A%22Satoshi-Niina%22%2C%22slotName%22%3A%22Production%22%2C%22commitMessage%22%3A%22Minimal%20fix%20for%20403%20health%20check%20errors%20-%20streamlined%20Azure%20App%20Service%20config%22%7D" method="POST" type="request" pid="823,1,23" Host="emergencyassistance-sv-fbanemhrbshuf9bd.scm.japanwest-01.azurewebsites.net" User-Agent="GITHUBACTIONS_DeployWebAppToAzure_6afaea893f47a147fa5dac857d1041ffd4a8f022e29971635168cd4dcb90f2c0" Authorization="Bas..." Content-Type="application/octet-stream" Cookie="ARRAffinity=0d31d1e3b555b28bd1e1102783713510cb4a14cdd5a5d2b6e8d65e88240d42a3;Path=/;HttpOnly;Secure;Domain=emergencyassistance-sv-fbanemhrbshuf9bd.scm.japanwest-01.azurewebsites.net; ARRAffinitySameSite=0d31d1e3b555b28bd1e1102783713510cb4a14cdd5a5d2b6e8d65e88240d42a3;Path=/;HttpOnly;SameSite=None;Secure;Domain=emergencyassistance-sv-fbanemhrbshuf9bd.scm.japanwest-01.azurewebsites.net" Transfer-Encoding="chunked" X-ARR-LOG-ID="5f4ca461-719e-434b-b1c7-e8d0c96b3f1f" CLIENT-IP="4.246.134.180:9248" X-SITE-DEPLOYMENT-ID="Emergencyassistance-sv" WAS-DEFAULT-HOSTNAME="emergencyassistance-sv-fbanemhrbshuf9bd.scm.japanwest-01.azurewebsites.net" X-Forwarded-Proto="https" X-AppService-Proto="https" X-Forwarded-TlsVersion="1.3" X-WAWS-Unencoded-URL="/api/zipdeploy?isAsync=true&amp;deployer=GITHUB_ZIP_DEPLOY&amp;message=%7B%22type%22%3A%22deployment%22%2C%22sha%22%3A%22e07370f75f3ac15474f2e34fcecaf9b7184a44d9%22%2C%22repoName%22%3A%22Satoshi-Niina%2FEmergency-Assistance%22%2C%22actor%22%3A%22Satoshi-Niina%22%2C%22slotName%22%3A%22Production%22%2C%22commitMessage%22%3A%22Minimal%20fix%20for%20403%20health%20check%20errors%20-%20streamlined%20Azure%20App%20Service%20config%22%7D" X-Client-IP="4.246.134.180" X-Client-Port="9248" >
  <step title="Cleanup Xml Logs" date="2025-09-05T12:17:25.211" >
    <step title="Cleanup Infos" date="2025-09-05T12:17:25.388" totalFiles="372" totalCleanup="212" /><!-- duration: 60ms -->
  </step><!-- duration: 294ms -->
  <step title="ZipPushDeploy" date="2025-09-05T12:17:25.935" >
    <step title="ZipDeploy. Run from package." date="2025-09-05T12:17:26.084" /><!-- duration: 131ms -->
    <step title="Starting PushDeployAsync" date="2025-09-05T12:17:26.362" /><!-- duration: 40ms -->
    <step title="WEBSITE_RUN_FROM_PACKAGE is set to 1. Writing zip to SitePackagesPath" date="2025-09-05T12:17:26.700" /><!-- duration: 68ms -->
    <step title="Copying zip to SitePackages /home/data/SitePackages/20250905121726.zip from request body" date="2025-09-05T12:17:26.834" /><!-- duration: 126ms -->
    <step title="Writing multipart request body to /home/data/SitePackages/20250905121726.zip" date="2025-09-05T12:17:27.056" /><!-- duration: 60ms -->
    <step title="Deleting outdated zip file /home/data/SitePackages/20250905112829.zip" date="2025-09-05T12:17:33.672" /><!-- duration: 31ms -->
    <step title="Start deployment in the background" date="2025-09-05T12:17:33.774" >
      <step title="Acquiring Deployment Lock" date="2025-09-05T12:17:34.031" /><!-- duration: 20ms -->
      <step title="Acquired Deployment Lock" date="2025-09-05T12:17:34.221" /><!-- duration: 29ms -->
    </step><!-- duration: 815ms -->
  </step><!-- duration: 8685ms -->
  <step title="Outgoing response" date="2025-09-05T12:17:34.641" type="response" statusCode="202" statusText="Accepted" /><!-- duration: 21ms -->
</step><!-- duration: 9551ms -->
