<step title="Incoming Request" date="2025-08-26T12:12:54.972" instance="bf6391" url="/api/zipdeploy?isAsync=true" method="POST" type="request" pid="821,1,7" Accept="*/*" Host="emergencyassistance-sv-fbanemhrbshuf9bd.scm.japanwest-01.azurewebsites.net" User-Agent="AZURECLI/2.76.0 (DEB)" Accept-Encoding="gzip, deflate" Authorization="Bea..." Cache-Control="no-cache" Content-Type="application/octet-stream" Content-Length="59079" x-ms-client-request-id="cad9f116-8275-11f0-abcd-7c1e529393aa" x-ms-artifact-checksum="150b3c60b287d1f969cebe26506ae041958577f48332f4b25588d6fdd78eb210" X-ARR-LOG-ID="cad9f116-8275-11f0-abcd-7c1e529393aa" CLIENT-IP="20.109.38.161:57280" X-SITE-DEPLOYMENT-ID="Emergencyassistance-sv" WAS-DEFAULT-HOSTNAME="emergencyassistance-sv-fbanemhrbshuf9bd.scm.japanwest-01.azurewebsites.net" X-Forwarded-Proto="https" X-AppService-Proto="https" X-Forwarded-TlsVersion="1.3" X-WAWS-Unencoded-URL="/api/zipdeploy?isAsync=true" X-Client-IP="20.109.38.161" X-Client-Port="57280" >
  <step title="ZipPushDeploy" date="2025-08-26T12:12:55.372" >
    <step title="ZipDeploy. Run from package." date="2025-08-26T12:12:55.383" /><!-- duration: 5ms -->
    <step title="None repository commit" date="2025-08-26T12:12:55.394" >
      <step title="Commit id: 43fa6da5-afdd-44fd-a5bd-1cc71a491c0b" date="2025-08-26T12:12:55.398" Message="N/A" AuthorName="N/A" AuthorEmail="N/A" /><!-- duration: 4ms -->
    </step><!-- duration: 11ms -->
    <step title="Starting PushDeployAsync" date="2025-08-26T12:12:55.409" /><!-- duration: 12ms -->
    <step title="WEBSITE_RUN_FROM_PACKAGE is set to 1. Writing zip to SitePackagesPath" date="2025-08-26T12:12:55.433" /><!-- duration: 4ms -->
    <step title="Copying zip to SitePackages /home/data/SitePackages/20250826121255.zip from request body" date="2025-08-26T12:12:55.447" /><!-- duration: 6ms -->
    <step title="Writing multipart request body to /home/data/SitePackages/20250826121255.zip" date="2025-08-26T12:12:55.472" /><!-- duration: 19ms -->
    <step title="Start deployment in the background" date="2025-08-26T12:12:55.593" >
      <step title="Acquiring Deployment Lock" date="2025-08-26T12:12:55.634" /><!-- duration: 11ms -->
      <step title="Acquired Deployment Lock" date="2025-08-26T12:12:55.689" /><!-- duration: 4ms -->
    </step><!-- duration: 183ms -->
  </step><!-- duration: 410ms -->
  <step title="Outgoing response" date="2025-08-26T12:12:55.797" type="response" statusCode="202" statusText="Accepted" /><!-- duration: 4ms -->
</step><!-- duration: 832ms -->
