<step title="Incoming Request" date="2025-08-29T10:36:55.282" instance="bf6391" url="/api/publish?async=true&amp;deployer=GITHUB_ONE_DEPLOY&amp;type=zip&amp;message=%7B%22type%22%3A%22deployment%22%2C%22sha%22%3A%226747d845390828261eb6874887a3f4b4e6f96417%22%2C%22repoName%22%3A%22Satoshi-Niina%2FEmergency-Assistance%22%2C%22actor%22%3A%22Satoshi-Niina%22%2C%22slotName%22%3A%22production%22%2C%22commitMessage%22%3A%22chore%3A%20%E3%83%95%E3%83%AD%E3%83%B3%E3%83%88%E3%82%A8%E3%83%B3%E3%83%89%E5%8D%98%E4%BD%93%E3%83%93%E3%83%AB%E3%83%89%E7%94%A8%E3%81%ABYAML%E4%BF%AE%E6%AD%A3%22%7D" method="POST" type="request" pid="821,1,63" Host="emergencyassistance-sv-fbanemhrbshuf9bd.scm.japanwest-01.azurewebsites.net" User-Agent="GITHUBACTIONS_DeployWebAppToAzure_6afaea893f47a147fa5dac857d1041ffd4a8f022e29971635168cd4dcb90f2c0" Authorization="Bea..." Content-Type="application/octet-stream" Cookie="ARRAffinity=bf6391891f813fe54cfda5d2cacef026f295eea9a062d1fd7d073d9ea2164a6b;Path=/;HttpOnly;Secure;Domain=emergencyassistance-sv-fbanemhrbshuf9bd.scm.japanwest-01.azurewebsites.net; ARRAffinitySameSite=bf6391891f813fe54cfda5d2cacef026f295eea9a062d1fd7d073d9ea2164a6b;Path=/;HttpOnly;SameSite=None;Secure;Domain=emergencyassistance-sv-fbanemhrbshuf9bd.scm.japanwest-01.azurewebsites.net" Transfer-Encoding="chunked" X-ARR-LOG-ID="fddf34ee-f98e-4fe3-9c7c-acbd325c4e36" CLIENT-IP="172.182.213.148:48160" X-SITE-DEPLOYMENT-ID="Emergencyassistance-sv" WAS-DEFAULT-HOSTNAME="emergencyassistance-sv-fbanemhrbshuf9bd.scm.japanwest-01.azurewebsites.net" X-Forwarded-Proto="https" X-AppService-Proto="https" X-Forwarded-TlsVersion="1.3" X-WAWS-Unencoded-URL="/api/publish?async=true&amp;deployer=GITHUB_ONE_DEPLOY&amp;type=zip&amp;message=%7B%22type%22%3A%22deployment%22%2C%22sha%22%3A%226747d845390828261eb6874887a3f4b4e6f96417%22%2C%22repoName%22%3A%22Satoshi-Niina%2FEmergency-Assistance%22%2C%22actor%22%3A%22Satoshi-Niina%22%2C%22slotName%22%3A%22production%22%2C%22commitMessage%22%3A%22chore%3A%20%E3%83%95%E3%83%AD%E3%83%B3%E3%83%88%E3%82%A8%E3%83%B3%E3%83%89%E5%8D%98%E4%BD%93%E3%83%93%E3%83%AB%E3%83%89%E7%94%A8%E3%81%ABYAML%E4%BF%AE%E6%AD%A3%22%7D" X-Client-IP="172.182.213.148" X-Client-Port="48160" >
  <step title="OneDeploy" date="2025-08-29T10:36:55.535" >
    <step title="None repository commit" date="2025-08-29T10:36:55.558" >
      <step title="Commit id: 2f64b20a-bf57-4d74-8d89-47699d29ec08" date="2025-08-29T10:36:55.562" Message="N/A" AuthorName="N/A" AuthorEmail="N/A" /><!-- duration: 3ms -->
    </step><!-- duration: 10ms -->
    <step title="Starting PushDeployAsync" date="2025-08-29T10:36:55.571" /><!-- duration: 3ms -->
    <step title="WEBSITE_RUN_FROM_PACKAGE is set to 1. Writing zip to SitePackagesPath" date="2025-08-29T10:36:55.591" /><!-- duration: 6ms -->
    <step title="Copying zip to SitePackages /home/data/SitePackages/20250829103655.zip from request body" date="2025-08-29T10:36:55.605" /><!-- duration: 18ms -->
    <step title="Writing multipart request body to /home/data/SitePackages/20250829103655.zip" date="2025-08-29T10:36:55.635" /><!-- duration: 8ms -->
    <step title="Deleting outdated zip file /home/data/SitePackages/20250829074638.zip" date="2025-08-29T10:36:55.949" /><!-- duration: 17ms -->
    <step title="Start deployment in the background" date="2025-08-29T10:36:55.984" >
      <step title="Acquiring Deployment Lock" date="2025-08-29T10:36:56.009" /><!-- duration: 11ms -->
      <step title="Acquired Deployment Lock" date="2025-08-29T10:36:56.075" /><!-- duration: 9ms -->
    </step><!-- duration: 219ms -->
  </step><!-- duration: 677ms -->
  <step title="Outgoing response" date="2025-08-29T10:36:56.221" type="response" statusCode="202" statusText="Accepted" /><!-- duration: 3ms -->
</step><!-- duration: 946ms -->
