<step title="Incoming Request" date="2025-08-29T01:01:54.387" instance="bf6391" url="/api/zipdeploy?isAsync=true" method="POST" type="request" pid="823,1,36" Accept="*/*" Host="emergencyassistance-sv-fbanemhrbshuf9bd.scm.japanwest-01.azurewebsites.net" User-Agent="AZURECLI/2.76.0 (DEB)" Accept-Encoding="gzip, deflate" Authorization="Bea..." Cache-Control="no-cache" Content-Type="application/octet-stream" Cookie="ARRAffinity=bf6391891f813fe54cfda5d2cacef026f295eea9a062d1fd7d073d9ea2164a6b; ARRAffinitySameSite=bf6391891f813fe54cfda5d2cacef026f295eea9a062d1fd7d073d9ea2164a6b" Content-Length="537716" x-ms-client-request-id="bd2a4cbe-8473-11f0-ac69-7ced8d554247" x-ms-artifact-checksum="a8427dbaa5873a38a2d73650b8255bb058ff7ab486f6ec17b7d77763b0c1270c" X-ARR-LOG-ID="bd2a4cbe-8473-11f0-ac69-7ced8d554247" CLIENT-IP="64.236.200.83:43033" X-SITE-DEPLOYMENT-ID="Emergencyassistance-sv" WAS-DEFAULT-HOSTNAME="emergencyassistance-sv-fbanemhrbshuf9bd.scm.japanwest-01.azurewebsites.net" X-Forwarded-Proto="https" X-AppService-Proto="https" X-Forwarded-TlsVersion="1.3" X-WAWS-Unencoded-URL="/api/zipdeploy?isAsync=true" X-Client-IP="64.236.200.83" X-Client-Port="43033" >
  <step title="ZipPushDeploy" date="2025-08-29T01:01:54.417" >
    <step title="ZipDeploy. Run from package." date="2025-08-29T01:01:54.427" /><!-- duration: 4ms -->
    <step title="Starting PushDeployAsync" date="2025-08-29T01:01:54.438" /><!-- duration: 4ms -->
    <step title="WEBSITE_RUN_FROM_PACKAGE is set to 1. Writing zip to SitePackagesPath" date="2025-08-29T01:01:54.459" /><!-- duration: 3ms -->
    <step title="Copying zip to SitePackages /home/data/SitePackages/20250829010154.zip from request body" date="2025-08-29T01:01:54.481" /><!-- duration: 20ms -->
    <step title="Writing multipart request body to /home/data/SitePackages/20250829010154.zip" date="2025-08-29T01:01:54.512" /><!-- duration: 3ms -->
    <step title="Deleting outdated zip file /home/data/SitePackages/20250828112812.zip" date="2025-08-29T01:01:55.002" /><!-- duration: 18ms -->
    <step title="Start deployment in the background" date="2025-08-29T01:01:55.053" >
      <step title="Acquiring Deployment Lock" date="2025-08-29T01:01:55.160" /><!-- duration: 11ms -->
      <step title="Acquired Deployment Lock" date="2025-08-29T01:01:55.205" /><!-- duration: 3ms -->
    </step><!-- duration: 302ms -->
  </step><!-- duration: 947ms -->
  <step title="Outgoing response" date="2025-08-29T01:01:55.369" type="response" statusCode="202" statusText="Accepted" /><!-- duration: 3ms -->
</step><!-- duration: 989ms -->
