<step title="BackgroundTrace" date="2025-08-29T00:37:22.851" instance="bf6391" url="/api/zipdeploy" method="POST" >
  <step title="Creating temporary deployment - FetchDeploymentManager" date="2025-08-29T00:37:22.950" /><!-- duration: 2ms -->
  <step title="Creating temporary deployment" date="2025-08-29T00:37:22.957" /><!-- duration: 116ms -->
  <step title="Performing fetch based deployment" date="2025-08-29T00:37:23.137" >
    <step title="Deployment timer started" date="2025-08-29T00:37:26.361" >
      <step title="DeploymentManager.Deploy(id:2846475e-7888-420b-a8a5-93c158555670)" date="2025-08-29T00:37:26.388" >
        <step title="Collecting changeset information" date="2025-08-29T00:37:26.441" /><!-- duration: 126ms -->
        <step title="Updating submodules" date="2025-08-29T00:37:26.588" /><!-- duration: 1161ms -->
        <step title="Determining deployment builder" date="2025-08-29T00:37:27.985" >
          <step title="Builder is RunFromZipSiteBuilder" date="2025-08-29T00:37:28.008" /><!-- duration: 11ms -->
        </step><!-- duration: 42ms -->
        <step title="PreDeployment: context.CleanOutputPath False" date="2025-08-29T00:37:28.102" >
          <step title="PreDeployment: context.OutputPath /home/site/wwwroot" date="2025-08-29T00:37:28.240" >
            <step title="Building" date="2025-08-29T00:37:28.425" >
              <step title="Triggering recycle (preview mode disabled)." date="2025-08-29T00:37:28.868" /><!-- duration: 11ms -->
              <step title="Modified file to trigger a restart of the app container." date="2025-08-29T00:37:28.914" /><!-- duration: 4ms -->
              <step title="Skip function trigger and logicapp sync because function is not enabled." date="2025-08-29T00:37:28.926" /><!-- duration: 18ms -->
              <step title="Purge deployment items" date="2025-08-29T00:37:30.559" >
                <step title="Remove 4d4eeda1-, Success, received at 08/28/2025 05:28:36" date="2025-08-29T00:37:30.627" /><!-- duration: 4ms -->
              </step><!-- duration: 84ms -->
            </step><!-- duration: 2848ms -->
          </step><!-- duration: 3039ms -->
          <step title="Cleaning up temp files" date="2025-08-29T00:37:31.283" /><!-- duration: 6ms -->
          <step title="Cleaning up temp files" date="2025-08-29T00:37:31.308" /><!-- duration: 532ms -->
          <step title="Reloading status file with latest updates" date="2025-08-29T00:37:31.897" >
            <step title="WebHooksManager.PublishEventAsync: PostDeployment" date="2025-08-29T00:37:31.914" /><!-- duration: 241ms -->
          </step><!-- duration: 261ms -->
          <step title="Cleaning up temporary deployment - fetch deployment was successful" date="2025-08-29T00:37:32.167" /><!-- duration: 10ms -->
        </step><!-- duration: 4221ms -->
      </step><!-- duration: 5994ms -->
