<step title="Incoming Request" date="2025-09-05T09:26:33.325" instance="0d31d1" url="/api/zipdeploy?isAsync=true&amp;deployer=GITHUB_ZIP_DEPLOY&amp;message=%7B%22type%22%3A%22deployment%22%2C%22sha%22%3A%2252bfe1b183ce0254fc01e5f68c3fd09129b24206%22%2C%22repoName%22%3A%22Satoshi-Niina%2FEmergency-Assistance%22%2C%22actor%22%3A%22Satoshi-Niina%22%2C%22slotName%22%3A%22Production%22%2C%22commitMessage%22%3A%22fix%3A%20Convert%20health%20endpoint%20to%20TypeScript%20with%20Express%20Router%5Cn%5Cn-%20Remove%20health.js%20and%20restore%20health.ts%20for%20TypeScript%20compatibility%5Cn-%20Convert%20health%20endpoint%20from%20function%20to%20Express%20Router%20pattern%5Cn-%20Update%20index.ts%20to%20use%20healthRouter%20instead%20of%20registerHealth%20function%5Cn-%20Fix%20import%20path%20for%20NodeNext%20module%20resolution%20(.js%20extension%20required)%5Cn-%20Resolve%20TypeScript%20build%20errors%20(TS7016%2C%20TS2305)%5Cn%5CnEndpoints%3A%5Cn-%20GET%20%2Fhealth%2F%20-%3E%20200%20OK%20(now%20using%20Router%20pattern)%22%7D" method="POST" type="request" pid="821,1,22" Host="emergencyassistance-sv-fbanemhrbshuf9bd.scm.japanwest-01.azurewebsites.net" User-Agent="GITHUBACTIONS_DeployWebAppToAzure_6afaea893f47a147fa5dac857d1041ffd4a8f022e29971635168cd4dcb90f2c0" Authorization="Bas..." Content-Type="application/octet-stream" Cookie="ARRAffinity=0d31d1e3b555b28bd1e1102783713510cb4a14cdd5a5d2b6e8d65e88240d42a3;Path=/;HttpOnly;Secure;Domain=emergencyassistance-sv-fbanemhrbshuf9bd.scm.japanwest-01.azurewebsites.net; ARRAffinitySameSite=0d31d1e3b555b28bd1e1102783713510cb4a14cdd5a5d2b6e8d65e88240d42a3;Path=/;HttpOnly;SameSite=None;Secure;Domain=emergencyassistance-sv-fbanemhrbshuf9bd.scm.japanwest-01.azurewebsites.net" Transfer-Encoding="chunked" X-ARR-LOG-ID="0b24cd32-6984-4727-9b5c-e60878dced83" CLIENT-IP="172.182.194.212:7168" X-SITE-DEPLOYMENT-ID="Emergencyassistance-sv" WAS-DEFAULT-HOSTNAME="emergencyassistance-sv-fbanemhrbshuf9bd.scm.japanwest-01.azurewebsites.net" X-Forwarded-Proto="https" X-AppService-Proto="https" X-Forwarded-TlsVersion="1.3" X-WAWS-Unencoded-URL="/api/zipdeploy?isAsync=true&amp;deployer=GITHUB_ZIP_DEPLOY&amp;message=%7B%22type%22%3A%22deployment%22%2C%22sha%22%3A%2252bfe1b183ce0254fc01e5f68c3fd09129b24206%22%2C%22repoName%22%3A%22Satoshi-Niina%2FEmergency-Assistance%22%2C%22actor%22%3A%22Satoshi-Niina%22%2C%22slotName%22%3A%22Production%22%2C%22commitMessage%22%3A%22fix%3A%20Convert%20health%20endpoint%20to%20TypeScript%20with%20Express%20Router%5Cn%5Cn-%20Remove%20health.js%20and%20restore%20health.ts%20for%20TypeScript%20compatibility%5Cn-%20Convert%20health%20endpoint%20from%20function%20to%20Express%20Router%20pattern%5Cn-%20Update%20index.ts%20to%20use%20healthRouter%20instead%20of%20registerHealth%20function%5Cn-%20Fix%20import%20path%20for%20NodeNext%20module%20resolution%20(.js%20extension%20required)%5Cn-%20Resolve%20TypeScript%20build%20errors%20(TS7016%2C%20TS2305)%5Cn%5CnEndpoints%3A%5Cn-%20GET%20%2Fhealth%2F%20-%3E%20200%20OK%20(now%20using%20Router%20pattern)%22%7D" X-Client-IP="172.182.194.212" X-Client-Port="7168" >
  <step title="Cleanup Xml Logs" date="2025-09-05T09:26:33.329" >
    <step title="Cleanup Infos" date="2025-09-05T09:26:33.345" totalFiles="316" totalCleanup="156" /><!-- duration: 8ms -->
  </step><!-- duration: 28ms -->
  <step title="ZipPushDeploy" date="2025-09-05T09:26:33.374" >
    <step title="ZipDeploy. Run from package." date="2025-09-05T09:26:33.382" /><!-- duration: 5ms -->
    <step title="Starting PushDeployAsync" date="2025-09-05T09:26:33.394" /><!-- duration: 6ms -->
    <step title="WEBSITE_RUN_FROM_PACKAGE is set to 1. Writing zip to SitePackagesPath" date="2025-09-05T09:26:33.411" /><!-- duration: 8ms -->
    <step title="Copying zip to SitePackages /home/data/SitePackages/20250905092633.zip from request body" date="2025-09-05T09:26:33.429" /><!-- duration: 28ms -->
    <step title="Writing multipart request body to /home/data/SitePackages/20250905092633.zip" date="2025-09-05T09:26:33.467" /><!-- duration: 13ms -->
    <step title="Deleting outdated zip file /home/data/SitePackages/20250905081025.zip" date="2025-09-05T09:26:37.625" /><!-- duration: 19ms -->
    <step title="Start deployment in the background" date="2025-09-05T09:26:37.656" >
      <step title="Acquiring Deployment Lock" date="2025-09-05T09:26:37.704" /><!-- duration: 5ms -->
      <step title="Acquired Deployment Lock" date="2025-09-05T09:26:37.740" /><!-- duration: 5ms -->
    </step><!-- duration: 177ms -->
  </step><!-- duration: 4465ms -->
  <step title="Outgoing response" date="2025-09-05T09:26:37.844" type="response" statusCode="202" statusText="Accepted" /><!-- duration: 5ms -->
</step><!-- duration: 4539ms -->
