<step title="BackgroundTrace" date="2025-08-29T11:28:11.721" instance="bf6391" url="/api/publish" method="POST" >
  <step title="Creating temporary deployment - FetchDeploymentManager" date="2025-08-29T11:28:11.819" /><!-- duration: 3ms -->
  <step title="Creating temporary deployment" date="2025-08-29T11:28:11.827" /><!-- duration: 95ms -->
  <step title="Performing fetch based deployment" date="2025-08-29T11:28:11.966" >
    <step title="Deployment timer started" date="2025-08-29T11:28:15.159" >
      <step title="DeploymentManager.Deploy(id:6306c528-2aea-4fc2-8e2a-9e5fdb2b15cb)" date="2025-08-29T11:28:15.167" >
        <step title="Collecting changeset information" date="2025-08-29T11:28:15.217" /><!-- duration: 118ms -->
        <step title="Updating submodules" date="2025-08-29T11:28:15.341" /><!-- duration: 1106ms -->
        <step title="Determining deployment builder" date="2025-08-29T11:28:16.669" >
          <step title="Builder is RunFromZipSiteBuilder" date="2025-08-29T11:28:16.711" /><!-- duration: 31ms -->
        </step><!-- duration: 80ms -->
        <step title="PreDeployment: context.CleanOutputPath False" date="2025-08-29T11:28:16.817" >
          <step title="PreDeployment: context.OutputPath /home/site/wwwroot" date="2025-08-29T11:28:16.944" >
            <step title="Building" date="2025-08-29T11:28:17.073" >
              <step title="Modified file to trigger a restart of the app container." date="2025-08-29T11:28:17.737" /><!-- duration: 6ms -->
              <step title="Skip function trigger and logicapp sync because function is not enabled." date="2025-08-29T11:28:17.748" /><!-- duration: 24ms -->
              <step title="Purge deployment items" date="2025-08-29T11:28:18.959" >
                <step title="Remove 97ba83ac-, Success, received at 08/29/2025 03:01:18" date="2025-08-29T11:28:19.019" /><!-- duration: 5ms -->
              </step><!-- duration: 68ms -->
            </step><!-- duration: 2023ms -->
          </step><!-- duration: 2157ms -->
          <step title="Cleaning up temp files" date="2025-08-29T11:28:19.105" /><!-- duration: 4ms -->
          <step title="Cleaning up temp files" date="2025-08-29T11:28:19.116" /><!-- duration: 520ms -->
          <step title="Reloading status file with latest updates" date="2025-08-29T11:28:19.680" >
            <step title="WebHooksManager.PublishEventAsync: PostDeployment" date="2025-08-29T11:28:19.689" /><!-- duration: 122ms -->
          </step><!-- duration: 137ms -->
          <step title="Cleaning up temporary deployment - fetch deployment was successful" date="2025-08-29T11:28:19.822" /><!-- duration: 3ms -->
        </step><!-- duration: 3071ms -->
      </step><!-- duration: 4734ms -->
