<step title="BackgroundTrace" date="2025-08-28T10:39:04.904" instance="bf6391" url="/api/zipdeploy" method="POST" >
  <step title="Creating temporary deployment - FetchDeploymentManager" date="2025-08-28T10:39:05.009" /><!-- duration: 3ms -->
  <step title="Creating temporary deployment" date="2025-08-28T10:39:05.026" /><!-- duration: 88ms -->
  <step title="Performing fetch based deployment" date="2025-08-28T10:39:05.165" >
    <step title="Deployment timer started" date="2025-08-28T10:39:08.457" >
      <step title="DeploymentManager.Deploy(id:78e34e97-26be-4d27-820b-27a798ce3c4d)" date="2025-08-28T10:39:08.466" >
        <step title="Collecting changeset information" date="2025-08-28T10:39:08.557" /><!-- duration: 121ms -->
        <step title="Updating submodules" date="2025-08-28T10:39:08.709" /><!-- duration: 1151ms -->
        <step title="Determining deployment builder" date="2025-08-28T10:39:10.160" >
          <step title="Builder is RunFromZipSiteBuilder" date="2025-08-28T10:39:10.192" /><!-- duration: 6ms -->
        </step><!-- duration: 53ms -->
        <step title="PreDeployment: context.CleanOutputPath False" date="2025-08-28T10:39:10.280" >
          <step title="PreDeployment: context.OutputPath /home/site/wwwroot" date="2025-08-28T10:39:10.450" >
            <step title="Building" date="2025-08-28T10:39:10.764" >
              <step title="Triggering recycle (preview mode disabled)." date="2025-08-28T10:39:11.815" /><!-- duration: 8ms -->
              <step title="Modified file to trigger a restart of the app container." date="2025-08-28T10:39:11.862" /><!-- duration: 4ms -->
              <step title="Skip function trigger and logicapp sync because function is not enabled." date="2025-08-28T10:39:11.899" /><!-- duration: 4ms -->
              <step title="Purge deployment items" date="2025-08-28T10:39:13.937" >
                <step title="Remove e1c665ed-, Success, received at 08/26/2025 10:54:34" date="2025-08-28T10:39:13.996" /><!-- duration: 4ms -->
              </step><!-- duration: 69ms -->
            </step><!-- duration: 3313ms -->
          </step><!-- duration: 3633ms -->
          <step title="Cleaning up temp files" date="2025-08-28T10:39:14.087" /><!-- duration: 7ms -->
          <step title="Cleaning up temp files" date="2025-08-28T10:39:14.106" /><!-- duration: 522ms -->
          <step title="Reloading status file with latest updates" date="2025-08-28T10:39:14.679" >
            <step title="WebHooksManager.PublishEventAsync: PostDeployment" date="2025-08-28T10:39:14.693" /><!-- duration: 102ms -->
          </step><!-- duration: 121ms -->
          <step title="Cleaning up temporary deployment - fetch deployment was successful" date="2025-08-28T10:39:14.808" /><!-- duration: 4ms -->
        </step><!-- duration: 4636ms -->
      </step><!-- duration: 6475ms -->
