<step title="Incoming Request" date="2025-08-26T11:32:23.337" instance="bf6391" url="/api/zipdeploy?isAsync=true" method="POST" type="request" pid="821,1,41" Accept="*/*" Host="emergencyassistance-sv-fbanemhrbshuf9bd.scm.japanwest-01.azurewebsites.net" User-Agent="AZURECLI/2.76.0 (DEB)" Accept-Encoding="gzip, deflate" Authorization="Bea..." Cache-Control="no-cache" Content-Type="application/octet-stream" Cookie="ARRAffinity=bf6391891f813fe54cfda5d2cacef026f295eea9a062d1fd7d073d9ea2164a6b; ARRAffinitySameSite=bf6391891f813fe54cfda5d2cacef026f295eea9a062d1fd7d073d9ea2164a6b" Content-Length="57598" x-ms-client-request-id="51a4ce24-8270-11f0-abcd-7ced8d7cd6df" x-ms-artifact-checksum="5de48e3b6a818c70abd616d4c4b490a70b02fc0e995415ef95adfc84412c8b51" X-ARR-LOG-ID="51a4ce24-8270-11f0-abcd-7ced8d7cd6df" CLIENT-IP="64.236.143.209:61449" X-SITE-DEPLOYMENT-ID="Emergencyassistance-sv" WAS-DEFAULT-HOSTNAME="emergencyassistance-sv-fbanemhrbshuf9bd.scm.japanwest-01.azurewebsites.net" X-Forwarded-Proto="https" X-AppService-Proto="https" X-Forwarded-TlsVersion="1.3" X-WAWS-Unencoded-URL="/api/zipdeploy?isAsync=true" X-Client-IP="64.236.143.209" X-Client-Port="61449" >
  <step title="ZipPushDeploy" date="2025-08-26T11:32:23.374" >
    <step title="ZipDeploy. Extract zip." date="2025-08-26T11:32:23.384" /><!-- duration: 4ms -->
    <step title="Starting PushDeployAsync" date="2025-08-26T11:32:23.399" /><!-- duration: 5ms -->
    <step title="Writing artifact to /tmp/zipdeploy/e29e5f8e-1b20-4be7-b042-fc5e41f424bc.zip" date="2025-08-26T11:32:23.416" >
      <step title="Writing multipart request body to /tmp/zipdeploy/e29e5f8e-1b20-4be7-b042-fc5e41f424bc.zip" date="2025-08-26T11:32:23.422" /><!-- duration: 5ms -->
    </step><!-- duration: 270ms -->
    <step title="Start deployment in the background" date="2025-08-26T11:32:23.729" >
      <step title="Acquiring Deployment Lock" date="2025-08-26T11:32:23.761" /><!-- duration: 5ms -->
      <step title="Acquired Deployment Lock" date="2025-08-26T11:32:23.805" /><!-- duration: 6ms -->
    </step><!-- duration: 190ms -->
  </step><!-- duration: 560ms -->
  <step title="Outgoing response" date="2025-08-26T11:32:23.940" type="response" statusCode="202" statusText="Accepted" /><!-- duration: 4ms -->
</step><!-- duration: 611ms -->
