<step title="BackgroundTrace" date="2025-09-05T11:58:18.193" instance="0d31d1" url="/api/zipdeploy" method="POST" >
  <step title="Cleanup Xml Logs" date="2025-09-05T11:58:18.197" >
    <step title="Cleanup Infos" date="2025-09-05T11:58:18.213" totalFiles="356" totalCleanup="196" /><!-- duration: 10ms -->
  </step><!-- duration: 31ms -->
  <step title="Creating temporary deployment - FetchDeploymentManager" date="2025-09-05T11:58:18.287" /><!-- duration: 7ms -->
  <step title="Creating temporary deployment" date="2025-09-05T11:58:18.300" /><!-- duration: 70ms -->
  <step title="Performing fetch based deployment" date="2025-09-05T11:58:18.415" >
    <step title="Deployment timer started" date="2025-09-05T11:58:22.201" >
      <step title="DeploymentManager.Deploy(id:213e0f04-543a-4a08-9430-fab6d3619c74)" date="2025-09-05T11:58:22.229" >
        <step title="Collecting changeset information" date="2025-09-05T11:58:22.274" /><!-- duration: 145ms -->
        <step title="Updating submodules" date="2025-09-05T11:58:22.429" /><!-- duration: 1149ms -->
        <step title="Determining deployment builder" date="2025-09-05T11:58:23.813" >
          <step title="Builder is RunFromZipSiteBuilder" date="2025-09-05T11:58:23.827" /><!-- duration: 12ms -->
        </step><!-- duration: 37ms -->
        <step title="PreDeployment: context.CleanOutputPath False" date="2025-09-05T11:58:23.911" >
          <step title="PreDeployment: context.OutputPath /home/site/wwwroot" date="2025-09-05T11:58:24.147" >
            <step title="Building" date="2025-09-05T11:58:24.292" >
              <step title="Triggering recycle (preview mode disabled)." date="2025-09-05T11:58:24.695" /><!-- duration: 12ms -->
              <step title="Modified file to trigger a restart of the app container." date="2025-09-05T11:58:24.741" /><!-- duration: 5ms -->
              <step title="Skip function trigger and logicapp sync because function is not enabled." date="2025-09-05T11:58:24.751" /><!-- duration: 15ms -->
              <step title="Purge deployment items" date="2025-09-05T11:58:26.843" >
                <step title="Remove 0ff9480a-, Success, received at 09/05/2025 08:39:14" date="2025-09-05T11:58:26.910" /><!-- duration: 5ms -->
              </step><!-- duration: 77ms -->
            </step><!-- duration: 2707ms -->
          </step><!-- duration: 2859ms -->
          <step title="Cleaning up temp files" date="2025-09-05T11:58:27.012" /><!-- duration: 6ms -->
          <step title="Cleaning up temp files" date="2025-09-05T11:58:27.034" /><!-- duration: 510ms -->
          <step title="Reloading status file with latest updates" date="2025-09-05T11:58:27.593" >
            <step title="WebHooksManager.PublishEventAsync: PostDeployment" date="2025-09-05T11:58:27.598" /><!-- duration: 52ms -->
          </step><!-- duration: 63ms -->
          <step title="Cleaning up temporary deployment - fetch deployment was successful" date="2025-09-05T11:58:27.665" /><!-- duration: 5ms -->
        </step><!-- duration: 3837ms -->
      </step><!-- duration: 5543ms -->
