<step title="BackgroundTrace" date="2025-08-29T09:15:19.616" instance="bf6391" url="/api/publish" method="POST" >
  <step title="Creating temporary deployment - FetchDeploymentManager" date="2025-08-29T09:15:19.731" /><!-- duration: 3ms -->
  <step title="Creating temporary deployment" date="2025-08-29T09:15:19.738" /><!-- duration: 76ms -->
  <step title="Performing fetch based deployment" date="2025-08-29T09:15:19.862" >
    <step title="Deployment timer started" date="2025-08-29T09:15:23.033" >
      <step title="DeploymentManager.Deploy(id:de1d9910-6e8c-41a4-920e-7c99d161927a)" date="2025-08-29T09:15:23.045" >
        <step title="Collecting changeset information" date="2025-08-29T09:15:23.092" /><!-- duration: 112ms -->
        <step title="Updating submodules" date="2025-08-29T09:15:23.211" /><!-- duration: 1114ms -->
        <step title="Determining deployment builder" date="2025-08-29T09:15:24.534" >
          <step title="Builder is RunFromZipSiteBuilder" date="2025-08-29T09:15:24.553" /><!-- duration: 10ms -->
        </step><!-- duration: 34ms -->
        <step title="PreDeployment: context.CleanOutputPath False" date="2025-08-29T09:15:24.630" >
          <step title="PreDeployment: context.OutputPath /home/site/wwwroot" date="2025-08-29T09:15:24.738" >
            <step title="Building" date="2025-08-29T09:15:24.875" >
              <step title="Modified file to trigger a restart of the app container." date="2025-08-29T09:15:25.359" /><!-- duration: 71ms -->
              <step title="Skip function trigger and logicapp sync because function is not enabled." date="2025-08-29T09:15:25.487" /><!-- duration: 12ms -->
              <step title="Purge deployment items" date="2025-08-29T09:15:26.819" >
                <step title="Remove 0cd85b9b-, Success, received at 08/29/2025 01:17:27" date="2025-08-29T09:15:26.874" /><!-- duration: 4ms -->
              </step><!-- duration: 62ms -->
            </step><!-- duration: 2082ms -->
          </step><!-- duration: 2230ms -->
          <step title="Cleaning up temp files" date="2025-08-29T09:15:26.972" /><!-- duration: 5ms -->
          <step title="Cleaning up temp files" date="2025-08-29T09:15:26.987" /><!-- duration: 538ms -->
          <step title="Reloading status file with latest updates" date="2025-08-29T09:15:27.838" >
            <step title="WebHooksManager.PublishEventAsync: PostDeployment" date="2025-08-29T09:15:27.846" /><!-- duration: 88ms -->
          </step><!-- duration: 99ms -->
          <step title="Cleaning up temporary deployment - fetch deployment was successful" date="2025-08-29T09:15:27.943" /><!-- duration: 4ms -->
        </step><!-- duration: 3366ms -->
      </step><!-- duration: 4966ms -->
