<step title="BackgroundTrace" date="2025-08-29T10:36:55.989" instance="bf6391" url="/api/publish" method="POST" >
  <step title="Creating temporary deployment - FetchDeploymentManager" date="2025-08-29T10:36:56.088" /><!-- duration: 3ms -->
  <step title="Creating temporary deployment" date="2025-08-29T10:36:56.100" /><!-- duration: 99ms -->
  <step title="Performing fetch based deployment" date="2025-08-29T10:36:56.244" >
    <step title="Deployment timer started" date="2025-08-29T10:36:59.412" >
      <step title="DeploymentManager.Deploy(id:2f64b20a-bf57-4d74-8d89-47699d29ec08)" date="2025-08-29T10:36:59.420" >
        <step title="Collecting changeset information" date="2025-08-29T10:36:59.481" /><!-- duration: 239ms -->
        <step title="Updating submodules" date="2025-08-29T10:36:59.725" /><!-- duration: 1221ms -->
        <step title="Determining deployment builder" date="2025-08-29T10:37:01.157" >
          <step title="Builder is RunFromZipSiteBuilder" date="2025-08-29T10:37:01.167" /><!-- duration: 11ms -->
        </step><!-- duration: 32ms -->
        <step title="PreDeployment: context.CleanOutputPath False" date="2025-08-29T10:37:01.255" >
          <step title="PreDeployment: context.OutputPath /home/site/wwwroot" date="2025-08-29T10:37:01.361" >
            <step title="Building" date="2025-08-29T10:37:01.491" >
              <step title="Modified file to trigger a restart of the app container." date="2025-08-29T10:37:01.920" /><!-- duration: 3ms -->
              <step title="Skip function trigger and logicapp sync because function is not enabled." date="2025-08-29T10:37:01.935" /><!-- duration: 23ms -->
              <step title="Purge deployment items" date="2025-08-29T10:37:04.536" >
                <step title="Remove 5eb39d78-, Success, received at 08/29/2025 01:35:31" date="2025-08-29T10:37:04.602" /><!-- duration: 3ms -->
              </step><!-- duration: 73ms -->
            </step><!-- duration: 3199ms -->
          </step><!-- duration: 3334ms -->
          <step title="Cleaning up temp files" date="2025-08-29T10:37:04.699" /><!-- duration: 9ms -->
          <step title="Cleaning up temp files" date="2025-08-29T10:37:04.721" /><!-- duration: 510ms -->
          <step title="Reloading status file with latest updates" date="2025-08-29T10:37:05.256" >
            <step title="WebHooksManager.PublishEventAsync: PostDeployment" date="2025-08-29T10:37:05.260" /><!-- duration: 93ms -->
          </step><!-- duration: 100ms -->
          <step title="Cleaning up temporary deployment - fetch deployment was successful" date="2025-08-29T10:37:05.362" /><!-- duration: 3ms -->
        </step><!-- duration: 4178ms -->
      </step><!-- duration: 6029ms -->
