<step title="BackgroundTrace" date="2025-08-29T07:46:38.806" instance="bf6391" url="/api/publish" method="POST" >
  <step title="Creating temporary deployment - FetchDeploymentManager" date="2025-08-29T07:46:38.876" /><!-- duration: 3ms -->
  <step title="Creating temporary deployment" date="2025-08-29T07:46:38.889" /><!-- duration: 92ms -->
  <step title="Performing fetch based deployment" date="2025-08-29T07:46:39.019" >
    <step title="Deployment timer started" date="2025-08-29T07:46:42.369" >
      <step title="DeploymentManager.Deploy(id:38fcb233-b3c2-43f6-ace4-ee2ec5691c7e)" date="2025-08-29T07:46:42.492" >
        <step title="Collecting changeset information" date="2025-08-29T07:46:42.636" /><!-- duration: 117ms -->
        <step title="Updating submodules" date="2025-08-29T07:46:42.759" /><!-- duration: 1121ms -->
        <step title="Determining deployment builder" date="2025-08-29T07:46:44.140" >
          <step title="Builder is RunFromZipSiteBuilder" date="2025-08-29T07:46:44.164" /><!-- duration: 11ms -->
        </step><!-- duration: 40ms -->
        <step title="PreDeployment: context.CleanOutputPath False" date="2025-08-29T07:46:44.233" >
          <step title="PreDeployment: context.OutputPath /home/site/wwwroot" date="2025-08-29T07:46:44.360" >
            <step title="Building" date="2025-08-29T07:46:44.575" >
              <step title="Modified file to trigger a restart of the app container." date="2025-08-29T07:46:44.971" /><!-- duration: 7ms -->
              <step title="Skip function trigger and logicapp sync because function is not enabled." date="2025-08-29T07:46:44.988" /><!-- duration: 11ms -->
              <step title="Purge deployment items" date="2025-08-29T07:46:46.257" >
                <step title="Remove 899dab62-, Success, received at 08/28/2025 12:09:18" date="2025-08-29T07:46:46.323" /><!-- duration: 4ms -->
              </step><!-- duration: 75ms -->
            </step><!-- duration: 1847ms -->
          </step><!-- duration: 2068ms -->
          <step title="Cleaning up temp files" date="2025-08-29T07:46:46.431" /><!-- duration: 15ms -->
          <step title="Cleaning up temp files" date="2025-08-29T07:46:46.458" /><!-- duration: 511ms -->
          <step title="Reloading status file with latest updates" date="2025-08-29T07:46:47.587" >
            <step title="WebHooksManager.PublishEventAsync: PostDeployment" date="2025-08-29T07:46:47.593" /><!-- duration: 56ms -->
          </step><!-- duration: 66ms -->
          <step title="Cleaning up temporary deployment - fetch deployment was successful" date="2025-08-29T07:46:47.660" /><!-- duration: 4ms -->
        </step><!-- duration: 3479ms -->
      </step><!-- duration: 5264ms -->
