<step title="BackgroundTrace" date="2025-08-28T11:51:02.019" instance="bf6391" url="/api/zipdeploy" method="POST" >
  <step title="Creating temporary deployment - FetchDeploymentManager" date="2025-08-28T11:51:02.092" /><!-- duration: 7ms -->
  <step title="Creating temporary deployment" date="2025-08-28T11:51:02.127" /><!-- duration: 85ms -->
  <step title="Performing fetch based deployment" date="2025-08-28T11:51:02.256" >
    <step title="Deployment timer started" date="2025-08-28T11:51:05.501" >
      <step title="DeploymentManager.Deploy(id:9c14b05f-6898-4340-88b4-82eca1993a0d)" date="2025-08-28T11:51:05.553" >
        <step title="Collecting changeset information" date="2025-08-28T11:51:05.633" /><!-- duration: 187ms -->
        <step title="Updating submodules" date="2025-08-28T11:51:05.827" /><!-- duration: 1209ms -->
        <step title="Determining deployment builder" date="2025-08-28T11:51:07.279" >
          <step title="Builder is RunFromZipSiteBuilder" date="2025-08-28T11:51:07.300" /><!-- duration: 15ms -->
        </step><!-- duration: 47ms -->
        <step title="PreDeployment: context.CleanOutputPath False" date="2025-08-28T11:51:07.404" >
          <step title="PreDeployment: context.OutputPath /home/site/wwwroot" date="2025-08-28T11:51:07.546" >
            <step title="Building" date="2025-08-28T11:51:07.701" >
              <step title="Triggering recycle (preview mode disabled)." date="2025-08-28T11:51:08.160" /><!-- duration: 11ms -->
              <step title="Modified file to trigger a restart of the app container." date="2025-08-28T11:51:08.206" /><!-- duration: 4ms -->
              <step title="Skip function trigger and logicapp sync because function is not enabled." date="2025-08-28T11:51:08.223" /><!-- duration: 11ms -->
              <step title="Purge deployment items" date="2025-08-28T11:51:09.881" >
                <step title="Remove fa2f4523-, Success, received at 08/26/2025 11:32:51" date="2025-08-28T11:51:09.990" /><!-- duration: 57ms -->
              </step><!-- duration: 177ms -->
            </step><!-- duration: 2469ms -->
          </step><!-- duration: 2629ms -->
          <step title="Cleaning up temp files" date="2025-08-28T11:51:10.178" /><!-- duration: 4ms -->
          <step title="Cleaning up temp files" date="2025-08-28T11:51:10.197" /><!-- duration: 505ms -->
          <step title="Reloading status file with latest updates" date="2025-08-28T11:51:10.745" >
            <step title="WebHooksManager.PublishEventAsync: PostDeployment" date="2025-08-28T11:51:10.748" /><!-- duration: 55ms -->
          </step><!-- duration: 62ms -->
          <step title="Cleaning up temporary deployment - fetch deployment was successful" date="2025-08-28T11:51:10.814" /><!-- duration: 4ms -->
        </step><!-- duration: 3476ms -->
      </step><!-- duration: 5341ms -->
