<step title="Incoming Request" date="2025-09-05T11:42:22.893" instance="0d31d1" url="/api/deployments/latest?deployer=GITHUB_ZIP_DEPLOY&amp;time=2025-09-05_11-42-14Z" method="GET" type="request" pid="821,1,34" Host="emergencyassistance-sv-fbanemhrbshuf9bd.scm.japanwest-01.azurewebsites.net" User-Agent="GITHUBACTIONS_DeployWebAppToAzure_6afaea893f47a147fa5dac857d1041ffd4a8f022e29971635168cd4dcb90f2c0" Authorization="Bas..." Content-Type="application/json; charset=utf-8" Cookie="ARRAffinity=0d31d1e3b555b28bd1e1102783713510cb4a14cdd5a5d2b6e8d65e88240d42a3;Path=/;HttpOnly;Secure;Domain=emergencyassistance-sv-fbanemhrbshuf9bd.scm.japanwest-01.azurewebsites.net; ARRAffinitySameSite=0d31d1e3b555b28bd1e1102783713510cb4a14cdd5a5d2b6e8d65e88240d42a3;Path=/;HttpOnly;SameSite=None;Secure;Domain=emergencyassistance-sv-fbanemhrbshuf9bd.scm.japanwest-01.azurewebsites.net" Content-Length="0" X-ARR-LOG-ID="dd2af5ff-b6aa-4968-8db8-285c92e09144" CLIENT-IP="104.209.10.230:23553" X-SITE-DEPLOYMENT-ID="Emergencyassistance-sv" WAS-DEFAULT-HOSTNAME="emergencyassistance-sv-fbanemhrbshuf9bd.scm.japanwest-01.azurewebsites.net" X-Forwarded-Proto="https" X-AppService-Proto="https" X-Forwarded-TlsVersion="1.3" X-WAWS-Unencoded-URL="/api/deployments/latest?deployer=GITHUB_ZIP_DEPLOY&amp;time=2025-09-05_11-42-14Z" X-Client-IP="104.209.10.230" X-Client-Port="23553" >
  <step title="Cleanup Xml Logs" date="2025-09-05T11:42:22.903" >
    <step title="Cleanup Infos" date="2025-09-05T11:42:22.945" totalFiles="345" totalCleanup="185" /><!-- duration: 10ms -->
  </step><!-- duration: 62ms -->
  <step title="DeploymentService.GetResult" date="2025-09-05T11:42:22.992" >
    <step title="DeploymentService.GetLatestDeployment" date="2025-09-05T11:42:22.998" >
      <step title="DeploymentManager.GetResults" date="2025-09-05T11:42:23.031" /><!-- duration: 1006ms -->
    </step><!-- duration: 1045ms -->
  </step><!-- duration: 1058ms -->
  <step title="Outgoing response" date="2025-09-05T11:42:24.056" type="response" statusCode="202" statusText="Accepted" /><!-- duration: 5ms -->
</step><!-- duration: 1175ms -->
