<step title="BackgroundTrace" date="2025-08-29T02:41:25.165" instance="bf6391" url="/api/zipdeploy" method="POST" >
  <step title="Cleanup Xml Logs" date="2025-08-29T02:41:25.177" /><!-- duration: 7ms -->
  <step title="Creating temporary deployment - FetchDeploymentManager" date="2025-08-29T02:41:25.269" /><!-- duration: 3ms -->
  <step title="Creating temporary deployment" date="2025-08-29T02:41:25.284" /><!-- duration: 116ms -->
  <step title="Performing fetch based deployment" date="2025-08-29T02:41:25.492" >
    <step title="Deployment timer started" date="2025-08-29T02:41:28.687" >
      <step title="DeploymentManager.Deploy(id:74f27c06-151f-4b7b-a38f-fbf90618a006)" date="2025-08-29T02:41:28.711" >
        <step title="Collecting changeset information" date="2025-08-29T02:41:28.825" /><!-- duration: 119ms -->
        <step title="Updating submodules" date="2025-08-29T02:41:28.952" /><!-- duration: 1120ms -->
        <step title="Determining deployment builder" date="2025-08-29T02:41:30.325" >
          <step title="Builder is RunFromZipSiteBuilder" date="2025-08-29T02:41:30.334" /><!-- duration: 21ms -->
        </step><!-- duration: 34ms -->
        <step title="PreDeployment: context.CleanOutputPath False" date="2025-08-29T02:41:30.428" >
          <step title="PreDeployment: context.OutputPath /home/site/wwwroot" date="2025-08-29T02:41:30.548" >
            <step title="Building" date="2025-08-29T02:41:30.688" >
              <step title="Triggering recycle (preview mode disabled)." date="2025-08-29T02:41:31.126" /><!-- duration: 10ms -->
              <step title="Modified file to trigger a restart of the app container." date="2025-08-29T02:41:31.167" /><!-- duration: 9ms -->
              <step title="Skip function trigger and logicapp sync because function is not enabled." date="2025-08-29T02:41:31.180" /><!-- duration: 4ms -->
              <step title="Purge deployment items" date="2025-08-29T02:41:32.377" >
                <step title="Remove aad8a7da-, Success, received at 08/28/2025 11:28:16" date="2025-08-29T02:41:32.440" /><!-- duration: 3ms -->
              </step><!-- duration: 70ms -->
            </step><!-- duration: 1831ms -->
          </step><!-- duration: 1976ms -->
          <step title="Cleaning up temp files" date="2025-08-29T02:41:32.529" /><!-- duration: 4ms -->
          <step title="Cleaning up temp files" date="2025-08-29T02:41:32.539" /><!-- duration: 528ms -->
          <step title="Reloading status file with latest updates" date="2025-08-29T02:41:33.415" >
            <step title="WebHooksManager.PublishEventAsync: PostDeployment" date="2025-08-29T02:41:33.426" /><!-- duration: 109ms -->
          </step><!-- duration: 123ms -->
          <step title="Cleaning up temporary deployment - fetch deployment was successful" date="2025-08-29T02:41:33.544" /><!-- duration: 4ms -->
        </step><!-- duration: 3173ms -->
      </step><!-- duration: 4905ms -->
