<step title="BackgroundTrace" date="2025-08-29T08:14:21.989" instance="bf6391" url="/api/publish" method="POST" >
  <step title="Creating temporary deployment - FetchDeploymentManager" date="2025-08-29T08:14:22.073" /><!-- duration: 3ms -->
  <step title="Creating temporary deployment" date="2025-08-29T08:14:22.081" /><!-- duration: 122ms -->
  <step title="Performing fetch based deployment" date="2025-08-29T08:14:22.258" >
    <step title="Deployment timer started" date="2025-08-29T08:14:25.520" >
      <step title="DeploymentManager.Deploy(id:8a913cee-5d2b-4d4f-b8c0-d60f0ff9df71)" date="2025-08-29T08:14:25.548" >
        <step title="Collecting changeset information" date="2025-08-29T08:14:25.662" /><!-- duration: 114ms -->
        <step title="Updating submodules" date="2025-08-29T08:14:25.782" /><!-- duration: 1151ms -->
        <step title="Determining deployment builder" date="2025-08-29T08:14:27.191" >
          <step title="Builder is RunFromZipSiteBuilder" date="2025-08-29T08:14:27.218" /><!-- duration: 4ms -->
        </step><!-- duration: 38ms -->
        <step title="PreDeployment: context.CleanOutputPath False" date="2025-08-29T08:14:27.300" >
          <step title="PreDeployment: context.OutputPath /home/site/wwwroot" date="2025-08-29T08:14:27.426" >
            <step title="Building" date="2025-08-29T08:14:27.616" >
              <step title="Modified file to trigger a restart of the app container." date="2025-08-29T08:14:28.068" /><!-- duration: 6ms -->
              <step title="Skip function trigger and logicapp sync because function is not enabled." date="2025-08-29T08:14:28.081" /><!-- duration: 12ms -->
              <step title="Purge deployment items" date="2025-08-29T08:14:29.378" >
                <step title="Remove 6eeb4918-, Success, received at 08/28/2025 12:31:24" date="2025-08-29T08:14:29.441" /><!-- duration: 4ms -->
              </step><!-- duration: 72ms -->
            </step><!-- duration: 1912ms -->
          </step><!-- duration: 2108ms -->
          <step title="Cleaning up temp files" date="2025-08-29T08:14:29.597" /><!-- duration: 15ms -->
          <step title="Cleaning up temp files" date="2025-08-29T08:14:29.633" /><!-- duration: 538ms -->
          <step title="Reloading status file with latest updates" date="2025-08-29T08:14:30.753" >
            <step title="WebHooksManager.PublishEventAsync: PostDeployment" date="2025-08-29T08:14:30.773" /><!-- duration: 41ms -->
          </step><!-- duration: 64ms -->
          <step title="Cleaning up temporary deployment - fetch deployment was successful" date="2025-08-29T08:14:30.824" /><!-- duration: 4ms -->
        </step><!-- duration: 3571ms -->
      </step><!-- duration: 5341ms -->
