<step title="Incoming Request" date="2025-09-05T12:15:58.869" instance="0d31d1" url="/api/deployments/latest?deployer=GITHUB_ZIP_DEPLOY&amp;time=2025-09-05_12-15-52Z" method="GET" type="request" pid="823,1,21" Host="emergencyassistance-sv-fbanemhrbshuf9bd.scm.japanwest-01.azurewebsites.net" User-Agent="GITHUBACTIONS_DeployWebAppToAzure_6afaea893f47a147fa5dac857d1041ffd4a8f022e29971635168cd4dcb90f2c0" Authorization="Bas..." Content-Type="application/json; charset=utf-8" Cookie="ARRAffinity=0d31d1e3b555b28bd1e1102783713510cb4a14cdd5a5d2b6e8d65e88240d42a3;Path=/;HttpOnly;Secure;Domain=emergencyassistance-sv-fbanemhrbshuf9bd.scm.japanwest-01.azurewebsites.net; ARRAffinitySameSite=0d31d1e3b555b28bd1e1102783713510cb4a14cdd5a5d2b6e8d65e88240d42a3;Path=/;HttpOnly;SameSite=None;Secure;Domain=emergencyassistance-sv-fbanemhrbshuf9bd.scm.japanwest-01.azurewebsites.net" Content-Length="0" X-ARR-LOG-ID="10afd1c7-5517-40fa-9fba-c4e24a9a17a4" CLIENT-IP="172.172.87.70:25633" X-SITE-DEPLOYMENT-ID="Emergencyassistance-sv" WAS-DEFAULT-HOSTNAME="emergencyassistance-sv-fbanemhrbshuf9bd.scm.japanwest-01.azurewebsites.net" X-Forwarded-Proto="https" X-AppService-Proto="https" X-Forwarded-TlsVersion="1.3" X-WAWS-Unencoded-URL="/api/deployments/latest?deployer=GITHUB_ZIP_DEPLOY&amp;time=2025-09-05_12-15-52Z" X-Client-IP="172.172.87.70" X-Client-Port="25633" >
  <step title="Cleanup Xml Logs" date="2025-09-05T12:15:58.881" >
    <step title="Cleanup Infos" date="2025-09-05T12:15:58.898" totalFiles="368" totalCleanup="208" /><!-- duration: 36ms -->
  </step><!-- duration: 58ms -->
  <step title="DeploymentService.GetResult" date="2025-09-05T12:15:58.955" >
    <step title="DeploymentService.GetLatestDeployment" date="2025-09-05T12:15:58.962" >
      <step title="DeploymentManager.GetResults" date="2025-09-05T12:15:58.968" /><!-- duration: 614ms -->
    </step><!-- duration: 627ms -->
  </step><!-- duration: 639ms -->
  <step title="Outgoing response" date="2025-09-05T12:15:59.602" type="response" statusCode="202" statusText="Accepted" /><!-- duration: 6ms -->
</step><!-- duration: 744ms -->
