<step title="Incoming Request" date="2025-09-06T00:53:56.234" instance="0d31d1" url="/api/zipdeploy?isAsync=true&amp;deployer=GITHUB_ZIP_DEPLOY&amp;message=%7B%22type%22%3A%22deployment%22%2C%22sha%22%3A%225ce4bddc93f45df746b694672c5b38529cb31b7f%22%2C%22repoName%22%3A%22Satoshi-Niina%2FEmergency-Assistance%22%2C%22actor%22%3A%22Satoshi-Niina%22%2C%22slotName%22%3A%22Production%22%2C%22commitMessage%22%3A%22Emergency%20fix%3A%20Simple%20HTTP%20server%20for%20immediate%20Azure%20App%20Service%20availability%22%7D" method="POST" type="request" pid="822,1,17" Host="emergencyassistance-sv-fbanemhrbshuf9bd.scm.japanwest-01.azurewebsites.net" User-Agent="GITHUBACTIONS_DeployWebAppToAzure_6afaea893f47a147fa5dac857d1041ffd4a8f022e29971635168cd4dcb90f2c0" Authorization="Bas..." Content-Type="application/octet-stream" Cookie="ARRAffinity=0d31d1e3b555b28bd1e1102783713510cb4a14cdd5a5d2b6e8d65e88240d42a3;Path=/;HttpOnly;Secure;Domain=emergencyassistance-sv-fbanemhrbshuf9bd.scm.japanwest-01.azurewebsites.net; ARRAffinitySameSite=0d31d1e3b555b28bd1e1102783713510cb4a14cdd5a5d2b6e8d65e88240d42a3;Path=/;HttpOnly;SameSite=None;Secure;Domain=emergencyassistance-sv-fbanemhrbshuf9bd.scm.japanwest-01.azurewebsites.net" Transfer-Encoding="chunked" X-ARR-LOG-ID="a6c1e892-f634-4bd9-a3ef-5c90cc7a3c7c" CLIENT-IP="172.184.220.193:28608" X-SITE-DEPLOYMENT-ID="Emergencyassistance-sv" WAS-DEFAULT-HOSTNAME="emergencyassistance-sv-fbanemhrbshuf9bd.scm.japanwest-01.azurewebsites.net" X-Forwarded-Proto="https" X-AppService-Proto="https" X-Forwarded-TlsVersion="1.3" X-WAWS-Unencoded-URL="/api/zipdeploy?isAsync=true&amp;deployer=GITHUB_ZIP_DEPLOY&amp;message=%7B%22type%22%3A%22deployment%22%2C%22sha%22%3A%225ce4bddc93f45df746b694672c5b38529cb31b7f%22%2C%22repoName%22%3A%22Satoshi-Niina%2FEmergency-Assistance%22%2C%22actor%22%3A%22Satoshi-Niina%22%2C%22slotName%22%3A%22Production%22%2C%22commitMessage%22%3A%22Emergency%20fix%3A%20Simple%20HTTP%20server%20for%20immediate%20Azure%20App%20Service%20availability%22%7D" X-Client-IP="172.184.220.193" X-Client-Port="28608" >
  <step title="Cleanup Xml Logs" date="2025-09-06T00:53:56.238" >
    <step title="Cleanup Infos" date="2025-09-06T00:53:56.254" totalFiles="392" totalCleanup="232" /><!-- duration: 8ms -->
  </step><!-- duration: 29ms -->
  <step title="ZipPushDeploy" date="2025-09-06T00:53:56.312" >
    <step title="ZipDeploy. Run from package." date="2025-09-06T00:53:56.322" /><!-- duration: 5ms -->
    <step title="None repository commit" date="2025-09-06T00:53:56.339" >
      <step title="Commit id: c2aaa87b-ce72-437b-bbaa-c2e3d5b76ba1" date="2025-09-06T00:53:56.346" Message="N/A" AuthorName="N/A" AuthorEmail="N/A" /><!-- duration: 16ms -->
    </step><!-- duration: 29ms -->
    <step title="Starting PushDeployAsync" date="2025-09-06T00:53:56.374" /><!-- duration: 5ms -->
    <step title="WEBSITE_RUN_FROM_PACKAGE is set to 1. Writing zip to SitePackagesPath" date="2025-09-06T00:53:56.387" /><!-- duration: 10ms -->
    <step title="Copying zip to SitePackages /home/data/SitePackages/20250906005356.zip from request body" date="2025-09-06T00:53:56.413" /><!-- duration: 41ms -->
    <step title="Writing multipart request body to /home/data/SitePackages/20250906005356.zip" date="2025-09-06T00:53:56.473" /><!-- duration: 32ms -->
    <step title="Deleting outdated zip file /home/data/SitePackages/20250905114912.zip" date="2025-09-06T00:54:01.003" /><!-- duration: 21ms -->
    <step title="Start deployment in the background" date="2025-09-06T00:54:01.036" >
      <step title="Acquiring Deployment Lock" date="2025-09-06T00:54:01.095" /><!-- duration: 9ms -->
      <step title="Acquired Deployment Lock" date="2025-09-06T00:54:01.150" /><!-- duration: 11ms -->
    </step><!-- duration: 218ms -->
  </step><!-- duration: 4949ms -->
  <step title="Outgoing response" date="2025-09-06T00:54:01.269" type="response" statusCode="202" statusText="Accepted" /><!-- duration: 6ms -->
</step><!-- duration: 5046ms -->
