<step title="BackgroundTrace" date="2025-08-29T11:54:22.376" instance="bf6391" url="/api/publish" method="POST" >
  <step title="Cleanup Xml Logs" date="2025-08-29T11:54:22.388" /><!-- duration: 8ms -->
  <step title="Creating temporary deployment - FetchDeploymentManager" date="2025-08-29T11:54:22.488" /><!-- duration: 4ms -->
  <step title="Creating temporary deployment" date="2025-08-29T11:54:22.496" /><!-- duration: 83ms -->
  <step title="Performing fetch based deployment" date="2025-08-29T11:54:22.641" >
    <step title="Deployment timer started" date="2025-08-29T11:54:25.841" >
      <step title="DeploymentManager.Deploy(id:c1aabe2e-5056-44fe-a1cc-15e84990f23a)" date="2025-08-29T11:54:25.851" >
        <step title="Collecting changeset information" date="2025-08-29T11:54:25.907" /><!-- duration: 98ms -->
        <step title="Updating submodules" date="2025-08-29T11:54:26.011" /><!-- duration: 1106ms -->
        <step title="Determining deployment builder" date="2025-08-29T11:54:27.325" >
          <step title="Builder is RunFromZipSiteBuilder" date="2025-08-29T11:54:27.337" /><!-- duration: 10ms -->
        </step><!-- duration: 33ms -->
        <step title="PreDeployment: context.CleanOutputPath False" date="2025-08-29T11:54:27.426" >
          <step title="PreDeployment: context.OutputPath /home/site/wwwroot" date="2025-08-29T11:54:27.534" >
            <step title="Building" date="2025-08-29T11:54:27.759" >
              <step title="Modified file to trigger a restart of the app container." date="2025-08-29T11:54:28.469" /><!-- duration: 5ms -->
              <step title="Skip function trigger and logicapp sync because function is not enabled." date="2025-08-29T11:54:28.487" /><!-- duration: 40ms -->
              <step title="Purge deployment items" date="2025-08-29T11:54:29.675" >
                <step title="Remove 8a913cee-, Success, received at 08/29/2025 08:14:25" date="2025-08-29T11:54:29.725" /><!-- duration: 4ms -->
              </step><!-- duration: 58ms -->
            </step><!-- duration: 2038ms -->
          </step><!-- duration: 2268ms -->
          <step title="Cleaning up temp files" date="2025-08-29T11:54:29.805" /><!-- duration: 4ms -->
          <step title="Cleaning up temp files" date="2025-08-29T11:54:29.813" /><!-- duration: 521ms -->
          <step title="Reloading status file with latest updates" date="2025-08-29T11:54:30.626" >
            <step title="WebHooksManager.PublishEventAsync: PostDeployment" date="2025-08-29T11:54:30.638" /><!-- duration: 90ms -->
          </step><!-- duration: 106ms -->
          <step title="Cleaning up temporary deployment - fetch deployment was successful" date="2025-08-29T11:54:30.738" /><!-- duration: 3ms -->
        </step><!-- duration: 3380ms -->
      </step><!-- duration: 4969ms -->
