<step title="BackgroundTrace" date="2025-09-02T11:13:43.984" instance="0d31d1" url="/api/publish" method="POST" >
  <step title="Cleanup Xml Logs" date="2025-09-02T11:13:43.989" >
    <step title="Cleanup Infos" date="2025-09-02T11:13:44.004" totalFiles="274" totalCleanup="114" /><!-- duration: 9ms -->
  </step><!-- duration: 30ms -->
  <step title="Creating temporary deployment - FetchDeploymentManager" date="2025-09-02T11:13:44.160" /><!-- duration: 6ms -->
  <step title="Creating temporary deployment" date="2025-09-02T11:13:44.173" /><!-- duration: 185ms -->
  <step title="Performing fetch based deployment" date="2025-09-02T11:13:44.431" >
    <step title="Deployment timer started" date="2025-09-02T11:13:48.135" >
      <step title="DeploymentManager.Deploy(id:3b58cb18-7c8c-4716-b575-60c47d69d166)" date="2025-09-02T11:13:48.145" >
        <step title="Collecting changeset information" date="2025-09-02T11:13:48.232" /><!-- duration: 99ms -->
        <step title="Updating submodules" date="2025-09-02T11:13:48.339" /><!-- duration: 1129ms -->
        <step title="Determining deployment builder" date="2025-09-02T11:13:49.724" >
          <step title="Builder is RunFromZipSiteBuilder" date="2025-09-02T11:13:49.757" /><!-- duration: 5ms -->
        </step><!-- duration: 42ms -->
        <step title="PreDeployment: context.CleanOutputPath False" date="2025-09-02T11:13:49.833" >
          <step title="PreDeployment: context.OutputPath /home/site/wwwroot" date="2025-09-02T11:13:50.131" >
            <step title="Building" date="2025-09-02T11:13:50.279" >
              <step title="Modified file to trigger a restart of the app container." date="2025-09-02T11:13:50.788" /><!-- duration: 9ms -->
              <step title="Skip function trigger and logicapp sync because function is not enabled." date="2025-09-02T11:13:50.805" /><!-- duration: 5ms -->
              <step title="Purge deployment items" date="2025-09-02T11:13:52.380" >
                <step title="Remove 5264814a-, Success, received at 08/30/2025 05:02:10" date="2025-09-02T11:13:52.531" /><!-- duration: 18ms -->
              </step><!-- duration: 199ms -->
            </step><!-- duration: 2408ms -->
          </step><!-- duration: 2564ms -->
          <step title="Cleaning up temp files" date="2025-09-02T11:13:52.701" /><!-- duration: 8ms -->
          <step title="Cleaning up temp files" date="2025-09-02T11:13:52.729" /><!-- duration: 529ms -->
          <step title="Reloading status file with latest updates" date="2025-09-02T11:13:53.584" >
            <step title="WebHooksManager.PublishEventAsync: PostDeployment" date="2025-09-02T11:13:53.591" /><!-- duration: 111ms -->
          </step><!-- duration: 128ms -->
          <step title="Cleaning up temporary deployment - fetch deployment was successful" date="2025-09-02T11:13:53.730" /><!-- duration: 30ms -->
        </step><!-- duration: 3992ms -->
      </step><!-- duration: 5710ms -->
