<step title="Incoming Request" date="2025-09-05T11:58:12.761" instance="0d31d1" url="/api/zipdeploy?isAsync=true&amp;deployer=GITHUB_ZIP_DEPLOY&amp;message=%7B%22type%22%3A%22deployment%22%2C%22sha%22%3A%22e07370f75f3ac15474f2e34fcecaf9b7184a44d9%22%2C%22repoName%22%3A%22Satoshi-Niina%2FEmergency-Assistance%22%2C%22actor%22%3A%22Satoshi-Niina%22%2C%22slotName%22%3A%22Production%22%2C%22commitMessage%22%3A%22Minimal%20fix%20for%20403%20health%20check%20errors%20-%20streamlined%20Azure%20App%20Service%20config%22%7D" method="POST" type="request" pid="821,1,68" Host="emergencyassistance-sv-fbanemhrbshuf9bd.scm.japanwest-01.azurewebsites.net" User-Agent="GITHUBACTIONS_DeployWebAppToAzure_6afaea893f47a147fa5dac857d1041ffd4a8f022e29971635168cd4dcb90f2c0" Authorization="Bas..." Content-Type="application/octet-stream" Cookie="ARRAffinity=0d31d1e3b555b28bd1e1102783713510cb4a14cdd5a5d2b6e8d65e88240d42a3;Path=/;HttpOnly;Secure;Domain=emergencyassistance-sv-fbanemhrbshuf9bd.scm.japanwest-01.azurewebsites.net; ARRAffinitySameSite=0d31d1e3b555b28bd1e1102783713510cb4a14cdd5a5d2b6e8d65e88240d42a3;Path=/;HttpOnly;SameSite=None;Secure;Domain=emergencyassistance-sv-fbanemhrbshuf9bd.scm.japanwest-01.azurewebsites.net" Transfer-Encoding="chunked" X-ARR-LOG-ID="d2a7ce49-6b67-43a9-a1a5-4dd1f9399090" CLIENT-IP="20.161.44.230:12344" X-SITE-DEPLOYMENT-ID="Emergencyassistance-sv" WAS-DEFAULT-HOSTNAME="emergencyassistance-sv-fbanemhrbshuf9bd.scm.japanwest-01.azurewebsites.net" X-Forwarded-Proto="https" X-AppService-Proto="https" X-Forwarded-TlsVersion="1.3" X-WAWS-Unencoded-URL="/api/zipdeploy?isAsync=true&amp;deployer=GITHUB_ZIP_DEPLOY&amp;message=%7B%22type%22%3A%22deployment%22%2C%22sha%22%3A%22e07370f75f3ac15474f2e34fcecaf9b7184a44d9%22%2C%22repoName%22%3A%22Satoshi-Niina%2FEmergency-Assistance%22%2C%22actor%22%3A%22Satoshi-Niina%22%2C%22slotName%22%3A%22Production%22%2C%22commitMessage%22%3A%22Minimal%20fix%20for%20403%20health%20check%20errors%20-%20streamlined%20Azure%20App%20Service%20config%22%7D" X-Client-IP="20.161.44.230" X-Client-Port="12344" >
  <step title="Cleanup Xml Logs" date="2025-09-05T11:58:12.765" >
    <step title="Cleanup Infos" date="2025-09-05T11:58:12.780" totalFiles="355" totalCleanup="195" /><!-- duration: 8ms -->
  </step><!-- duration: 29ms -->
  <step title="ZipPushDeploy" date="2025-09-05T11:58:12.806" >
    <step title="ZipDeploy. Run from package." date="2025-09-05T11:58:12.816" /><!-- duration: 5ms -->
    <step title="Starting PushDeployAsync" date="2025-09-05T11:58:12.829" /><!-- duration: 5ms -->
    <step title="WEBSITE_RUN_FROM_PACKAGE is set to 1. Writing zip to SitePackagesPath" date="2025-09-05T11:58:12.852" /><!-- duration: 6ms -->
    <step title="Copying zip to SitePackages /home/data/SitePackages/20250905115812.zip from request body" date="2025-09-05T11:58:12.888" /><!-- duration: 18ms -->
    <step title="Writing multipart request body to /home/data/SitePackages/20250905115812.zip" date="2025-09-05T11:58:12.924" /><!-- duration: 17ms -->
    <step title="Deleting outdated zip file /home/data/SitePackages/20250905110303.zip" date="2025-09-05T11:58:18.149" /><!-- duration: 27ms -->
    <step title="Start deployment in the background" date="2025-09-05T11:58:18.188" >
      <step title="Acquiring Deployment Lock" date="2025-09-05T11:58:18.238" /><!-- duration: 8ms -->
      <step title="Acquired Deployment Lock" date="2025-09-05T11:58:18.276" /><!-- duration: 5ms -->
    </step><!-- duration: 187ms -->
  </step><!-- duration: 5575ms -->
  <step title="Outgoing response" date="2025-09-05T11:58:18.387" type="response" statusCode="202" statusText="Accepted" /><!-- duration: 5ms -->
</step><!-- duration: 5636ms -->
