<step title="Incoming Request" date="2025-09-06T05:32:42.722" instance="0d31d1" url="/api/zipdeploy?isAsync=true&amp;deployer=GITHUB_ZIP_DEPLOY&amp;message=%7B%22type%22%3A%22deployment%22%2C%22sha%22%3A%2295464026f22b82892643ba08d5b38e94cd241482%22%2C%22repoName%22%3A%22Satoshi-Niina%2FEmergency-Assistance%22%2C%22actor%22%3A%22Satoshi-Niina%22%2C%22slotName%22%3A%22Production%22%2C%22commitMessage%22%3A%22Fix%20Azure%20Static%20Web%20Apps%20deployment%20configuration%5Cn%5Cn-%20Updated%20package.json%20build%20script%20to%20use%20%27npx%20vite%20build%27%20for%20better%20dependency%20resolution%5Cn-%20Enhanced%20GitHub%20Actions%20workflow%20with%20proper%20caching%20and%20PR%20handling%5Cn-%20Optimized%20Vite%20configuration%20for%20production%20builds%20with%20proper%20env%20loading%5Cn-%20Fixed%20environment%20variable%20loading%20from%20process.cwd()%5Cn-%20Removed%20unused%20console%20logs%20and%20optimized%20build%20performance%22%7D" method="POST" type="request" pid="823,1,65" Host="emergencyassistance-sv-fbanemhrbshuf9bd.scm.japanwest-01.azurewebsites.net" User-Agent="GITHUBACTIONS_DeployWebAppToAzure_6afaea893f47a147fa5dac857d1041ffd4a8f022e29971635168cd4dcb90f2c0" Authorization="Bas..." Content-Type="application/octet-stream" Cookie="ARRAffinity=0d31d1e3b555b28bd1e1102783713510cb4a14cdd5a5d2b6e8d65e88240d42a3;Path=/;HttpOnly;Secure;Domain=emergencyassistance-sv-fbanemhrbshuf9bd.scm.japanwest-01.azurewebsites.net; ARRAffinitySameSite=0d31d1e3b555b28bd1e1102783713510cb4a14cdd5a5d2b6e8d65e88240d42a3;Path=/;HttpOnly;SameSite=None;Secure;Domain=emergencyassistance-sv-fbanemhrbshuf9bd.scm.japanwest-01.azurewebsites.net" Transfer-Encoding="chunked" X-ARR-LOG-ID="67567ab6-f99d-4b8e-ac78-6dec917df84e" CLIENT-IP="64.236.193.18:46080" X-SITE-DEPLOYMENT-ID="Emergencyassistance-sv" WAS-DEFAULT-HOSTNAME="emergencyassistance-sv-fbanemhrbshuf9bd.scm.japanwest-01.azurewebsites.net" X-Forwarded-Proto="https" X-AppService-Proto="https" X-Forwarded-TlsVersion="1.3" X-WAWS-Unencoded-URL="/api/zipdeploy?isAsync=true&amp;deployer=GITHUB_ZIP_DEPLOY&amp;message=%7B%22type%22%3A%22deployment%22%2C%22sha%22%3A%2295464026f22b82892643ba08d5b38e94cd241482%22%2C%22repoName%22%3A%22Satoshi-Niina%2FEmergency-Assistance%22%2C%22actor%22%3A%22Satoshi-Niina%22%2C%22slotName%22%3A%22Production%22%2C%22commitMessage%22%3A%22Fix%20Azure%20Static%20Web%20Apps%20deployment%20configuration%5Cn%5Cn-%20Updated%20package.json%20build%20script%20to%20use%20%27npx%20vite%20build%27%20for%20better%20dependency%20resolution%5Cn-%20Enhanced%20GitHub%20Actions%20workflow%20with%20proper%20caching%20and%20PR%20handling%5Cn-%20Optimized%20Vite%20configuration%20for%20production%20builds%20with%20proper%20env%20loading%5Cn-%20Fixed%20environment%20variable%20loading%20from%20process.cwd()%5Cn-%20Removed%20unused%20console%20logs%20and%20optimized%20build%20performance%22%7D" X-Client-IP="64.236.193.18" X-Client-Port="46080" >
  <step title="Cleanup Xml Logs" date="2025-09-06T05:32:42.727" >
    <step title="Cleanup Infos" date="2025-09-06T05:32:42.751" totalFiles="424" totalCleanup="264" /><!-- duration: 9ms -->
  </step><!-- duration: 38ms -->
  <step title="ZipPushDeploy" date="2025-09-06T05:32:42.831" >
    <step title="ZipDeploy. Run from package." date="2025-09-06T05:32:42.842" /><!-- duration: 6ms -->
    <step title="Starting PushDeployAsync" date="2025-09-06T05:32:42.858" /><!-- duration: 5ms -->
    <step title="WEBSITE_RUN_FROM_PACKAGE is set to 1. Writing zip to SitePackagesPath" date="2025-09-06T05:32:42.885" /><!-- duration: 5ms -->
    <step title="Copying zip to SitePackages /home/data/SitePackages/20250906053242.zip from request body" date="2025-09-06T05:32:42.905" /><!-- duration: 12ms -->
    <step title="Writing multipart request body to /home/data/SitePackages/20250906053242.zip" date="2025-09-06T05:32:42.925" /><!-- duration: 12ms -->
    <step title="Deleting outdated zip file /home/data/SitePackages/20250905122126.zip" date="2025-09-06T05:32:47.535" /><!-- duration: 20ms -->
    <step title="Start deployment in the background" date="2025-09-06T05:32:47.569" >
      <step title="Acquiring Deployment Lock" date="2025-09-06T05:32:47.637" /><!-- duration: 6ms -->
      <step title="Acquired Deployment Lock" date="2025-09-06T05:32:47.719" /><!-- duration: 8ms -->
    </step><!-- duration: 299ms -->
  </step><!-- duration: 5051ms -->
  <step title="Outgoing response" date="2025-09-06T05:32:47.890" type="response" statusCode="202" statusText="Accepted" /><!-- duration: 5ms -->
</step><!-- duration: 5179ms -->
