<step title="Incoming Request" date="2025-09-06T07:55:28.175" instance="0d31d1" url="/api/deployments/latest?deployer=OneDeploy&amp;time=2025-09-06_07-55-21Z" method="GET" type="request" pid="823,1,52" Host="emergencyassistance-sv-fbanemhrbshuf9bd.scm.japanwest-01.azurewebsites.net" User-Agent="GITHUBACTIONS_DeployWebAppToAzure_6afaea893f47a147fa5dac857d1041ffd4a8f022e29971635168cd4dcb90f2c0" Authorization="Bas..." Content-Type="application/json; charset=utf-8" Cookie="ARRAffinity=0d31d1e3b555b28bd1e1102783713510cb4a14cdd5a5d2b6e8d65e88240d42a3;Path=/;HttpOnly;Secure;Domain=emergencyassistance-sv-fbanemhrbshuf9bd.scm.japanwest-01.azurewebsites.net; ARRAffinitySameSite=0d31d1e3b555b28bd1e1102783713510cb4a14cdd5a5d2b6e8d65e88240d42a3;Path=/;HttpOnly;SameSite=None;Secure;Domain=emergencyassistance-sv-fbanemhrbshuf9bd.scm.japanwest-01.azurewebsites.net" Content-Length="0" X-ARR-LOG-ID="4a1e296e-d38e-4ace-bb6c-ee0937efa149" CLIENT-IP="172.203.38.243:57345" X-SITE-DEPLOYMENT-ID="Emergencyassistance-sv" WAS-DEFAULT-HOSTNAME="emergencyassistance-sv-fbanemhrbshuf9bd.scm.japanwest-01.azurewebsites.net" X-Forwarded-Proto="https" X-AppService-Proto="https" X-Forwarded-TlsVersion="1.3" X-WAWS-Unencoded-URL="/api/deployments/latest?deployer=OneDeploy&amp;time=2025-09-06_07-55-21Z" X-Client-IP="172.203.38.243" X-Client-Port="57345" >
  <step title="Cleanup Xml Logs" date="2025-09-06T07:55:28.182" >
    <step title="Cleanup Infos" date="2025-09-06T07:55:28.235" totalFiles="441" totalCleanup="281" /><!-- duration: 7ms -->
  </step><!-- duration: 66ms -->
  <step title="DeploymentService.GetResult" date="2025-09-06T07:55:28.259" >
    <step title="DeploymentService.GetLatestDeployment" date="2025-09-06T07:55:28.265" >
      <step title="DeploymentManager.GetResults" date="2025-09-06T07:55:28.276" /><!-- duration: 1215ms -->
    </step><!-- duration: 1230ms -->
  </step><!-- duration: 1241ms -->
  <step title="Outgoing response" date="2025-09-06T07:55:29.506" type="response" statusCode="202" statusText="Accepted" /><!-- duration: 5ms -->
</step><!-- duration: 1341ms -->
