<step title="Incoming Request" date="2025-08-29T00:37:22.185" instance="bf6391" url="/api/zipdeploy?isAsync=true" method="POST" type="request" pid="823,1,67" Accept="*/*" Host="emergencyassistance-sv-fbanemhrbshuf9bd.scm.japanwest-01.azurewebsites.net" User-Agent="AZURECLI/2.76.0 (DEB)" Accept-Encoding="gzip, deflate" Authorization="Bea..." Cache-Control="no-cache" Content-Type="application/octet-stream" Cookie="ARRAffinity=bf6391891f813fe54cfda5d2cacef026f295eea9a062d1fd7d073d9ea2164a6b; ARRAffinitySameSite=bf6391891f813fe54cfda5d2cacef026f295eea9a062d1fd7d073d9ea2164a6b" Content-Length="537716" x-ms-client-request-id="4ba1b210-8470-11f0-ac69-00224824f15f" x-ms-artifact-checksum="3cf506c29e85b5581af79ac86a04fd5055c2fbe78acf6bf1c89f4ad6d9ce02c1" X-ARR-LOG-ID="4ba1b210-8470-11f0-ac69-00224824f15f" CLIENT-IP="172.214.44.5:1025" X-SITE-DEPLOYMENT-ID="Emergencyassistance-sv" WAS-DEFAULT-HOSTNAME="emergencyassistance-sv-fbanemhrbshuf9bd.scm.japanwest-01.azurewebsites.net" X-Forwarded-Proto="https" X-AppService-Proto="https" X-Forwarded-TlsVersion="1.3" X-WAWS-Unencoded-URL="/api/zipdeploy?isAsync=true" X-Client-IP="172.214.44.5" X-Client-Port="1025" >
  <step title="Cleanup Xml Logs" date="2025-08-29T00:37:22.189" /><!-- duration: 8ms -->
  <step title="ZipPushDeploy" date="2025-08-29T00:37:22.278" >
    <step title="ZipDeploy. Run from package." date="2025-08-29T00:37:22.289" /><!-- duration: 4ms -->
    <step title="None repository commit" date="2025-08-29T00:37:22.313" >
      <step title="Commit id: 2846475e-7888-420b-a8a5-93c158555670" date="2025-08-29T00:37:22.317" Message="N/A" AuthorName="N/A" AuthorEmail="N/A" /><!-- duration: 4ms -->
    </step><!-- duration: 10ms -->
    <step title="Starting PushDeployAsync" date="2025-08-29T00:37:22.328" /><!-- duration: 3ms -->
    <step title="WEBSITE_RUN_FROM_PACKAGE is set to 1. Writing zip to SitePackagesPath" date="2025-08-29T00:37:22.352" /><!-- duration: 4ms -->
    <step title="Copying zip to SitePackages /home/data/SitePackages/20250829003722.zip from request body" date="2025-08-29T00:37:22.362" /><!-- duration: 3ms -->
    <step title="Writing multipart request body to /home/data/SitePackages/20250829003722.zip" date="2025-08-29T00:37:22.384" /><!-- duration: 11ms -->
    <step title="Deleting outdated zip file /home/data/SitePackages/20250828103904.zip" date="2025-08-29T00:37:22.807" /><!-- duration: 26ms -->
    <step title="Start deployment in the background" date="2025-08-29T00:37:22.843" >
      <step title="Acquiring Deployment Lock" date="2025-08-29T00:37:22.879" /><!-- duration: 4ms -->
      <step title="Acquired Deployment Lock" date="2025-08-29T00:37:22.942" /><!-- duration: 4ms -->
    </step><!-- duration: 234ms -->
  </step><!-- duration: 813ms -->
  <step title="Outgoing response" date="2025-08-29T00:37:23.115" type="response" statusCode="202" statusText="Accepted" /><!-- duration: 4ms -->
</step><!-- duration: 937ms -->
