<step title="Incoming Request" date="2025-09-06T07:55:16.717" instance="0d31d1" url="/api/publish?async=true&amp;deployer=GITHUB_ONE_DEPLOY&amp;type=zip&amp;message=%7B%22type%22%3A%22deployment%22%2C%22sha%22%3A%22e18932d397e11965c275bdd3c1f78e969f9b9bb0%22%2C%22repoName%22%3A%22Satoshi-Niina%2FEmergency-Assistance%22%2C%22actor%22%3A%22Satoshi-Niina%22%2C%22slotName%22%3A%22Production%22%2C%22commitMessage%22%3A%22Trigger%20final%20backend%20build%20test%22%7D" method="POST" type="request" pid="823,1,52" Host="emergencyassistance-sv-fbanemhrbshuf9bd.scm.japanwest-01.azurewebsites.net" User-Agent="GITHUBACTIONS_DeployWebAppToAzure_6afaea893f47a147fa5dac857d1041ffd4a8f022e29971635168cd4dcb90f2c0" Authorization="Bas..." Content-Type="application/octet-stream" Cookie="ARRAffinity=0d31d1e3b555b28bd1e1102783713510cb4a14cdd5a5d2b6e8d65e88240d42a3;Path=/;HttpOnly;Secure;Domain=emergencyassistance-sv-fbanemhrbshuf9bd.scm.japanwest-01.azurewebsites.net; ARRAffinitySameSite=0d31d1e3b555b28bd1e1102783713510cb4a14cdd5a5d2b6e8d65e88240d42a3;Path=/;HttpOnly;SameSite=None;Secure;Domain=emergencyassistance-sv-fbanemhrbshuf9bd.scm.japanwest-01.azurewebsites.net" Transfer-Encoding="chunked" X-ARR-LOG-ID="571989c5-de58-4423-ab12-ad75671e8822" CLIENT-IP="172.203.38.243:57344" X-SITE-DEPLOYMENT-ID="Emergencyassistance-sv" WAS-DEFAULT-HOSTNAME="emergencyassistance-sv-fbanemhrbshuf9bd.scm.japanwest-01.azurewebsites.net" X-Forwarded-Proto="https" X-AppService-Proto="https" X-Forwarded-TlsVersion="1.3" X-WAWS-Unencoded-URL="/api/publish?async=true&amp;deployer=GITHUB_ONE_DEPLOY&amp;type=zip&amp;message=%7B%22type%22%3A%22deployment%22%2C%22sha%22%3A%22e18932d397e11965c275bdd3c1f78e969f9b9bb0%22%2C%22repoName%22%3A%22Satoshi-Niina%2FEmergency-Assistance%22%2C%22actor%22%3A%22Satoshi-Niina%22%2C%22slotName%22%3A%22Production%22%2C%22commitMessage%22%3A%22Trigger%20final%20backend%20build%20test%22%7D" X-Client-IP="172.203.38.243" X-Client-Port="57344" >
  <step title="Cleanup Xml Logs" date="2025-09-06T07:55:16.721" >
    <step title="Cleanup Infos" date="2025-09-06T07:55:16.749" totalFiles="438" totalCleanup="278" /><!-- duration: 12ms -->
  </step><!-- duration: 45ms -->
  <step title="OneDeploy" date="2025-09-06T07:55:16.955" >
    <step title="Starting PushDeployAsync" date="2025-09-06T07:55:16.975" /><!-- duration: 6ms -->
    <step title="WEBSITE_RUN_FROM_PACKAGE is set to 1. Writing zip to SitePackagesPath" date="2025-09-06T07:55:16.992" /><!-- duration: 10ms -->
    <step title="Copying zip to SitePackages /home/data/SitePackages/20250906075516.zip from request body" date="2025-09-06T07:55:17.013" /><!-- duration: 25ms -->
    <step title="Writing multipart request body to /home/data/SitePackages/20250906075516.zip" date="2025-09-06T07:55:17.107" /><!-- duration: 13ms -->
    <step title="Deleting outdated zip file /home/data/SitePackages/20250906012718.zip" date="2025-09-06T07:55:20.880" /><!-- duration: 20ms -->
    <step title="Start deployment in the background" date="2025-09-06T07:55:20.916" >
      <step title="Acquiring Deployment Lock" date="2025-09-06T07:55:20.997" /><!-- duration: 6ms -->
      <step title="Acquired Deployment Lock" date="2025-09-06T07:55:21.039" /><!-- duration: 5ms -->
    </step><!-- duration: 291ms -->
  </step><!-- duration: 4273ms -->
  <step title="Outgoing response" date="2025-09-06T07:55:21.236" type="response" statusCode="202" statusText="Accepted" /><!-- duration: 6ms -->
</step><!-- duration: 4530ms -->
