<step title="BackgroundTrace" date="2025-08-28T08:16:10.948" instance="bf6391" url="/api/zipdeploy" method="POST" >
  <step title="Creating temporary deployment - FetchDeploymentManager" date="2025-08-28T08:16:11.189" /><!-- duration: 10ms -->
  <step title="Creating temporary deployment" date="2025-08-28T08:16:11.228" /><!-- duration: 191ms -->
  <step title="Performing fetch based deployment" date="2025-08-28T08:16:11.649" >
    <step title="Deployment timer started" date="2025-08-28T08:16:14.986" >
      <step title="DeploymentManager.Deploy(id:10d1002f-b5f6-460f-a2ff-9e9a6b78fa02)" date="2025-08-28T08:16:15.013" >
        <step title="Collecting changeset information" date="2025-08-28T08:16:15.116" /><!-- duration: 230ms -->
        <step title="Updating submodules" date="2025-08-28T08:16:15.367" /><!-- duration: 1263ms -->
        <step title="Determining deployment builder" date="2025-08-28T08:16:16.902" >
          <step title="Builder is RunFromZipSiteBuilder" date="2025-08-28T08:16:16.929" /><!-- duration: 20ms -->
        </step><!-- duration: 54ms -->
        <step title="PreDeployment: context.CleanOutputPath False" date="2025-08-28T08:16:17.024" >
          <step title="PreDeployment: context.OutputPath /home/site/wwwroot" date="2025-08-28T08:16:17.183" >
            <step title="Building" date="2025-08-28T08:16:17.344" >
              <step title="Triggering recycle (preview mode disabled)." date="2025-08-28T08:16:17.728" /><!-- duration: 7ms -->
              <step title="Modified file to trigger a restart of the app container." date="2025-08-28T08:16:17.818" /><!-- duration: 11ms -->
              <step title="Skip function trigger and logicapp sync because function is not enabled." date="2025-08-28T08:16:17.841" /><!-- duration: 19ms -->
            </step><!-- duration: 2458ms -->
          </step><!-- duration: 2624ms -->
          <step title="Cleaning up temp files" date="2025-08-28T08:16:19.814" /><!-- duration: 39ms -->
          <step title="Cleaning up temp files" date="2025-08-28T08:16:19.885" /><!-- duration: 530ms -->
          <step title="Reloading status file with latest updates" date="2025-08-28T08:16:20.733" >
            <step title="WebHooksManager.PublishEventAsync: PostDeployment" date="2025-08-28T08:16:20.814" /><!-- duration: 179ms -->
          </step><!-- duration: 272ms -->
          <step title="Cleaning up temporary deployment - fetch deployment was successful" date="2025-08-28T08:16:21.035" /><!-- duration: 10ms -->
        </step><!-- duration: 4124ms -->
      </step><!-- duration: 6211ms -->
