<step title="BackgroundTrace" date="2025-08-30T02:39:46.520" instance="bf6391" url="/api/publish" method="POST" >
  <step title="Creating temporary deployment - FetchDeploymentManager" date="2025-08-30T02:39:46.625" /><!-- duration: 4ms -->
  <step title="Creating temporary deployment" date="2025-08-30T02:39:46.650" /><!-- duration: 108ms -->
  <step title="Performing fetch based deployment" date="2025-08-30T02:39:46.817" >
    <step title="Deployment timer started" date="2025-08-30T02:39:50.344" >
      <step title="DeploymentManager.Deploy(id:56dab8cf-eec7-49a8-969d-d97337eddbf2)" date="2025-08-30T02:39:50.354" >
        <step title="Collecting changeset information" date="2025-08-30T02:39:50.386" /><!-- duration: 142ms -->
        <step title="Updating submodules" date="2025-08-30T02:39:50.537" /><!-- duration: 1241ms -->
        <step title="Determining deployment builder" date="2025-08-30T02:39:52.026" >
          <step title="Builder is RunFromZipSiteBuilder" date="2025-08-30T02:39:52.046" /><!-- duration: 11ms -->
        </step><!-- duration: 37ms -->
        <step title="PreDeployment: context.CleanOutputPath False" date="2025-08-30T02:39:52.130" >
          <step title="PreDeployment: context.OutputPath /home/site/wwwroot" date="2025-08-30T02:39:52.277" >
            <step title="Building" date="2025-08-30T02:39:52.431" >
              <step title="Modified file to trigger a restart of the app container." date="2025-08-30T02:39:52.931" /><!-- duration: 9ms -->
              <step title="Skip function trigger and logicapp sync because function is not enabled." date="2025-08-30T02:39:52.966" /><!-- duration: 13ms -->
              <step title="Purge deployment items" date="2025-08-30T02:39:54.278" >
                <step title="Remove 544b4791-, Success, received at 08/29/2025 08:48:14" date="2025-08-30T02:39:54.343" /><!-- duration: 5ms -->
              </step><!-- duration: 77ms -->
            </step><!-- duration: 1999ms -->
          </step><!-- duration: 2160ms -->
          <step title="Cleaning up temp files" date="2025-08-30T02:39:54.442" /><!-- duration: 8ms -->
          <step title="Cleaning up temp files" date="2025-08-30T02:39:54.470" /><!-- duration: 523ms -->
          <step title="Reloading status file with latest updates" date="2025-08-30T02:39:55.313" >
            <step title="WebHooksManager.PublishEventAsync: PostDeployment" date="2025-08-30T02:39:55.323" /><!-- duration: 129ms -->
          </step><!-- duration: 165ms -->
          <step title="Cleaning up temporary deployment - fetch deployment was successful" date="2025-08-30T02:39:55.486" /><!-- duration: 5ms -->
        </step><!-- duration: 3450ms -->
      </step><!-- duration: 5252ms -->
