<step title="Incoming Request" date="2025-08-20T11:35:12.305" instance="66379d" url="/api/zipdeploy?isAsync=true" method="POST" type="request" pid="769,1,7" Accept="*/*" Host="emergency-backend-app.scm.azurewebsites.net" User-Agent="AZURECLI/2.67.0 (MSI)" Accept-Encoding="gzip, deflate" Authorization="Bas..." Cache-Control="no-cache" Content-Type="application/octet-stream" Content-Length="5052167" x-ms-client-request-id="ba107723-7db9-11f0-a1d1-985f41f2c1b0" x-ms-artifact-checksum="70c25815cf3d0da05863ae2433f8647f570554ffca3592e271c0cf9c34925ae3" X-ARR-LOG-ID="ba107723-7db9-11f0-a1d1-985f41f2c1b0" CLIENT-IP="153.171.234.141:1788" X-SITE-DEPLOYMENT-ID="emergency-backend-app" WAS-DEFAULT-HOSTNAME="emergency-backend-app.scm.azurewebsites.net" X-Forwarded-Proto="https" X-AppService-Proto="https" X-Forwarded-TlsVersion="1.3" X-WAWS-Unencoded-URL="/api/zipdeploy?isAsync=true" X-Client-IP="153.171.234.141" X-Client-Port="1788" >
  <step title="ZipPushDeploy" date="2025-08-20T11:35:12.869" >
    <step title="ZipDeploy. Extract zip." date="2025-08-20T11:35:12.879" /><!-- duration: 8ms -->
    <step title="None repository commit" date="2025-08-20T11:35:12.896" >
      <step title="Commit id: cee5be0f-5af3-4d70-b079-f95c7aa5a85a" date="2025-08-20T11:35:12.902" Message="N/A" AuthorName="N/A" AuthorEmail="N/A" /><!-- duration: 6ms -->
    </step><!-- duration: 19ms -->
    <step title="Starting PushDeployAsync" date="2025-08-20T11:35:12.920" /><!-- duration: 6ms -->
    <step title="Writing artifact to /tmp/zipdeploy/88aa7f8a-e6ed-44be-810c-a43787394b78.zip" date="2025-08-20T11:35:12.942" >
      <step title="Writing multipart request body to /tmp/zipdeploy/88aa7f8a-e6ed-44be-810c-a43787394b78.zip" date="2025-08-20T11:35:12.950" /><!-- duration: 13ms -->
    </step><!-- duration: 241ms -->
    <step title="None repository commit" date="2025-08-20T11:35:13.202" >
      <step title="Commit id: cee5be0f-5af3-4d70-b079-f95c7aa5a85a" date="2025-08-20T11:35:13.208" Message="N/A" AuthorName="N/A" AuthorEmail="N/A" /><!-- duration: 7ms -->
    </step><!-- duration: 20ms -->
    <step title="Start deployment in the background" date="2025-08-20T11:35:13.228" >
      <step title="None repository commit" date="2025-08-20T11:35:13.244" >
        <step title="Commit id: cee5be0f-5af3-4d70-b079-f95c7aa5a85a" date="2025-08-20T11:35:13.263" Message="N/A" AuthorName="N/A" AuthorEmail="N/A" /><!-- duration: 6ms -->
      </step><!-- duration: 31ms -->
      <step title="Acquiring Deployment Lock" date="2025-08-20T11:35:13.282" /><!-- duration: 5ms -->
      <step title="Acquired Deployment Lock" date="2025-08-20T11:35:13.352" /><!-- duration: 6ms -->
    </step><!-- duration: 231ms -->
  </step><!-- duration: 599ms -->
  <step title="Outgoing response" date="2025-08-20T11:35:13.487" type="response" statusCode="202" statusText="Accepted" /><!-- duration: 7ms -->
</step><!-- duration: 1195ms -->
