<step title="BackgroundTrace" date="2025-08-28T05:28:32.709" instance="bf6391" url="/api/zipdeploy" method="POST" >
  <step title="Creating temporary deployment - FetchDeploymentManager" date="2025-08-28T05:28:32.838" /><!-- duration: 3ms -->
  <step title="Creating temporary deployment" date="2025-08-28T05:28:32.867" /><!-- duration: 63ms -->
  <step title="Performing fetch based deployment" date="2025-08-28T05:28:32.969" >
    <step title="Deployment timer started" date="2025-08-28T05:28:36.282" >
      <step title="DeploymentManager.Deploy(id:4d4eeda1-c98b-409f-8383-af7cb498e6ae)" date="2025-08-28T05:28:36.317" >
        <step title="Collecting changeset information" date="2025-08-28T05:28:36.409" /><!-- duration: 196ms -->
        <step title="Updating submodules" date="2025-08-28T05:28:36.629" /><!-- duration: 1220ms -->
        <step title="Determining deployment builder" date="2025-08-28T05:28:38.123" >
          <step title="Builder is RunFromZipSiteBuilder" date="2025-08-28T05:28:38.142" /><!-- duration: 11ms -->
        </step><!-- duration: 36ms -->
        <step title="PreDeployment: context.CleanOutputPath False" date="2025-08-28T05:28:38.226" >
          <step title="PreDeployment: context.OutputPath /home/site/wwwroot" date="2025-08-28T05:28:38.362" >
            <step title="Building" date="2025-08-28T05:28:38.539" >
              <step title="Triggering recycle (preview mode disabled)." date="2025-08-28T05:28:38.925" /><!-- duration: 10ms -->
              <step title="Modified file to trigger a restart of the app container." date="2025-08-28T05:28:38.984" /><!-- duration: 4ms -->
              <step title="Skip function trigger and logicapp sync because function is not enabled." date="2025-08-28T05:28:39.002" /><!-- duration: 22ms -->
            </step><!-- duration: 2061ms -->
          </step><!-- duration: 2245ms -->
          <step title="Cleaning up temp files" date="2025-08-28T05:28:40.611" /><!-- duration: 7ms -->
          <step title="Cleaning up temp files" date="2025-08-28T05:28:40.631" /><!-- duration: 517ms -->
          <step title="Reloading status file with latest updates" date="2025-08-28T05:28:41.178" >
            <step title="WebHooksManager.PublishEventAsync: PostDeployment" date="2025-08-28T05:28:41.185" /><!-- duration: 50ms -->
          </step><!-- duration: 61ms -->
          <step title="Cleaning up temporary deployment - fetch deployment was successful" date="2025-08-28T05:28:41.245" /><!-- duration: 4ms -->
        </step><!-- duration: 3109ms -->
      </step><!-- duration: 5034ms -->
