<step title="Incoming Request" date="2025-09-05T08:39:02.567" instance="0d31d1" url="/api/zipdeploy?isAsync=true&amp;deployer=GITHUB_ZIP_DEPLOY&amp;message=%7B%22type%22%3A%22deployment%22%2C%22sha%22%3A%22e3d727238db188e39ec7a4a856473f6c19d6a094%22%2C%22repoName%22%3A%22Satoshi-Niina%2FEmergency-Assistance%22%2C%22actor%22%3A%22Satoshi-Niina%22%2C%22slotName%22%3A%22Production%22%2C%22commitMessage%22%3A%22Fixing%20GitHub%20Actions%20workflows%20for%20deployment%22%7D" method="POST" type="request" pid="821,1,24" Host="emergencyassistance-sv-fbanemhrbshuf9bd.scm.japanwest-01.azurewebsites.net" User-Agent="GITHUBACTIONS_DeployWebAppToAzure_6afaea893f47a147fa5dac857d1041ffd4a8f022e29971635168cd4dcb90f2c0" Authorization="Bas..." Content-Type="application/octet-stream" Cookie="ARRAffinity=0d31d1e3b555b28bd1e1102783713510cb4a14cdd5a5d2b6e8d65e88240d42a3;Path=/;HttpOnly;Secure;Domain=emergencyassistance-sv-fbanemhrbshuf9bd.scm.japanwest-01.azurewebsites.net; ARRAffinitySameSite=0d31d1e3b555b28bd1e1102783713510cb4a14cdd5a5d2b6e8d65e88240d42a3;Path=/;HttpOnly;SameSite=None;Secure;Domain=emergencyassistance-sv-fbanemhrbshuf9bd.scm.japanwest-01.azurewebsites.net" Transfer-Encoding="chunked" X-ARR-LOG-ID="d7697472-32c4-4319-b3d7-179d7610232f" CLIENT-IP="172.214.44.214:46080" X-SITE-DEPLOYMENT-ID="Emergencyassistance-sv" WAS-DEFAULT-HOSTNAME="emergencyassistance-sv-fbanemhrbshuf9bd.scm.japanwest-01.azurewebsites.net" X-Forwarded-Proto="https" X-AppService-Proto="https" X-Forwarded-TlsVersion="1.3" X-WAWS-Unencoded-URL="/api/zipdeploy?isAsync=true&amp;deployer=GITHUB_ZIP_DEPLOY&amp;message=%7B%22type%22%3A%22deployment%22%2C%22sha%22%3A%22e3d727238db188e39ec7a4a856473f6c19d6a094%22%2C%22repoName%22%3A%22Satoshi-Niina%2FEmergency-Assistance%22%2C%22actor%22%3A%22Satoshi-Niina%22%2C%22slotName%22%3A%22Production%22%2C%22commitMessage%22%3A%22Fixing%20GitHub%20Actions%20workflows%20for%20deployment%22%7D" X-Client-IP="172.214.44.214" X-Client-Port="46080" >
  <step title="Cleanup Xml Logs" date="2025-09-05T08:39:02.573" >
    <step title="Cleanup Infos" date="2025-09-05T08:39:02.592" totalFiles="292" totalCleanup="132" /><!-- duration: 8ms -->
  </step><!-- duration: 32ms -->
  <step title="ZipPushDeploy" date="2025-09-05T08:39:02.637" >
    <step title="ZipDeploy. Run from package." date="2025-09-05T08:39:02.650" /><!-- duration: 5ms -->
    <step title="Starting PushDeployAsync" date="2025-09-05T08:39:02.664" /><!-- duration: 5ms -->
    <step title="WEBSITE_RUN_FROM_PACKAGE is set to 1. Writing zip to SitePackagesPath" date="2025-09-05T08:39:02.706" /><!-- duration: 8ms -->
    <step title="Copying zip to SitePackages /home/data/SitePackages/20250905083902.zip from request body" date="2025-09-05T08:39:02.742" /><!-- duration: 6ms -->
    <step title="Writing multipart request body to /home/data/SitePackages/20250905083902.zip" date="2025-09-05T08:39:02.755" /><!-- duration: 11ms -->
    <step title="Deleting outdated zip file /home/data/SitePackages/20250901111154.zip" date="2025-09-05T08:39:08.735" /><!-- duration: 19ms -->
    <step title="Start deployment in the background" date="2025-09-05T08:39:08.767" >
      <step title="Acquiring Deployment Lock" date="2025-09-05T08:39:08.948" /><!-- duration: 5ms -->
      <step title="Acquired Deployment Lock" date="2025-09-05T08:39:08.987" /><!-- duration: 5ms -->
    </step><!-- duration: 347ms -->
  </step><!-- duration: 6489ms -->
  <step title="Outgoing response" date="2025-09-05T08:39:09.132" type="response" statusCode="202" statusText="Accepted" /><!-- duration: 5ms -->
</step><!-- duration: 6575ms -->
