<step title="BackgroundTrace" date="2025-09-06T00:54:01.042" instance="0d31d1" url="/api/zipdeploy" method="POST" >
  <step title="Cleanup Xml Logs" date="2025-09-06T00:54:01.051" >
    <step title="Cleanup Infos" date="2025-09-06T00:54:01.068" totalFiles="393" totalCleanup="233" /><!-- duration: 8ms -->
  </step><!-- duration: 29ms -->
  <step title="Creating temporary deployment - FetchDeploymentManager" date="2025-09-06T00:54:01.166" /><!-- duration: 5ms -->
  <step title="Creating temporary deployment" date="2025-09-06T00:54:01.177" /><!-- duration: 72ms -->
  <step title="Performing fetch based deployment" date="2025-09-06T00:54:01.298" >
    <step title="Deployment timer started" date="2025-09-06T00:54:05.662" >
      <step title="DeploymentManager.Deploy(id:c2aaa87b-ce72-437b-bbaa-c2e3d5b76ba1)" date="2025-09-06T00:54:05.672" >
        <step title="Collecting changeset information" date="2025-09-06T00:54:05.731" /><!-- duration: 168ms -->
        <step title="Updating submodules" date="2025-09-06T00:54:05.908" /><!-- duration: 1127ms -->
        <step title="Determining deployment builder" date="2025-09-06T00:54:07.283" >
          <step title="Builder is RunFromZipSiteBuilder" date="2025-09-06T00:54:07.300" /><!-- duration: 13ms -->
        </step><!-- duration: 35ms -->
        <step title="PreDeployment: context.CleanOutputPath False" date="2025-09-06T00:54:07.385" >
          <step title="PreDeployment: context.OutputPath /home/site/wwwroot" date="2025-09-06T00:54:07.541" >
            <step title="Building" date="2025-09-06T00:54:07.681" >
              <step title="Triggering recycle (preview mode disabled)." date="2025-09-06T00:54:08.115" /><!-- duration: 16ms -->
              <step title="Modified file to trigger a restart of the app container." date="2025-09-06T00:54:08.178" /><!-- duration: 6ms -->
              <step title="Skip function trigger and logicapp sync because function is not enabled." date="2025-09-06T00:54:08.191" /><!-- duration: 26ms -->
              <step title="Purge deployment items" date="2025-09-06T00:54:09.771" >
                <step title="Remove 75afa5bc-, Success, received at 09/05/2025 09:26:41" date="2025-09-06T00:54:09.856" /><!-- duration: 5ms -->
              </step><!-- duration: 94ms -->
            </step><!-- duration: 2394ms -->
          </step><!-- duration: 2542ms -->
          <step title="Cleaning up temp files" date="2025-09-06T00:54:10.088" /><!-- duration: 6ms -->
          <step title="Cleaning up temp files" date="2025-09-06T00:54:10.107" /><!-- duration: 522ms -->
          <step title="Reloading status file with latest updates" date="2025-09-06T00:54:11.493" >
            <step title="WebHooksManager.PublishEventAsync: PostDeployment" date="2025-09-06T00:54:11.503" /><!-- duration: 70ms -->
          </step><!-- duration: 84ms -->
          <step title="Cleaning up temporary deployment - fetch deployment was successful" date="2025-09-06T00:54:11.585" /><!-- duration: 5ms -->
        </step><!-- duration: 4261ms -->
      </step><!-- duration: 5999ms -->
