<step title="Incoming Request" date="2025-09-05T11:49:12.722" instance="0d31d1" url="/api/zipdeploy?isAsync=true&amp;deployer=GITHUB_ZIP_DEPLOY&amp;message=%7B%22type%22%3A%22deployment%22%2C%22sha%22%3A%22593795d809db5de59c4d076057a1c38a6a0030dc%22%2C%22repoName%22%3A%22Satoshi-Niina%2FEmergency-Assistance%22%2C%22actor%22%3A%22Satoshi-Niina%22%2C%22slotName%22%3A%22Production%22%2C%22commitMessage%22%3A%22Fix%20health%20check%20endpoints%20and%20Azure%20deployment%20configuration%22%7D" method="POST" type="request" pid="821,1,31" Host="emergencyassistance-sv-fbanemhrbshuf9bd.scm.japanwest-01.azurewebsites.net" User-Agent="GITHUBACTIONS_DeployWebAppToAzure_6afaea893f47a147fa5dac857d1041ffd4a8f022e29971635168cd4dcb90f2c0" Authorization="Bas..." Content-Type="application/octet-stream" Cookie="ARRAffinity=0d31d1e3b555b28bd1e1102783713510cb4a14cdd5a5d2b6e8d65e88240d42a3;Path=/;HttpOnly;Secure;Domain=emergencyassistance-sv-fbanemhrbshuf9bd.scm.japanwest-01.azurewebsites.net; ARRAffinitySameSite=0d31d1e3b555b28bd1e1102783713510cb4a14cdd5a5d2b6e8d65e88240d42a3;Path=/;HttpOnly;SameSite=None;Secure;Domain=emergencyassistance-sv-fbanemhrbshuf9bd.scm.japanwest-01.azurewebsites.net" Transfer-Encoding="chunked" X-ARR-LOG-ID="bcfa3174-c4de-4f11-84d1-49307c04907a" CLIENT-IP="104.209.12.66:60432" X-SITE-DEPLOYMENT-ID="Emergencyassistance-sv" WAS-DEFAULT-HOSTNAME="emergencyassistance-sv-fbanemhrbshuf9bd.scm.japanwest-01.azurewebsites.net" X-Forwarded-Proto="https" X-AppService-Proto="https" X-Forwarded-TlsVersion="1.3" X-WAWS-Unencoded-URL="/api/zipdeploy?isAsync=true&amp;deployer=GITHUB_ZIP_DEPLOY&amp;message=%7B%22type%22%3A%22deployment%22%2C%22sha%22%3A%22593795d809db5de59c4d076057a1c38a6a0030dc%22%2C%22repoName%22%3A%22Satoshi-Niina%2FEmergency-Assistance%22%2C%22actor%22%3A%22Satoshi-Niina%22%2C%22slotName%22%3A%22Production%22%2C%22commitMessage%22%3A%22Fix%20health%20check%20endpoints%20and%20Azure%20deployment%20configuration%22%7D" X-Client-IP="104.209.12.66" X-Client-Port="60432" >
  <step title="Cleanup Xml Logs" date="2025-09-05T11:49:12.727" >
    <step title="Cleanup Infos" date="2025-09-05T11:49:12.743" totalFiles="349" totalCleanup="189" /><!-- duration: 9ms -->
  </step><!-- duration: 31ms -->
  <step title="ZipPushDeploy" date="2025-09-05T11:49:12.771" >
    <step title="ZipDeploy. Run from package." date="2025-09-05T11:49:12.780" /><!-- duration: 5ms -->
    <step title="Starting PushDeployAsync" date="2025-09-05T11:49:12.793" /><!-- duration: 5ms -->
    <step title="WEBSITE_RUN_FROM_PACKAGE is set to 1. Writing zip to SitePackagesPath" date="2025-09-05T11:49:12.805" /><!-- duration: 11ms -->
    <step title="Copying zip to SitePackages /home/data/SitePackages/20250905114912.zip from request body" date="2025-09-05T11:49:12.842" /><!-- duration: 5ms -->
    <step title="Writing multipart request body to /home/data/SitePackages/20250905114912.zip" date="2025-09-05T11:49:12.867" /><!-- duration: 19ms -->
    <step title="Deleting outdated zip file /home/data/SitePackages/20250905092633.zip" date="2025-09-05T11:49:16.942" /><!-- duration: 13ms -->
    <step title="Start deployment in the background" date="2025-09-05T11:49:16.967" >
      <step title="Acquiring Deployment Lock" date="2025-09-05T11:49:17.037" /><!-- duration: 5ms -->
      <step title="Acquired Deployment Lock" date="2025-09-05T11:49:17.087" /><!-- duration: 6ms -->
    </step><!-- duration: 236ms -->
  </step><!-- duration: 4438ms -->
  <step title="Outgoing response" date="2025-09-05T11:49:17.214" type="response" statusCode="202" statusText="Accepted" /><!-- duration: 5ms -->
</step><!-- duration: 4502ms -->
