<step title="Incoming Request" date="2025-09-05T11:42:08.590" instance="0d31d1" url="/api/zipdeploy?isAsync=true&amp;deployer=GITHUB_ZIP_DEPLOY&amp;message=%7B%22type%22%3A%22deployment%22%2C%22sha%22%3A%2252bfe1b183ce0254fc01e5f68c3fd09129b24206%22%2C%22repoName%22%3A%22Satoshi-Niina%2FEmergency-Assistance%22%2C%22actor%22%3A%22Satoshi-Niina%22%2C%22slotName%22%3A%22Production%22%2C%22commitMessage%22%3A%22fix%3A%20Convert%20health%20endpoint%20to%20TypeScript%20with%20Express%20Router%5Cn%5Cn-%20Remove%20health.js%20and%20restore%20health.ts%20for%20TypeScript%20compatibility%5Cn-%20Convert%20health%20endpoint%20from%20function%20to%20Express%20Router%20pattern%5Cn-%20Update%20index.ts%20to%20use%20healthRouter%20instead%20of%20registerHealth%20function%5Cn-%20Fix%20import%20path%20for%20NodeNext%20module%20resolution%20(.js%20extension%20required)%5Cn-%20Resolve%20TypeScript%20build%20errors%20(TS7016%2C%20TS2305)%5Cn%5CnEndpoints%3A%5Cn-%20GET%20%2Fhealth%2F%20-%3E%20200%20OK%20(now%20using%20Router%20pattern)%22%7D" method="POST" type="request" pid="821,1,44" Host="emergencyassistance-sv-fbanemhrbshuf9bd.scm.japanwest-01.azurewebsites.net" User-Agent="GITHUBACTIONS_DeployWebAppToAzure_6afaea893f47a147fa5dac857d1041ffd4a8f022e29971635168cd4dcb90f2c0" Authorization="Bas..." Content-Type="application/octet-stream" Cookie="ARRAffinity=0d31d1e3b555b28bd1e1102783713510cb4a14cdd5a5d2b6e8d65e88240d42a3;Path=/;HttpOnly;Secure;Domain=emergencyassistance-sv-fbanemhrbshuf9bd.scm.japanwest-01.azurewebsites.net; ARRAffinitySameSite=0d31d1e3b555b28bd1e1102783713510cb4a14cdd5a5d2b6e8d65e88240d42a3;Path=/;HttpOnly;SameSite=None;Secure;Domain=emergencyassistance-sv-fbanemhrbshuf9bd.scm.japanwest-01.azurewebsites.net" Transfer-Encoding="chunked" X-ARR-LOG-ID="b8e16f55-0d54-4d69-8209-a8c0624697ac" CLIENT-IP="104.209.10.230:23552" X-SITE-DEPLOYMENT-ID="Emergencyassistance-sv" WAS-DEFAULT-HOSTNAME="emergencyassistance-sv-fbanemhrbshuf9bd.scm.japanwest-01.azurewebsites.net" X-Forwarded-Proto="https" X-AppService-Proto="https" X-Forwarded-TlsVersion="1.3" X-WAWS-Unencoded-URL="/api/zipdeploy?isAsync=true&amp;deployer=GITHUB_ZIP_DEPLOY&amp;message=%7B%22type%22%3A%22deployment%22%2C%22sha%22%3A%2252bfe1b183ce0254fc01e5f68c3fd09129b24206%22%2C%22repoName%22%3A%22Satoshi-Niina%2FEmergency-Assistance%22%2C%22actor%22%3A%22Satoshi-Niina%22%2C%22slotName%22%3A%22Production%22%2C%22commitMessage%22%3A%22fix%3A%20Convert%20health%20endpoint%20to%20TypeScript%20with%20Express%20Router%5Cn%5Cn-%20Remove%20health.js%20and%20restore%20health.ts%20for%20TypeScript%20compatibility%5Cn-%20Convert%20health%20endpoint%20from%20function%20to%20Express%20Router%20pattern%5Cn-%20Update%20index.ts%20to%20use%20healthRouter%20instead%20of%20registerHealth%20function%5Cn-%20Fix%20import%20path%20for%20NodeNext%20module%20resolution%20(.js%20extension%20required)%5Cn-%20Resolve%20TypeScript%20build%20errors%20(TS7016%2C%20TS2305)%5Cn%5CnEndpoints%3A%5Cn-%20GET%20%2Fhealth%2F%20-%3E%20200%20OK%20(now%20using%20Router%20pattern)%22%7D" X-Client-IP="104.209.10.230" X-Client-Port="23552" >
  <step title="Cleanup Xml Logs" date="2025-09-05T11:42:08.594" >
    <step title="Cleanup Infos" date="2025-09-05T11:42:08.610" totalFiles="342" totalCleanup="182" /><!-- duration: 8ms -->
  </step><!-- duration: 29ms -->
  <step title="ZipPushDeploy" date="2025-09-05T11:42:08.638" >
    <step title="ZipDeploy. Run from package." date="2025-09-05T11:42:08.650" /><!-- duration: 5ms -->
    <step title="Starting PushDeployAsync" date="2025-09-05T11:42:08.663" /><!-- duration: 6ms -->
    <step title="WEBSITE_RUN_FROM_PACKAGE is set to 1. Writing zip to SitePackagesPath" date="2025-09-05T11:42:08.701" /><!-- duration: 11ms -->
    <step title="Copying zip to SitePackages /home/data/SitePackages/20250905114208.zip from request body" date="2025-09-05T11:42:08.721" /><!-- duration: 18ms -->
    <step title="Writing multipart request body to /home/data/SitePackages/20250905114208.zip" date="2025-09-05T11:42:08.750" /><!-- duration: 23ms -->
    <step title="Deleting outdated zip file /home/data/SitePackages/20250905091436.zip" date="2025-09-05T11:42:13.707" /><!-- duration: 42ms -->
    <step title="Start deployment in the background" date="2025-09-05T11:42:13.798" >
      <step title="Acquiring Deployment Lock" date="2025-09-05T11:42:13.983" /><!-- duration: 19ms -->
      <step title="Acquired Deployment Lock" date="2025-09-05T11:42:14.080" /><!-- duration: 30ms -->
    </step><!-- duration: 558ms -->
  </step><!-- duration: 5765ms -->
  <step title="Outgoing response" date="2025-09-05T11:42:14.436" type="response" statusCode="202" statusText="Accepted" /><!-- duration: 20ms -->
</step><!-- duration: 5894ms -->
