<step title="BackgroundTrace" date="2025-08-29T01:35:28.118" instance="bf6391" url="/api/zipdeploy" method="POST" >
  <step title="Creating temporary deployment - FetchDeploymentManager" date="2025-08-29T01:35:28.205" /><!-- duration: 2ms -->
  <step title="Creating temporary deployment" date="2025-08-29T01:35:28.219" /><!-- duration: 77ms -->
  <step title="Performing fetch based deployment" date="2025-08-29T01:35:28.350" >
    <step title="Deployment timer started" date="2025-08-29T01:35:31.547" >
      <step title="DeploymentManager.Deploy(id:5eb39d78-40d0-4b65-a676-13853962403f)" date="2025-08-29T01:35:31.580" >
        <step title="Collecting changeset information" date="2025-08-29T01:35:31.628" /><!-- duration: 107ms -->
        <step title="Updating submodules" date="2025-08-29T01:35:31.742" /><!-- duration: 1129ms -->
        <step title="Determining deployment builder" date="2025-08-29T01:35:33.083" >
          <step title="Builder is RunFromZipSiteBuilder" date="2025-08-29T01:35:33.102" /><!-- duration: 12ms -->
        </step><!-- duration: 59ms -->
        <step title="PreDeployment: context.CleanOutputPath False" date="2025-08-29T01:35:33.252" >
          <step title="PreDeployment: context.OutputPath /home/site/wwwroot" date="2025-08-29T01:35:33.414" >
            <step title="Building" date="2025-08-29T01:35:33.614" >
              <step title="Triggering recycle (preview mode disabled)." date="2025-08-29T01:35:33.989" /><!-- duration: 13ms -->
              <step title="Modified file to trigger a restart of the app container." date="2025-08-29T01:35:34.041" /><!-- duration: 7ms -->
              <step title="Skip function trigger and logicapp sync because function is not enabled." date="2025-08-29T01:35:34.057" /><!-- duration: 34ms -->
              <step title="Purge deployment items" date="2025-08-29T01:35:36.863" >
                <step title="Remove 10b31d1b-, Success, received at 08/28/2025 07:50:16" date="2025-08-29T01:35:36.919" /><!-- duration: 3ms -->
              </step><!-- duration: 64ms -->
            </step><!-- duration: 3382ms -->
          </step><!-- duration: 3586ms -->
          <step title="Cleaning up temp files" date="2025-08-29T01:35:37.004" /><!-- duration: 5ms -->
          <step title="Cleaning up temp files" date="2025-08-29T01:35:37.019" /><!-- duration: 538ms -->
          <step title="Reloading status file with latest updates" date="2025-08-29T01:35:37.695" >
            <step title="WebHooksManager.PublishEventAsync: PostDeployment" date="2025-08-29T01:35:37.703" /><!-- duration: 40ms -->
          </step><!-- duration: 52ms -->
          <step title="Cleaning up temporary deployment - fetch deployment was successful" date="2025-08-29T01:35:37.753" /><!-- duration: 3ms -->
        </step><!-- duration: 4571ms -->
      </step><!-- duration: 6266ms -->
