<step title="Incoming Request" date="2025-08-26T10:54:30.211" instance="bf6391" url="/api/zipdeploy?isAsync=true" method="POST" type="request" pid="821,1,50" Accept="*/*" Host="emergencyassistance-sv-fbanemhrbshuf9bd.scm.japanwest-01.azurewebsites.net" User-Agent="AZURECLI/2.76.0 (DEB)" Accept-Encoding="gzip, deflate" Authorization="Bea..." Cache-Control="no-cache" Content-Type="application/octet-stream" Cookie="ARRAffinity=bf6391891f813fe54cfda5d2cacef026f295eea9a062d1fd7d073d9ea2164a6b; ARRAffinitySameSite=bf6391891f813fe54cfda5d2cacef026f295eea9a062d1fd7d073d9ea2164a6b" Content-Length="56624" x-ms-client-request-id="032a1434-826b-11f0-abcd-7ced8d2a78d4" x-ms-artifact-checksum="4007f0203a18464dde4805e8efd8f32168cd591f926ec477a8b720008edbae4f" X-ARR-LOG-ID="032a1434-826b-11f0-abcd-7ced8d2a78d4" CLIENT-IP="135.232.208.131:45057" X-SITE-DEPLOYMENT-ID="Emergencyassistance-sv" WAS-DEFAULT-HOSTNAME="emergencyassistance-sv-fbanemhrbshuf9bd.scm.japanwest-01.azurewebsites.net" X-Forwarded-Proto="https" X-AppService-Proto="https" X-Forwarded-TlsVersion="1.3" X-WAWS-Unencoded-URL="/api/zipdeploy?isAsync=true" X-Client-IP="135.232.208.131" X-Client-Port="45057" >
  <step title="ZipPushDeploy" date="2025-08-26T10:54:30.375" >
    <step title="ZipDeploy. Extract zip." date="2025-08-26T10:54:30.394" /><!-- duration: 6ms -->
    <step title="None repository commit" date="2025-08-26T10:54:30.418" >
      <step title="Commit id: e1c665ed-b15e-4d6f-8f8b-1b81612c4c78" date="2025-08-26T10:54:30.422" Message="N/A" AuthorName="N/A" AuthorEmail="N/A" /><!-- duration: 5ms -->
    </step><!-- duration: 12ms -->
    <step title="Starting PushDeployAsync" date="2025-08-26T10:54:30.436" /><!-- duration: 4ms -->
    <step title="Writing artifact to /tmp/zipdeploy/6598b917-47b6-4ca1-b420-7daf3ee9d746.zip" date="2025-08-26T10:54:30.472" >
      <step title="Writing multipart request body to /tmp/zipdeploy/6598b917-47b6-4ca1-b420-7daf3ee9d746.zip" date="2025-08-26T10:54:30.499" /><!-- duration: 27ms -->
    </step><!-- duration: 230ms -->
    <step title="Start deployment in the background" date="2025-08-26T10:54:30.726" >
      <step title="Acquiring Deployment Lock" date="2025-08-26T10:54:30.780" /><!-- duration: 8ms -->
      <step title="Acquired Deployment Lock" date="2025-08-26T10:54:30.862" /><!-- duration: 4ms -->
    </step><!-- duration: 283ms -->
  </step><!-- duration: 657ms -->
  <step title="Outgoing response" date="2025-08-26T10:54:31.041" type="response" statusCode="202" statusText="Accepted" /><!-- duration: 5ms -->
</step><!-- duration: 838ms -->
