<step title="Incoming Request" date="2025-09-05T09:01:21.191" instance="0d31d1" url="/api/zipdeploy?isAsync=true&amp;deployer=GITHUB_ZIP_DEPLOY&amp;message=%7B%22type%22%3A%22deployment%22%2C%22sha%22%3A%22a5ec9bb0788a2ccadda01987a26d4764b9ee9a5c%22%2C%22repoName%22%3A%22Satoshi-Niina%2FEmergency-Assistance%22%2C%22actor%22%3A%22Satoshi-Niina%22%2C%22slotName%22%3A%22Production%22%2C%22commitMessage%22%3A%22Fix%20health%20check%20timeout%20in%20deploy-backend%20workflow%22%7D" method="POST" type="request" pid="821,1,16" Host="emergencyassistance-sv-fbanemhrbshuf9bd.scm.japanwest-01.azurewebsites.net" User-Agent="GITHUBACTIONS_DeployWebAppToAzure_6afaea893f47a147fa5dac857d1041ffd4a8f022e29971635168cd4dcb90f2c0" Authorization="Bas..." Content-Type="application/octet-stream" Cookie="ARRAffinity=0d31d1e3b555b28bd1e1102783713510cb4a14cdd5a5d2b6e8d65e88240d42a3;Path=/;HttpOnly;Secure;Domain=emergencyassistance-sv-fbanemhrbshuf9bd.scm.japanwest-01.azurewebsites.net; ARRAffinitySameSite=0d31d1e3b555b28bd1e1102783713510cb4a14cdd5a5d2b6e8d65e88240d42a3;Path=/;HttpOnly;SameSite=None;Secure;Domain=emergencyassistance-sv-fbanemhrbshuf9bd.scm.japanwest-01.azurewebsites.net" Transfer-Encoding="chunked" X-ARR-LOG-ID="20bebe93-6141-47e6-b421-76b9d5726df3" CLIENT-IP="20.57.47.231:5152" X-SITE-DEPLOYMENT-ID="Emergencyassistance-sv" WAS-DEFAULT-HOSTNAME="emergencyassistance-sv-fbanemhrbshuf9bd.scm.japanwest-01.azurewebsites.net" X-Forwarded-Proto="https" X-AppService-Proto="https" X-Forwarded-TlsVersion="1.3" X-WAWS-Unencoded-URL="/api/zipdeploy?isAsync=true&amp;deployer=GITHUB_ZIP_DEPLOY&amp;message=%7B%22type%22%3A%22deployment%22%2C%22sha%22%3A%22a5ec9bb0788a2ccadda01987a26d4764b9ee9a5c%22%2C%22repoName%22%3A%22Satoshi-Niina%2FEmergency-Assistance%22%2C%22actor%22%3A%22Satoshi-Niina%22%2C%22slotName%22%3A%22Production%22%2C%22commitMessage%22%3A%22Fix%20health%20check%20timeout%20in%20deploy-backend%20workflow%22%7D" X-Client-IP="20.57.47.231" X-Client-Port="5152" >
  <step title="Cleanup Xml Logs" date="2025-09-05T09:01:21.195" >
    <step title="Cleanup Infos" date="2025-09-05T09:01:21.209" totalFiles="304" totalCleanup="144" /><!-- duration: 7ms -->
  </step><!-- duration: 26ms -->
  <step title="ZipPushDeploy" date="2025-09-05T09:01:21.244" >
    <step title="ZipDeploy. Run from package." date="2025-09-05T09:01:21.260" /><!-- duration: 5ms -->
    <step title="Starting PushDeployAsync" date="2025-09-05T09:01:21.273" /><!-- duration: 5ms -->
    <step title="WEBSITE_RUN_FROM_PACKAGE is set to 1. Writing zip to SitePackagesPath" date="2025-09-05T09:01:21.286" /><!-- duration: 5ms -->
    <step title="Copying zip to SitePackages /home/data/SitePackages/20250905090121.zip from request body" date="2025-09-05T09:01:21.300" /><!-- duration: 7ms -->
    <step title="Writing multipart request body to /home/data/SitePackages/20250905090121.zip" date="2025-09-05T09:01:21.318" /><!-- duration: 18ms -->
    <step title="Deleting outdated zip file /home/data/SitePackages/20250901115617.zip" date="2025-09-05T09:01:26.297" /><!-- duration: 19ms -->
    <step title="Start deployment in the background" date="2025-09-05T09:01:26.331" >
      <step title="Acquiring Deployment Lock" date="2025-09-05T09:01:26.519" /><!-- duration: 17ms -->
      <step title="Acquired Deployment Lock" date="2025-09-05T09:01:26.594" /><!-- duration: 7ms -->
    </step><!-- duration: 374ms -->
  </step><!-- duration: 5469ms -->
  <step title="Outgoing response" date="2025-09-05T09:01:26.720" type="response" statusCode="202" statusText="Accepted" /><!-- duration: 14ms -->
</step><!-- duration: 5551ms -->
