<step title="BackgroundTrace" date="2025-08-30T04:25:01.913" instance="bf6391" url="/api/publish" method="POST" >
  <step title="Cleanup Xml Logs" date="2025-08-30T04:25:01.933" >
    <step title="Cleanup Infos" date="2025-08-30T04:25:01.983" totalFiles="201" totalCleanup="41" /><!-- duration: 12ms -->
  </step><!-- duration: 66ms -->
  <step title="Creating temporary deployment - FetchDeploymentManager" date="2025-08-30T04:25:02.215" /><!-- duration: 5ms -->
  <step title="Creating temporary deployment" date="2025-08-30T04:25:02.225" /><!-- duration: 130ms -->
  <step title="Performing fetch based deployment" date="2025-08-30T04:25:02.421" >
    <step title="Deployment timer started" date="2025-08-30T04:25:05.725" >
      <step title="DeploymentManager.Deploy(id:2792120f-88ef-474a-9e0a-b9c3c0921567)" date="2025-08-30T04:25:05.734" >
        <step title="Collecting changeset information" date="2025-08-30T04:25:05.793" /><!-- duration: 108ms -->
        <step title="Updating submodules" date="2025-08-30T04:25:05.909" /><!-- duration: 1141ms -->
        <step title="Determining deployment builder" date="2025-08-30T04:25:07.284" >
          <step title="Builder is RunFromZipSiteBuilder" date="2025-08-30T04:25:07.304" /><!-- duration: 12ms -->
        </step><!-- duration: 53ms -->
        <step title="PreDeployment: context.CleanOutputPath False" date="2025-08-30T04:25:07.406" >
          <step title="PreDeployment: context.OutputPath /home/site/wwwroot" date="2025-08-30T04:25:07.526" >
            <step title="Building" date="2025-08-30T04:25:07.681" >
              <step title="Modified file to trigger a restart of the app container." date="2025-08-30T04:25:08.139" /><!-- duration: 9ms -->
              <step title="Skip function trigger and logicapp sync because function is not enabled." date="2025-08-30T04:25:08.155" /><!-- duration: 11ms -->
              <step title="Purge deployment items" date="2025-08-30T04:25:09.425" >
                <step title="Remove 9b1183b7-, Success, received at 08/29/2025 09:02:27" date="2025-08-30T04:25:09.489" /><!-- duration: 5ms -->
              </step><!-- duration: 101ms -->
            </step><!-- duration: 1949ms -->
          </step><!-- duration: 2120ms -->
          <step title="Cleaning up temp files" date="2025-08-30T04:25:09.673" /><!-- duration: 6ms -->
          <step title="Cleaning up temp files" date="2025-08-30T04:25:09.709" /><!-- duration: 520ms -->
          <step title="Reloading status file with latest updates" date="2025-08-30T04:25:10.283" >
            <step title="WebHooksManager.PublishEventAsync: PostDeployment" date="2025-08-30T04:25:10.304" /><!-- duration: 155ms -->
          </step><!-- duration: 189ms -->
          <step title="Cleaning up temporary deployment - fetch deployment was successful" date="2025-08-30T04:25:10.481" /><!-- duration: 6ms -->
        </step><!-- duration: 3168ms -->
      </step><!-- duration: 4876ms -->
