<step title="BackgroundTrace" date="2025-09-06T01:47:01.873" instance="0d31d1" url="/api/zipdeploy" method="POST" >
  <step title="Cleanup Xml Logs" date="2025-09-06T01:47:01.883" >
    <step title="Cleanup Infos" date="2025-09-06T01:47:01.922" totalFiles="408" totalCleanup="248" /><!-- duration: 8ms -->
  </step><!-- duration: 52ms -->
  <step title="Creating temporary deployment - FetchDeploymentManager" date="2025-09-06T01:47:02.056" /><!-- duration: 5ms -->
  <step title="Creating temporary deployment" date="2025-09-06T01:47:02.067" /><!-- duration: 231ms -->
  <step title="Performing fetch based deployment" date="2025-09-06T01:47:02.548" >
    <step title="Deployment timer started" date="2025-09-06T01:47:06.297" >
      <step title="DeploymentManager.Deploy(id:2cfcd68c-844a-4b85-ae54-e6507d931e14)" date="2025-09-06T01:47:06.313" >
        <step title="Collecting changeset information" date="2025-09-06T01:47:06.372" /><!-- duration: 107ms -->
        <step title="Updating submodules" date="2025-09-06T01:47:06.488" /><!-- duration: 1130ms -->
        <step title="Determining deployment builder" date="2025-09-06T01:47:07.883" >
          <step title="Builder is RunFromZipSiteBuilder" date="2025-09-06T01:47:07.953" /><!-- duration: 11ms -->
        </step><!-- duration: 100ms -->
        <step title="PreDeployment: context.CleanOutputPath False" date="2025-09-06T01:47:08.069" >
          <step title="PreDeployment: context.OutputPath /home/site/wwwroot" date="2025-09-06T01:47:08.197" >
            <step title="Building" date="2025-09-06T01:47:08.361" >
              <step title="Triggering recycle (preview mode disabled)." date="2025-09-06T01:47:08.879" /><!-- duration: 38ms -->
              <step title="Modified file to trigger a restart of the app container." date="2025-09-06T01:47:08.969" /><!-- duration: 6ms -->
              <step title="Skip function trigger and logicapp sync because function is not enabled." date="2025-09-06T01:47:08.982" /><!-- duration: 25ms -->
              <step title="Purge deployment items" date="2025-09-06T01:47:13.001" >
                <step title="Remove 8c4633b6-, Success, received at 09/05/2025 11:19:05" date="2025-09-06T01:47:13.500" /><!-- duration: 19ms -->
              </step><!-- duration: 530ms -->
            </step><!-- duration: 5336ms -->
          </step><!-- duration: 5508ms -->
          <step title="Cleaning up temp files" date="2025-09-06T01:47:13.723" /><!-- duration: 31ms -->
          <step title="Cleaning up temp files" date="2025-09-06T01:47:13.790" /><!-- duration: 547ms -->
          <step title="Reloading status file with latest updates" date="2025-09-06T01:47:14.465" >
            <step title="WebHooksManager.PublishEventAsync: PostDeployment" date="2025-09-06T01:47:14.486" /><!-- duration: 259ms -->
          </step><!-- duration: 301ms -->
          <step title="Cleaning up temporary deployment - fetch deployment was successful" date="2025-09-06T01:47:14.825" /><!-- duration: 31ms -->
        </step><!-- duration: 6967ms -->
      </step><!-- duration: 8832ms -->
