<step title="Incoming Request" date="2025-09-06T01:46:56.136" instance="0d31d1" url="/api/zipdeploy?isAsync=true&amp;deployer=GITHUB_ZIP_DEPLOY&amp;message=%7B%22type%22%3A%22deployment%22%2C%22sha%22%3A%225ce4bddc93f45df746b694672c5b38529cb31b7f%22%2C%22repoName%22%3A%22Satoshi-Niina%2FEmergency-Assistance%22%2C%22actor%22%3A%22Satoshi-Niina%22%2C%22slotName%22%3A%22Production%22%2C%22commitMessage%22%3A%22Emergency%20fix%3A%20Simple%20HTTP%20server%20for%20immediate%20Azure%20App%20Service%20availability%22%7D" method="POST" type="request" pid="823,1,28" Host="emergencyassistance-sv-fbanemhrbshuf9bd.scm.japanwest-01.azurewebsites.net" User-Agent="GITHUBACTIONS_DeployWebAppToAzure_6afaea893f47a147fa5dac857d1041ffd4a8f022e29971635168cd4dcb90f2c0" Authorization="Bas..." Content-Type="application/octet-stream" Cookie="ARRAffinity=0d31d1e3b555b28bd1e1102783713510cb4a14cdd5a5d2b6e8d65e88240d42a3;Path=/;HttpOnly;Secure;Domain=emergencyassistance-sv-fbanemhrbshuf9bd.scm.japanwest-01.azurewebsites.net; ARRAffinitySameSite=0d31d1e3b555b28bd1e1102783713510cb4a14cdd5a5d2b6e8d65e88240d42a3;Path=/;HttpOnly;SameSite=None;Secure;Domain=emergencyassistance-sv-fbanemhrbshuf9bd.scm.japanwest-01.azurewebsites.net" Transfer-Encoding="chunked" X-ARR-LOG-ID="47d5979b-24e9-4fe6-b32b-78928c6b8042" CLIENT-IP="64.236.131.211:18456" X-SITE-DEPLOYMENT-ID="Emergencyassistance-sv" WAS-DEFAULT-HOSTNAME="emergencyassistance-sv-fbanemhrbshuf9bd.scm.japanwest-01.azurewebsites.net" X-Forwarded-Proto="https" X-AppService-Proto="https" X-Forwarded-TlsVersion="1.3" X-WAWS-Unencoded-URL="/api/zipdeploy?isAsync=true&amp;deployer=GITHUB_ZIP_DEPLOY&amp;message=%7B%22type%22%3A%22deployment%22%2C%22sha%22%3A%225ce4bddc93f45df746b694672c5b38529cb31b7f%22%2C%22repoName%22%3A%22Satoshi-Niina%2FEmergency-Assistance%22%2C%22actor%22%3A%22Satoshi-Niina%22%2C%22slotName%22%3A%22Production%22%2C%22commitMessage%22%3A%22Emergency%20fix%3A%20Simple%20HTTP%20server%20for%20immediate%20Azure%20App%20Service%20availability%22%7D" X-Client-IP="64.236.131.211" X-Client-Port="18456" >
  <step title="Cleanup Xml Logs" date="2025-09-06T01:46:56.140" >
    <step title="Cleanup Infos" date="2025-09-06T01:46:56.158" totalFiles="407" totalCleanup="247" /><!-- duration: 8ms -->
  </step><!-- duration: 32ms -->
  <step title="ZipPushDeploy" date="2025-09-06T01:46:56.214" >
    <step title="ZipDeploy. Run from package." date="2025-09-06T01:46:56.226" /><!-- duration: 8ms -->
    <step title="None repository commit" date="2025-09-06T01:46:56.244" >
      <step title="Commit id: 2cfcd68c-844a-4b85-ae54-e6507d931e14" date="2025-09-06T01:46:56.253" Message="N/A" AuthorName="N/A" AuthorEmail="N/A" /><!-- duration: 5ms -->
    </step><!-- duration: 19ms -->
    <step title="Starting PushDeployAsync" date="2025-09-06T01:46:56.268" /><!-- duration: 6ms -->
    <step title="WEBSITE_RUN_FROM_PACKAGE is set to 1. Writing zip to SitePackagesPath" date="2025-09-06T01:46:56.335" /><!-- duration: 13ms -->
    <step title="Copying zip to SitePackages /home/data/SitePackages/20250906014656.zip from request body" date="2025-09-06T01:46:56.374" /><!-- duration: 21ms -->
    <step title="Writing multipart request body to /home/data/SitePackages/20250906014656.zip" date="2025-09-06T01:46:56.401" /><!-- duration: 15ms -->
    <step title="Deleting outdated zip file /home/data/SitePackages/20250905121545.zip" date="2025-09-06T01:47:01.784" /><!-- duration: 58ms -->
    <step title="Start deployment in the background" date="2025-09-06T01:47:01.867" >
      <step title="Acquiring Deployment Lock" date="2025-09-06T01:47:01.956" /><!-- duration: 5ms -->
      <step title="Acquired Deployment Lock" date="2025-09-06T01:47:02.046" /><!-- duration: 5ms -->
    </step><!-- duration: 443ms -->
  </step><!-- duration: 6183ms -->
  <step title="Outgoing response" date="2025-09-06T01:47:02.429" type="response" statusCode="202" statusText="Accepted" /><!-- duration: 11ms -->
</step><!-- duration: 6333ms -->
