<step title="BackgroundTrace" date="2025-09-05T08:47:21.532" instance="0d31d1" url="/api/zipdeploy" method="POST" >
  <step title="Cleanup Xml Logs" date="2025-09-05T08:47:21.543" >
    <step title="Cleanup Infos" date="2025-09-05T08:47:21.557" totalFiles="299" totalCleanup="139" /><!-- duration: 7ms -->
  </step><!-- duration: 31ms -->
  <step title="Creating temporary deployment - FetchDeploymentManager" date="2025-09-05T08:47:21.628" /><!-- duration: 5ms -->
  <step title="Creating temporary deployment" date="2025-09-05T08:47:21.638" /><!-- duration: 61ms -->
  <step title="Performing fetch based deployment" date="2025-09-05T08:47:21.741" >
    <step title="Deployment timer started" date="2025-09-05T08:47:25.302" >
      <step title="DeploymentManager.Deploy(id:76a22ff1-a072-4022-ad73-25b7e578a3bc)" date="2025-09-05T08:47:25.341" >
        <step title="Collecting changeset information" date="2025-09-05T08:47:25.441" /><!-- duration: 194ms -->
        <step title="Updating submodules" date="2025-09-05T08:47:25.674" /><!-- duration: 1275ms -->
        <step title="Determining deployment builder" date="2025-09-05T08:47:27.237" >
          <step title="Builder is RunFromZipSiteBuilder" date="2025-09-05T08:47:27.260" /><!-- duration: 11ms -->
        </step><!-- duration: 40ms -->
        <step title="PreDeployment: context.CleanOutputPath False" date="2025-09-05T08:47:27.350" >
          <step title="PreDeployment: context.OutputPath /home/site/wwwroot" date="2025-09-05T08:47:27.481" >
            <step title="Building" date="2025-09-05T08:47:27.663" >
              <step title="Triggering recycle (preview mode disabled)." date="2025-09-05T08:47:28.045" /><!-- duration: 21ms -->
              <step title="Modified file to trigger a restart of the app container." date="2025-09-05T08:47:28.100" /><!-- duration: 5ms -->
              <step title="Skip function trigger and logicapp sync because function is not enabled." date="2025-09-05T08:47:28.110" /><!-- duration: 16ms -->
              <step title="Purge deployment items" date="2025-09-05T08:47:29.551" >
                <step title="Remove 7b20a8c9-, Success, received at 08/30/2025 07:34:49" date="2025-09-05T08:47:29.618" /><!-- duration: 5ms -->
              </step><!-- duration: 77ms -->
            </step><!-- duration: 2044ms -->
          </step><!-- duration: 2233ms -->
          <step title="Cleaning up temp files" date="2025-09-05T08:47:29.719" /><!-- duration: 6ms -->
          <step title="Cleaning up temp files" date="2025-09-05T08:47:29.741" /><!-- duration: 509ms -->
          <step title="Reloading status file with latest updates" date="2025-09-05T08:47:30.863" >
            <step title="WebHooksManager.PublishEventAsync: PostDeployment" date="2025-09-05T08:47:30.889" /><!-- duration: 66ms -->
          </step><!-- duration: 104ms -->
          <step title="Cleaning up temporary deployment - fetch deployment was successful" date="2025-09-05T08:47:30.982" /><!-- duration: 7ms -->
        </step><!-- duration: 3721ms -->
      </step><!-- duration: 5753ms -->
