<step title="Incoming Request" date="2025-08-29T01:44:50.720" instance="bf6391" url="/api/zipdeploy?isAsync=true" method="POST" type="request" pid="821,1,7" Accept="*/*" Host="emergencyassistance-sv-fbanemhrbshuf9bd.scm.japanwest-01.azurewebsites.net" User-Agent="AZURECLI/2.76.0 (DEB)" Accept-Encoding="gzip, deflate" Authorization="Bea..." Cache-Control="no-cache" Content-Type="application/octet-stream" Cookie="ARRAffinity=bf6391891f813fe54cfda5d2cacef026f295eea9a062d1fd7d073d9ea2164a6b; ARRAffinitySameSite=bf6391891f813fe54cfda5d2cacef026f295eea9a062d1fd7d073d9ea2164a6b" Content-Length="537781" x-ms-client-request-id="bb6ff67a-8479-11f0-ac69-000d3a929bcd" x-ms-artifact-checksum="bc1417d24b5b664928388de3e25549faa26a378454aacce43f8febb901872728" X-ARR-LOG-ID="bb6ff67a-8479-11f0-ac69-000d3a929bcd" CLIENT-IP="52.176.124.229:61313" X-SITE-DEPLOYMENT-ID="Emergencyassistance-sv" WAS-DEFAULT-HOSTNAME="emergencyassistance-sv-fbanemhrbshuf9bd.scm.japanwest-01.azurewebsites.net" X-Forwarded-Proto="https" X-AppService-Proto="https" X-Forwarded-TlsVersion="1.3" X-WAWS-Unencoded-URL="/api/zipdeploy?isAsync=true" X-Client-IP="52.176.124.229" X-Client-Port="61313" >
  <step title="ZipPushDeploy" date="2025-08-29T01:44:50.769" >
    <step title="ZipDeploy. Run from package." date="2025-08-29T01:44:50.779" /><!-- duration: 4ms -->
    <step title="None repository commit" date="2025-08-29T01:44:50.791" >
      <step title="Commit id: 455ea1a5-cfc2-45c4-a4cc-659ccf27f149" date="2025-08-29T01:44:50.794" Message="N/A" AuthorName="N/A" AuthorEmail="N/A" /><!-- duration: 3ms -->
    </step><!-- duration: 10ms -->
    <step title="Starting PushDeployAsync" date="2025-08-29T01:44:50.804" /><!-- duration: 3ms -->
    <step title="WEBSITE_RUN_FROM_PACKAGE is set to 1. Writing zip to SitePackagesPath" date="2025-08-29T01:44:50.812" /><!-- duration: 3ms -->
    <step title="Copying zip to SitePackages /home/data/SitePackages/20250829014450.zip from request body" date="2025-08-29T01:44:50.821" /><!-- duration: 7ms -->
    <step title="Writing multipart request body to /home/data/SitePackages/20250829014450.zip" date="2025-08-29T01:44:50.838" /><!-- duration: 10ms -->
    <step title="Deleting outdated zip file /home/data/SitePackages/20250828123120.zip" date="2025-08-29T01:44:51.251" /><!-- duration: 5ms -->
    <step title="Start deployment in the background" date="2025-08-29T01:44:51.275" >
      <step title="Acquiring Deployment Lock" date="2025-08-29T01:44:51.313" /><!-- duration: 3ms -->
      <step title="Acquired Deployment Lock" date="2025-08-29T01:44:51.357" /><!-- duration: 3ms -->
    </step><!-- duration: 154ms -->
  </step><!-- duration: 665ms -->
  <step title="Outgoing response" date="2025-08-29T01:44:51.440" type="response" statusCode="202" statusText="Accepted" /><!-- duration: 4ms -->
</step><!-- duration: 727ms -->
