<step title="Incoming Request" date="2025-08-30T02:39:45.923" instance="bf6391" url="/api/publish?async=true&amp;deployer=GITHUB_ONE_DEPLOY&amp;type=zip&amp;message=%7B%22type%22%3A%22deployment%22%2C%22sha%22%3A%226bc44f936901d8974e4a351b51a1ab479ad7555c%22%2C%22repoName%22%3A%22Satoshi-Niina%2FEmergency-Assistance%22%2C%22actor%22%3A%22Satoshi-Niina%22%2C%22slotName%22%3A%22production%22%2C%22commitMessage%22%3A%22fix%3A%20backend%20workflow%20-%20remove%20workspace%20build%2C%20use%20cd%20server%20%26%26%20npm%20run%20build%22%7D" method="POST" type="request" pid="821,1,68" Host="emergencyassistance-sv-fbanemhrbshuf9bd.scm.japanwest-01.azurewebsites.net" User-Agent="GITHUBACTIONS_DeployWebAppToAzure_6afaea893f47a147fa5dac857d1041ffd4a8f022e29971635168cd4dcb90f2c0" Authorization="Bea..." Content-Type="application/octet-stream" Cookie="ARRAffinity=bf6391891f813fe54cfda5d2cacef026f295eea9a062d1fd7d073d9ea2164a6b;Path=/;HttpOnly;Secure;Domain=emergencyassistance-sv-fbanemhrbshuf9bd.scm.japanwest-01.azurewebsites.net; ARRAffinitySameSite=bf6391891f813fe54cfda5d2cacef026f295eea9a062d1fd7d073d9ea2164a6b;Path=/;HttpOnly;SameSite=None;Secure;Domain=emergencyassistance-sv-fbanemhrbshuf9bd.scm.japanwest-01.azurewebsites.net" Transfer-Encoding="chunked" X-ARR-LOG-ID="effe57a2-77b6-4366-8506-c391311646df" CLIENT-IP="20.171.127.100:48160" X-SITE-DEPLOYMENT-ID="Emergencyassistance-sv" WAS-DEFAULT-HOSTNAME="emergencyassistance-sv-fbanemhrbshuf9bd.scm.japanwest-01.azurewebsites.net" X-Forwarded-Proto="https" X-AppService-Proto="https" X-Forwarded-TlsVersion="1.3" X-WAWS-Unencoded-URL="/api/publish?async=true&amp;deployer=GITHUB_ONE_DEPLOY&amp;type=zip&amp;message=%7B%22type%22%3A%22deployment%22%2C%22sha%22%3A%226bc44f936901d8974e4a351b51a1ab479ad7555c%22%2C%22repoName%22%3A%22Satoshi-Niina%2FEmergency-Assistance%22%2C%22actor%22%3A%22Satoshi-Niina%22%2C%22slotName%22%3A%22production%22%2C%22commitMessage%22%3A%22fix%3A%20backend%20workflow%20-%20remove%20workspace%20build%2C%20use%20cd%20server%20%26%26%20npm%20run%20build%22%7D" X-Client-IP="20.171.127.100" X-Client-Port="48160" >
  <step title="OneDeploy" date="2025-08-30T02:39:46.154" >
    <step title="None repository commit" date="2025-08-30T02:39:46.175" >
      <step title="Commit id: 56dab8cf-eec7-49a8-969d-d97337eddbf2" date="2025-08-30T02:39:46.182" Message="N/A" AuthorName="N/A" AuthorEmail="N/A" /><!-- duration: 5ms -->
    </step><!-- duration: 17ms -->
    <step title="Starting PushDeployAsync" date="2025-08-30T02:39:46.198" /><!-- duration: 5ms -->
    <step title="WEBSITE_RUN_FROM_PACKAGE is set to 1. Writing zip to SitePackagesPath" date="2025-08-30T02:39:46.220" /><!-- duration: 6ms -->
    <step title="Copying zip to SitePackages /home/data/SitePackages/20250830023946.zip from request body" date="2025-08-30T02:39:46.233" /><!-- duration: 5ms -->
    <step title="Writing multipart request body to /home/data/SitePackages/20250830023946.zip" date="2025-08-30T02:39:46.257" /><!-- duration: 22ms -->
    <step title="Deleting outdated zip file /home/data/SitePackages/20250829105446.zip" date="2025-08-30T02:39:46.430" /><!-- duration: 10ms -->
    <step title="Start deployment in the background" date="2025-08-30T02:39:46.499" >
      <step title="Acquiring Deployment Lock" date="2025-08-30T02:39:46.562" /><!-- duration: 5ms -->
      <step title="Acquired Deployment Lock" date="2025-08-30T02:39:46.608" /><!-- duration: 5ms -->
    </step><!-- duration: 265ms -->
  </step><!-- duration: 618ms -->
  <step title="Outgoing response" date="2025-08-30T02:39:46.781" type="response" statusCode="202" statusText="Accepted" /><!-- duration: 5ms -->
</step><!-- duration: 867ms -->
