<step title="Incoming Request" date="2025-08-29T01:17:23.325" instance="bf6391" url="/api/zipdeploy?isAsync=true" method="POST" type="request" pid="823,1,58" Accept="*/*" Host="emergencyassistance-sv-fbanemhrbshuf9bd.scm.japanwest-01.azurewebsites.net" User-Agent="AZURECLI/2.76.0 (DEB)" Accept-Encoding="gzip, deflate" Authorization="Bea..." Cache-Control="no-cache" Content-Type="application/octet-stream" Cookie="ARRAffinity=bf6391891f813fe54cfda5d2cacef026f295eea9a062d1fd7d073d9ea2164a6b; ARRAffinitySameSite=bf6391891f813fe54cfda5d2cacef026f295eea9a062d1fd7d073d9ea2164a6b" Content-Length="537764" x-ms-client-request-id="e45b1dfc-8475-11f0-ac69-7ced8d57417a" x-ms-artifact-checksum="99eda62c9863fadd67d1d434209676c3e2567e71890c7817a6f0a0e68aff8de1" X-ARR-LOG-ID="e45b1dfc-8475-11f0-ac69-7ced8d57417a" CLIENT-IP="64.236.200.225:45057" X-SITE-DEPLOYMENT-ID="Emergencyassistance-sv" WAS-DEFAULT-HOSTNAME="emergencyassistance-sv-fbanemhrbshuf9bd.scm.japanwest-01.azurewebsites.net" X-Forwarded-Proto="https" X-AppService-Proto="https" X-Forwarded-TlsVersion="1.3" X-WAWS-Unencoded-URL="/api/zipdeploy?isAsync=true" X-Client-IP="64.236.200.225" X-Client-Port="45057" >
  <step title="Cleanup Xml Logs" date="2025-08-29T01:17:23.329" /><!-- duration: 15ms -->
  <step title="ZipPushDeploy" date="2025-08-29T01:17:23.404" >
    <step title="ZipDeploy. Run from package." date="2025-08-29T01:17:23.422" /><!-- duration: 4ms -->
    <step title="Starting PushDeployAsync" date="2025-08-29T01:17:23.435" /><!-- duration: 7ms -->
    <step title="WEBSITE_RUN_FROM_PACKAGE is set to 1. Writing zip to SitePackagesPath" date="2025-08-29T01:17:23.448" /><!-- duration: 5ms -->
    <step title="Copying zip to SitePackages /home/data/SitePackages/20250829011723.zip from request body" date="2025-08-29T01:17:23.482" /><!-- duration: 12ms -->
    <step title="Writing multipart request body to /home/data/SitePackages/20250829011723.zip" date="2025-08-29T01:17:23.502" /><!-- duration: 12ms -->
    <step title="Deleting outdated zip file /home/data/SitePackages/20250828115101.zip" date="2025-08-29T01:17:24.013" /><!-- duration: 8ms -->
    <step title="Start deployment in the background" date="2025-08-29T01:17:24.033" >
      <step title="Acquiring Deployment Lock" date="2025-08-29T01:17:24.058" /><!-- duration: 4ms -->
      <step title="Acquired Deployment Lock" date="2025-08-29T01:17:24.090" /><!-- duration: 4ms -->
    </step><!-- duration: 171ms -->
  </step><!-- duration: 811ms -->
  <step title="Outgoing response" date="2025-08-29T01:17:24.221" type="response" statusCode="202" statusText="Accepted" /><!-- duration: 3ms -->
</step><!-- duration: 902ms -->
