<step title="Incoming Request" date="2025-09-05T08:47:16.606" instance="0d31d1" url="/api/zipdeploy?isAsync=true&amp;deployer=GITHUB_ZIP_DEPLOY&amp;message=%7B%22type%22%3A%22deployment%22%2C%22sha%22%3A%2217c822dc8734d49590e334f25047ae7a7170fa9b%22%2C%22repoName%22%3A%22Satoshi-Niina%2FEmergency-Assistance%22%2C%22actor%22%3A%22Satoshi-Niina%22%2C%22slotName%22%3A%22Production%22%2C%22commitMessage%22%3A%22Update%20deploy-backend%20workflow%22%7D" method="POST" type="request" pid="821,1,19" Host="emergencyassistance-sv-fbanemhrbshuf9bd.scm.japanwest-01.azurewebsites.net" User-Agent="GITHUBACTIONS_DeployWebAppToAzure_6afaea893f47a147fa5dac857d1041ffd4a8f022e29971635168cd4dcb90f2c0" Authorization="Bas..." Content-Type="application/octet-stream" Cookie="ARRAffinity=0d31d1e3b555b28bd1e1102783713510cb4a14cdd5a5d2b6e8d65e88240d42a3;Path=/;HttpOnly;Secure;Domain=emergencyassistance-sv-fbanemhrbshuf9bd.scm.japanwest-01.azurewebsites.net; ARRAffinitySameSite=0d31d1e3b555b28bd1e1102783713510cb4a14cdd5a5d2b6e8d65e88240d42a3;Path=/;HttpOnly;SameSite=None;Secure;Domain=emergencyassistance-sv-fbanemhrbshuf9bd.scm.japanwest-01.azurewebsites.net" Transfer-Encoding="chunked" X-ARR-LOG-ID="0227a473-f53a-4df1-b187-88d421d004e0" CLIENT-IP="68.154.54.38:51256" X-SITE-DEPLOYMENT-ID="Emergencyassistance-sv" WAS-DEFAULT-HOSTNAME="emergencyassistance-sv-fbanemhrbshuf9bd.scm.japanwest-01.azurewebsites.net" X-Forwarded-Proto="https" X-AppService-Proto="https" X-Forwarded-TlsVersion="1.3" X-WAWS-Unencoded-URL="/api/zipdeploy?isAsync=true&amp;deployer=GITHUB_ZIP_DEPLOY&amp;message=%7B%22type%22%3A%22deployment%22%2C%22sha%22%3A%2217c822dc8734d49590e334f25047ae7a7170fa9b%22%2C%22repoName%22%3A%22Satoshi-Niina%2FEmergency-Assistance%22%2C%22actor%22%3A%22Satoshi-Niina%22%2C%22slotName%22%3A%22Production%22%2C%22commitMessage%22%3A%22Update%20deploy-backend%20workflow%22%7D" X-Client-IP="68.154.54.38" X-Client-Port="51256" >
  <step title="Cleanup Xml Logs" date="2025-09-05T08:47:16.616" >
    <step title="Cleanup Infos" date="2025-09-05T08:47:16.674" totalFiles="298" totalCleanup="138" /><!-- duration: 26ms -->
  </step><!-- duration: 106ms -->
  <step title="ZipPushDeploy" date="2025-09-05T08:47:16.809" >
    <step title="ZipDeploy. Run from package." date="2025-09-05T08:47:16.836" /><!-- duration: 11ms -->
    <step title="Starting PushDeployAsync" date="2025-09-05T08:47:16.875" /><!-- duration: 20ms -->
    <step title="WEBSITE_RUN_FROM_PACKAGE is set to 1. Writing zip to SitePackagesPath" date="2025-09-05T08:47:16.934" /><!-- duration: 20ms -->
    <step title="Copying zip to SitePackages /home/data/SitePackages/20250905084716.zip from request body" date="2025-09-05T08:47:17.012" /><!-- duration: 12ms -->
    <step title="Writing multipart request body to /home/data/SitePackages/20250905084716.zip" date="2025-09-05T08:47:17.061" /><!-- duration: 29ms -->
    <step title="Deleting outdated zip file /home/data/SitePackages/20250901112808.zip" date="2025-09-05T08:47:21.499" /><!-- duration: 17ms -->
    <step title="Start deployment in the background" date="2025-09-05T08:47:21.526" >
      <step title="Acquiring Deployment Lock" date="2025-09-05T08:47:21.583" /><!-- duration: 5ms -->
      <step title="Acquired Deployment Lock" date="2025-09-05T08:47:21.618" /><!-- duration: 5ms -->
    </step><!-- duration: 178ms -->
  </step><!-- duration: 4900ms -->
  <step title="Outgoing response" date="2025-09-05T08:47:21.714" type="response" statusCode="202" statusText="Accepted" /><!-- duration: 5ms -->
</step><!-- duration: 5118ms -->
