<step title="BackgroundTrace" date="2025-08-28T11:28:12.888" instance="bf6391" url="/api/zipdeploy" method="POST" >
  <step title="Creating temporary deployment - FetchDeploymentManager" date="2025-08-28T11:28:13.012" /><!-- duration: 3ms -->
  <step title="Creating temporary deployment" date="2025-08-28T11:28:13.019" /><!-- duration: 81ms -->
  <step title="Performing fetch based deployment" date="2025-08-28T11:28:13.162" >
    <step title="Deployment timer started" date="2025-08-28T11:28:16.341" >
      <step title="DeploymentManager.Deploy(id:aad8a7da-b7ca-4fef-af42-85609e24e66c)" date="2025-08-28T11:28:16.348" >
        <step title="Collecting changeset information" date="2025-08-28T11:28:16.400" /><!-- duration: 105ms -->
        <step title="Updating submodules" date="2025-08-28T11:28:16.512" /><!-- duration: 1137ms -->
        <step title="Determining deployment builder" date="2025-08-28T11:28:18.421" >
          <step title="Builder is RunFromZipSiteBuilder" date="2025-08-28T11:28:18.433" /><!-- duration: 12ms -->
        </step><!-- duration: 35ms -->
        <step title="PreDeployment: context.CleanOutputPath False" date="2025-08-28T11:28:18.522" >
          <step title="PreDeployment: context.OutputPath /home/site/wwwroot" date="2025-08-28T11:28:18.654" >
            <step title="Building" date="2025-08-28T11:28:18.807" >
              <step title="Triggering recycle (preview mode disabled)." date="2025-08-28T11:28:19.187" /><!-- duration: 6ms -->
              <step title="Modified file to trigger a restart of the app container." date="2025-08-28T11:28:19.232" /><!-- duration: 3ms -->
              <step title="Skip function trigger and logicapp sync because function is not enabled." date="2025-08-28T11:28:19.255" /><!-- duration: 16ms -->
              <step title="Purge deployment items" date="2025-08-28T11:28:20.529" >
                <step title="Remove edf7cddc-, Success, received at 08/26/2025 11:32:27" date="2025-08-28T11:28:20.582" /><!-- duration: 3ms -->
              </step><!-- duration: 60ms -->
            </step><!-- duration: 1857ms -->
          </step><!-- duration: 2015ms -->
          <step title="Cleaning up temp files" date="2025-08-28T11:28:20.672" /><!-- duration: 4ms -->
          <step title="Cleaning up temp files" date="2025-08-28T11:28:20.684" /><!-- duration: 520ms -->
          <step title="Reloading status file with latest updates" date="2025-08-28T11:28:21.247" >
            <step title="WebHooksManager.PublishEventAsync: PostDeployment" date="2025-08-28T11:28:21.256" /><!-- duration: 129ms -->
          </step><!-- duration: 141ms -->
          <step title="Cleaning up temporary deployment - fetch deployment was successful" date="2025-08-28T11:28:21.393" /><!-- duration: 3ms -->
        </step><!-- duration: 2947ms -->
      </step><!-- duration: 5139ms -->
