<step title="BackgroundTrace" date="2025-08-29T09:02:23.877" instance="bf6391" url="/api/publish" method="POST" >
  <step title="Creating temporary deployment - FetchDeploymentManager" date="2025-08-29T09:02:23.960" /><!-- duration: 3ms -->
  <step title="Creating temporary deployment" date="2025-08-29T09:02:23.968" /><!-- duration: 92ms -->
  <step title="Performing fetch based deployment" date="2025-08-29T09:02:24.126" >
    <step title="Deployment timer started" date="2025-08-29T09:02:27.331" >
      <step title="DeploymentManager.Deploy(id:9b1183b7-7ae1-4908-970d-9d2a2c1f112d)" date="2025-08-29T09:02:27.345" >
        <step title="Collecting changeset information" date="2025-08-29T09:02:27.380" /><!-- duration: 104ms -->
        <step title="Updating submodules" date="2025-08-29T09:02:27.490" /><!-- duration: 1157ms -->
        <step title="Determining deployment builder" date="2025-08-29T09:02:28.881" >
          <step title="Builder is RunFromZipSiteBuilder" date="2025-08-29T09:02:28.901" /><!-- duration: 10ms -->
        </step><!-- duration: 38ms -->
        <step title="PreDeployment: context.CleanOutputPath False" date="2025-08-29T09:02:28.989" >
          <step title="PreDeployment: context.OutputPath /home/site/wwwroot" date="2025-08-29T09:02:29.117" >
            <step title="Building" date="2025-08-29T09:02:29.270" >
              <step title="Modified file to trigger a restart of the app container." date="2025-08-29T09:02:29.642" /><!-- duration: 4ms -->
              <step title="Skip function trigger and logicapp sync because function is not enabled." date="2025-08-29T09:02:29.658" /><!-- duration: 24ms -->
              <step title="Purge deployment items" date="2025-08-29T09:02:30.991" >
                <step title="Remove f34ddd7a-, Success, received at 08/29/2025 01:01:58" date="2025-08-29T09:02:31.052" /><!-- duration: 4ms -->
              </step><!-- duration: 70ms -->
            </step><!-- duration: 1857ms -->
          </step><!-- duration: 2015ms -->
          <step title="Cleaning up temp files" date="2025-08-29T09:02:31.135" /><!-- duration: 4ms -->
          <step title="Cleaning up temp files" date="2025-08-29T09:02:31.148" /><!-- duration: 519ms -->
          <step title="Reloading status file with latest updates" date="2025-08-29T09:02:32.288" >
            <step title="WebHooksManager.PublishEventAsync: PostDeployment" date="2025-08-29T09:02:32.294" /><!-- duration: 84ms -->
          </step><!-- duration: 93ms -->
          <step title="Cleaning up temporary deployment - fetch deployment was successful" date="2025-08-29T09:02:32.387" /><!-- duration: 3ms -->
        </step><!-- duration: 3448ms -->
      </step><!-- duration: 5146ms -->
