<step title="Incoming Request" date="2025-09-06T02:57:12.414" instance="0d31d1" url="/api/deployments/latest?deployer=GITHUB_ZIP_DEPLOY&amp;time=2025-09-06_02-57-04Z" method="GET" type="request" pid="823,1,20" Host="emergencyassistance-sv-fbanemhrbshuf9bd.scm.japanwest-01.azurewebsites.net" User-Agent="GITHUBACTIONS_DeployWebAppToAzure_6afaea893f47a147fa5dac857d1041ffd4a8f022e29971635168cd4dcb90f2c0" Authorization="Bas..." Content-Type="application/json; charset=utf-8" Cookie="ARRAffinity=0d31d1e3b555b28bd1e1102783713510cb4a14cdd5a5d2b6e8d65e88240d42a3;Path=/;HttpOnly;Secure;Domain=emergencyassistance-sv-fbanemhrbshuf9bd.scm.japanwest-01.azurewebsites.net; ARRAffinitySameSite=0d31d1e3b555b28bd1e1102783713510cb4a14cdd5a5d2b6e8d65e88240d42a3;Path=/;HttpOnly;SameSite=None;Secure;Domain=emergencyassistance-sv-fbanemhrbshuf9bd.scm.japanwest-01.azurewebsites.net" Content-Length="0" X-ARR-LOG-ID="66cf46d6-3958-4333-813e-8cd0d315659c" CLIENT-IP="40.76.238.180:44049" X-SITE-DEPLOYMENT-ID="Emergencyassistance-sv" WAS-DEFAULT-HOSTNAME="emergencyassistance-sv-fbanemhrbshuf9bd.scm.japanwest-01.azurewebsites.net" X-Forwarded-Proto="https" X-AppService-Proto="https" X-Forwarded-TlsVersion="1.3" X-WAWS-Unencoded-URL="/api/deployments/latest?deployer=GITHUB_ZIP_DEPLOY&amp;time=2025-09-06_02-57-04Z" X-Client-IP="40.76.238.180" X-Client-Port="44049" >
  <step title="Cleanup Xml Logs" date="2025-09-06T02:57:12.434" >
    <step title="Cleanup Infos" date="2025-09-06T02:57:12.755" totalFiles="420" totalCleanup="260" /><!-- duration: 41ms -->
  </step><!-- duration: 403ms -->
  <step title="DeploymentService.GetResult" date="2025-09-06T02:57:12.923" >
    <step title="DeploymentService.GetLatestDeployment" date="2025-09-06T02:57:12.953" >
      <step title="DeploymentManager.GetResults" date="2025-09-06T02:57:12.991" /><!-- duration: 2421ms -->
    </step><!-- duration: 2480ms -->
  </step><!-- duration: 2521ms -->
  <step title="Outgoing response" date="2025-09-06T02:57:15.493" type="response" statusCode="202" statusText="Accepted" /><!-- duration: 17ms -->
</step><!-- duration: 3116ms -->
