<step title="Incoming Request" date="2025-09-05T12:17:41.687" instance="0d31d1" url="/api/deployments/latest?deployer=GITHUB_ZIP_DEPLOY&amp;time=2025-09-05_12-17-34Z" method="GET" type="request" pid="823,1,22" Host="emergencyassistance-sv-fbanemhrbshuf9bd.scm.japanwest-01.azurewebsites.net" User-Agent="GITHUBACTIONS_DeployWebAppToAzure_6afaea893f47a147fa5dac857d1041ffd4a8f022e29971635168cd4dcb90f2c0" Authorization="Bas..." Content-Type="application/json; charset=utf-8" Cookie="ARRAffinity=0d31d1e3b555b28bd1e1102783713510cb4a14cdd5a5d2b6e8d65e88240d42a3;Path=/;HttpOnly;Secure;Domain=emergencyassistance-sv-fbanemhrbshuf9bd.scm.japanwest-01.azurewebsites.net; ARRAffinitySameSite=0d31d1e3b555b28bd1e1102783713510cb4a14cdd5a5d2b6e8d65e88240d42a3;Path=/;HttpOnly;SameSite=None;Secure;Domain=emergencyassistance-sv-fbanemhrbshuf9bd.scm.japanwest-01.azurewebsites.net" Content-Length="0" X-ARR-LOG-ID="44e0b4b9-fd86-4931-8b49-bd0d9406d03f" CLIENT-IP="4.246.134.180:9249" X-SITE-DEPLOYMENT-ID="Emergencyassistance-sv" WAS-DEFAULT-HOSTNAME="emergencyassistance-sv-fbanemhrbshuf9bd.scm.japanwest-01.azurewebsites.net" X-Forwarded-Proto="https" X-AppService-Proto="https" X-Forwarded-TlsVersion="1.3" X-WAWS-Unencoded-URL="/api/deployments/latest?deployer=GITHUB_ZIP_DEPLOY&amp;time=2025-09-05_12-17-34Z" X-Client-IP="4.246.134.180" X-Client-Port="9249" >
  <step title="Cleanup Xml Logs" date="2025-09-05T12:17:41.708" >
    <step title="Cleanup Infos" date="2025-09-05T12:17:41.837" totalFiles="375" totalCleanup="215" /><!-- duration: 42ms -->
  </step><!-- duration: 218ms -->
  <step title="DeploymentService.GetResult" date="2025-09-05T12:17:42.007" >
    <step title="DeploymentService.GetLatestDeployment" date="2025-09-05T12:17:42.026" >
      <step title="DeploymentManager.GetResults" date="2025-09-05T12:17:42.055" /><!-- duration: 1669ms -->
    </step><!-- duration: 1702ms -->
  </step><!-- duration: 1728ms -->
  <step title="Outgoing response" date="2025-09-05T12:17:43.740" type="response" statusCode="202" statusText="Accepted" /><!-- duration: 5ms -->
</step><!-- duration: 2062ms -->
