<step title="BackgroundTrace" date="2025-08-26T12:12:55.601" instance="bf6391" url="/api/zipdeploy" method="POST" >
  <step title="Creating temporary deployment - FetchDeploymentManager" date="2025-08-26T12:12:55.696" /><!-- duration: 3ms -->
  <step title="Creating temporary deployment" date="2025-08-26T12:12:55.704" /><!-- duration: 68ms -->
  <step title="Performing fetch based deployment" date="2025-08-26T12:12:55.820" >
    <step title="Deployment timer started" date="2025-08-26T12:12:59.047" >
      <step title="DeploymentManager.Deploy(id:43fa6da5-afdd-44fd-a5bd-1cc71a491c0b)" date="2025-08-26T12:12:59.106" >
        <step title="Collecting changeset information" date="2025-08-26T12:12:59.196" /><!-- duration: 231ms -->
        <step title="Updating submodules" date="2025-08-26T12:12:59.439" /><!-- duration: 1132ms -->
        <step title="Determining deployment builder" date="2025-08-26T12:13:00.777" >
          <step title="Builder is RunFromZipSiteBuilder" date="2025-08-26T12:13:00.810" /><!-- duration: 4ms -->
        </step><!-- duration: 41ms -->
        <step title="PreDeployment: context.CleanOutputPath False" date="2025-08-26T12:13:00.878" >
          <step title="PreDeployment: context.OutputPath /home/site/wwwroot" date="2025-08-26T12:13:00.992" >
            <step title="Building" date="2025-08-26T12:13:01.144" >
              <step title="Triggering recycle (preview mode disabled)." date="2025-08-26T12:13:01.546" /><!-- duration: 7ms -->
              <step title="Modified file to trigger a restart of the app container." date="2025-08-26T12:13:01.600" /><!-- duration: 8ms -->
              <step title="Skip function trigger and logicapp sync because function is not enabled." date="2025-08-26T12:13:01.612" /><!-- duration: 11ms -->
            </step><!-- duration: 1422ms -->
          </step><!-- duration: 1580ms -->
          <step title="Cleaning up temp files" date="2025-08-26T12:13:02.575" /><!-- duration: 5ms -->
          <step title="Cleaning up temp files" date="2025-08-26T12:13:02.598" /><!-- duration: 514ms -->
          <step title="Reloading status file with latest updates" date="2025-08-26T12:13:03.421" >
            <step title="WebHooksManager.PublishEventAsync: PostDeployment" date="2025-08-26T12:13:03.432" /><!-- duration: 86ms -->
          </step><!-- duration: 101ms -->
          <step title="Cleaning up temporary deployment - fetch deployment was successful" date="2025-08-26T12:13:03.528" /><!-- duration: 4ms -->
        </step><!-- duration: 2698ms -->
      </step><!-- duration: 4485ms -->
