<step title="BackgroundTrace" date="2025-09-05T09:14:41.467" instance="0d31d1" url="/api/zipdeploy" method="POST" >
  <step title="Cleanup Xml Logs" date="2025-09-05T09:14:41.471" >
    <step title="Cleanup Infos" date="2025-09-05T09:14:41.492" totalFiles="311" totalCleanup="151" /><!-- duration: 14ms -->
  </step><!-- duration: 45ms -->
  <step title="Creating temporary deployment - FetchDeploymentManager" date="2025-09-05T09:14:41.625" /><!-- duration: 7ms -->
  <step title="Creating temporary deployment" date="2025-09-05T09:14:41.746" /><!-- duration: 68ms -->
  <step title="Performing fetch based deployment" date="2025-09-05T09:14:41.868" >
    <step title="Deployment timer started" date="2025-09-05T09:14:45.379" >
      <step title="DeploymentManager.Deploy(id:dae789bf-d93b-4e18-8e98-673902a89b24)" date="2025-09-05T09:14:45.390" >
        <step title="Collecting changeset information" date="2025-09-05T09:14:45.446" /><!-- duration: 131ms -->
        <step title="Updating submodules" date="2025-09-05T09:14:45.586" /><!-- duration: 1248ms -->
        <step title="Determining deployment builder" date="2025-09-05T09:14:47.092" >
          <step title="Builder is RunFromZipSiteBuilder" date="2025-09-05T09:14:47.114" /><!-- duration: 11ms -->
        </step><!-- duration: 38ms -->
        <step title="PreDeployment: context.CleanOutputPath False" date="2025-09-05T09:14:47.208" >
          <step title="PreDeployment: context.OutputPath /home/site/wwwroot" date="2025-09-05T09:14:47.340" >
            <step title="Building" date="2025-09-05T09:14:47.512" >
              <step title="Triggering recycle (preview mode disabled)." date="2025-09-05T09:14:47.925" /><!-- duration: 11ms -->
              <step title="Modified file to trigger a restart of the app container." date="2025-09-05T09:14:47.973" /><!-- duration: 5ms -->
              <step title="Skip function trigger and logicapp sync because function is not enabled." date="2025-09-05T09:14:47.984" /><!-- duration: 13ms -->
              <step title="Purge deployment items" date="2025-09-05T09:14:49.385" >
                <step title="Remove 639153c3-, Success, received at 08/30/2025 08:05:15" date="2025-09-05T09:14:49.448" /><!-- duration: 5ms -->
              </step><!-- duration: 74ms -->
            </step><!-- duration: 2035ms -->
          </step><!-- duration: 2214ms -->
          <step title="Cleaning up temp files" date="2025-09-05T09:14:49.560" /><!-- duration: 6ms -->
          <step title="Cleaning up temp files" date="2025-09-05T09:14:49.588" /><!-- duration: 509ms -->
          <step title="Reloading status file with latest updates" date="2025-09-05T09:14:50.687" >
            <step title="WebHooksManager.PublishEventAsync: PostDeployment" date="2025-09-05T09:14:50.705" /><!-- duration: 90ms -->
          </step><!-- duration: 125ms -->
          <step title="Cleaning up temporary deployment - fetch deployment was successful" date="2025-09-05T09:14:50.842" /><!-- duration: 7ms -->
        </step><!-- duration: 3749ms -->
      </step><!-- duration: 5596ms -->
