<step title="Incoming Request" date="2025-09-06T01:27:31.114" instance="0d31d1" url="/api/deployments/latest?deployer=GITHUB_ZIP_DEPLOY&amp;time=2025-09-06_01-27-24Z" method="GET" type="request" pid="822,1,36" Host="emergencyassistance-sv-fbanemhrbshuf9bd.scm.japanwest-01.azurewebsites.net" User-Agent="GITHUBACTIONS_DeployWebAppToAzure_6afaea893f47a147fa5dac857d1041ffd4a8f022e29971635168cd4dcb90f2c0" Authorization="Bas..." Content-Type="application/json; charset=utf-8" Cookie="ARRAffinity=0d31d1e3b555b28bd1e1102783713510cb4a14cdd5a5d2b6e8d65e88240d42a3;Path=/;HttpOnly;Secure;Domain=emergencyassistance-sv-fbanemhrbshuf9bd.scm.japanwest-01.azurewebsites.net; ARRAffinitySameSite=0d31d1e3b555b28bd1e1102783713510cb4a14cdd5a5d2b6e8d65e88240d42a3;Path=/;HttpOnly;SameSite=None;Secure;Domain=emergencyassistance-sv-fbanemhrbshuf9bd.scm.japanwest-01.azurewebsites.net" Content-Length="0" X-ARR-LOG-ID="347f73ac-e392-4181-9baa-23a7423209a1" CLIENT-IP="20.236.100.4:25601" X-SITE-DEPLOYMENT-ID="Emergencyassistance-sv" WAS-DEFAULT-HOSTNAME="emergencyassistance-sv-fbanemhrbshuf9bd.scm.japanwest-01.azurewebsites.net" X-Forwarded-Proto="https" X-AppService-Proto="https" X-Forwarded-TlsVersion="1.3" X-WAWS-Unencoded-URL="/api/deployments/latest?deployer=GITHUB_ZIP_DEPLOY&amp;time=2025-09-06_01-27-24Z" X-Client-IP="20.236.100.4" X-Client-Port="25601" >
  <step title="Cleanup Xml Logs" date="2025-09-06T01:27:31.118" >
    <step title="Cleanup Infos" date="2025-09-06T01:27:31.135" totalFiles="401" totalCleanup="241" /><!-- duration: 7ms -->
  </step><!-- duration: 28ms -->
  <step title="DeploymentService.GetResult" date="2025-09-06T01:27:31.164" >
    <step title="DeploymentService.GetLatestDeployment" date="2025-09-06T01:27:31.169" >
      <step title="DeploymentManager.GetResults" date="2025-09-06T01:27:31.174" /><!-- duration: 943ms -->
    </step><!-- duration: 954ms -->
  </step><!-- duration: 965ms -->
  <step title="Outgoing response" date="2025-09-06T01:27:32.135" type="response" statusCode="202" statusText="Accepted" /><!-- duration: 5ms -->
</step><!-- duration: 1030ms -->
