<step title="BackgroundTrace" date="2025-09-05T11:42:13.816" instance="0d31d1" url="/api/zipdeploy" method="POST" >
  <step title="Cleanup Xml Logs" date="2025-09-05T11:42:13.846" >
    <step title="Cleanup Infos" date="2025-09-05T11:42:13.918" totalFiles="343" totalCleanup="183" /><!-- duration: 27ms -->
  </step><!-- duration: 110ms -->
  <step title="Creating temporary deployment - FetchDeploymentManager" date="2025-09-05T11:42:14.127" /><!-- duration: 20ms -->
  <step title="Creating temporary deployment" date="2025-09-05T11:42:14.177" /><!-- duration: 166ms -->
  <step title="Performing fetch based deployment" date="2025-09-05T11:42:14.573" >
    <step title="Deployment timer started" date="2025-09-05T11:42:19.388" >
      <step title="DeploymentManager.Deploy(id:4065556e-5e04-41e6-8efe-0642b99f8a05)" date="2025-09-05T11:42:19.437" >
        <step title="Collecting changeset information" date="2025-09-05T11:42:19.529" /><!-- duration: 284ms -->
        <step title="Updating submodules" date="2025-09-05T11:42:19.938" /><!-- duration: 1345ms -->
        <step title="Determining deployment builder" date="2025-09-05T11:42:21.802" >
          <step title="Builder is RunFromZipSiteBuilder" date="2025-09-05T11:42:21.841" /><!-- duration: 21ms -->
        </step><!-- duration: 80ms -->
        <step title="PreDeployment: context.CleanOutputPath False" date="2025-09-05T11:42:22.029" >
          <step title="PreDeployment: context.OutputPath /home/site/wwwroot" date="2025-09-05T11:42:22.404" >
            <step title="Building" date="2025-09-05T11:42:22.883" >
              <step title="Triggering recycle (preview mode disabled)." date="2025-09-05T11:42:23.320" /><!-- duration: 5ms -->
              <step title="Modified file to trigger a restart of the app container." date="2025-09-05T11:42:23.382" /><!-- duration: 10ms -->
              <step title="Skip function trigger and logicapp sync because function is not enabled." date="2025-09-05T11:42:23.402" /><!-- duration: 31ms -->
              <step title="Purge deployment items" date="2025-09-05T11:42:25.533" >
                <step title="Remove 3b58cb18-, Success, received at 09/02/2025 11:13:48" date="2025-09-05T11:42:25.598" /><!-- duration: 26ms -->
              </step><!-- duration: 129ms -->
            </step><!-- duration: 2889ms -->
          </step><!-- duration: 3375ms -->
          <step title="Cleaning up temp files" date="2025-09-05T11:42:25.784" /><!-- duration: 5ms -->
          <step title="Cleaning up temp files" date="2025-09-05T11:42:25.796" /><!-- duration: 512ms -->
          <step title="Reloading status file with latest updates" date="2025-09-05T11:42:26.359" >
            <step title="WebHooksManager.PublishEventAsync: PostDeployment" date="2025-09-05T11:42:26.365" /><!-- duration: 46ms -->
          </step><!-- duration: 57ms -->
          <step title="Cleaning up temporary deployment - fetch deployment was successful" date="2025-09-05T11:42:26.444" /><!-- duration: 39ms -->
        </step><!-- duration: 4591ms -->
      </step><!-- duration: 7244ms -->
