<step title="Incoming Request" date="2025-08-26T11:32:47.265" instance="bf6391" url="/api/zipdeploy?isAsync=true" method="POST" type="request" pid="821,1,39" Accept="*/*" Host="emergencyassistance-sv-fbanemhrbshuf9bd.scm.japanwest-01.azurewebsites.net" User-Agent="AZURECLI/2.76.0 (DEB)" Accept-Encoding="gzip, deflate" Authorization="Bea..." Cache-Control="no-cache" Content-Type="application/octet-stream" Cookie="ARRAffinity=bf6391891f813fe54cfda5d2cacef026f295eea9a062d1fd7d073d9ea2164a6b; ARRAffinitySameSite=bf6391891f813fe54cfda5d2cacef026f295eea9a062d1fd7d073d9ea2164a6b" Content-Length="57598" x-ms-client-request-id="5c2f6886-8270-11f0-abcd-6045bdeff32d" x-ms-artifact-checksum="c1130d0be3e3b01c2a9b1a689d9c5d59cc47fb89b67b1c1cd0ccb1b434489573" X-ARR-LOG-ID="5c2f6886-8270-11f0-abcd-6045bdeff32d" CLIENT-IP="172.208.127.198:19489" X-SITE-DEPLOYMENT-ID="Emergencyassistance-sv" WAS-DEFAULT-HOSTNAME="emergencyassistance-sv-fbanemhrbshuf9bd.scm.japanwest-01.azurewebsites.net" X-Forwarded-Proto="https" X-AppService-Proto="https" X-Forwarded-TlsVersion="1.3" X-WAWS-Unencoded-URL="/api/zipdeploy?isAsync=true" X-Client-IP="172.208.127.198" X-Client-Port="19489" >
  <step title="ZipPushDeploy" date="2025-08-26T11:32:47.294" >
    <step title="ZipDeploy. Extract zip." date="2025-08-26T11:32:47.316" /><!-- duration: 15ms -->
    <step title="Starting PushDeployAsync" date="2025-08-26T11:32:47.339" /><!-- duration: 4ms -->
    <step title="Writing artifact to /tmp/zipdeploy/fb2b0e9b-90b0-493e-bc76-eafc0ac58101.zip" date="2025-08-26T11:32:47.357" >
      <step title="Writing multipart request body to /tmp/zipdeploy/fb2b0e9b-90b0-493e-bc76-eafc0ac58101.zip" date="2025-08-26T11:32:47.361" /><!-- duration: 13ms -->
    </step><!-- duration: 57ms -->
    <step title="Start deployment in the background" date="2025-08-26T11:32:47.443" >
      <step title="Acquiring Deployment Lock" date="2025-08-26T11:32:47.489" /><!-- duration: 4ms -->
      <step title="Acquired Deployment Lock" date="2025-08-26T11:32:47.523" /><!-- duration: 13ms -->
    </step><!-- duration: 193ms -->
  </step><!-- duration: 347ms -->
  <step title="Outgoing response" date="2025-08-26T11:32:47.646" type="response" statusCode="202" statusText="Accepted" /><!-- duration: 4ms -->
</step><!-- duration: 392ms -->
