<step title="Incoming Request" date="2025-08-28T04:59:42.828" instance="bf6391" url="/api/zipdeploy?isAsync=true" method="POST" type="request" pid="821,1,33" Accept="*/*" Host="emergencyassistance-sv-fbanemhrbshuf9bd.scm.japanwest-01.azurewebsites.net" User-Agent="AZURECLI/2.76.0 (DEB)" Accept-Encoding="gzip, deflate" Authorization="Bea..." Cache-Control="no-cache" Content-Type="application/octet-stream" Cookie="ARRAffinity=bf6391891f813fe54cfda5d2cacef026f295eea9a062d1fd7d073d9ea2164a6b; ARRAffinitySameSite=bf6391891f813fe54cfda5d2cacef026f295eea9a062d1fd7d073d9ea2164a6b" Content-Length="294833" x-ms-client-request-id="c70f9bb0-83cb-11f0-ac69-000d3a97a96e" x-ms-artifact-checksum="13afb8cdf60a04debd07bb4c61007af0c4c73dec31d64c8be947883597b02e69" X-ARR-LOG-ID="c70f9bb0-83cb-11f0-ac69-000d3a97a96e" CLIENT-IP="52.176.19.195:47129" X-SITE-DEPLOYMENT-ID="Emergencyassistance-sv" WAS-DEFAULT-HOSTNAME="emergencyassistance-sv-fbanemhrbshuf9bd.scm.japanwest-01.azurewebsites.net" X-Forwarded-Proto="https" X-AppService-Proto="https" X-Forwarded-TlsVersion="1.3" X-WAWS-Unencoded-URL="/api/zipdeploy?isAsync=true" X-Client-IP="52.176.19.195" X-Client-Port="47129" >
  <step title="ZipPushDeploy" date="2025-08-28T04:59:42.860" >
    <step title="ZipDeploy. Run from package." date="2025-08-28T04:59:42.872" /><!-- duration: 5ms -->
    <step title="Starting PushDeployAsync" date="2025-08-28T04:59:42.884" /><!-- duration: 4ms -->
    <step title="WEBSITE_RUN_FROM_PACKAGE is set to 1. Writing zip to SitePackagesPath" date="2025-08-28T04:59:42.946" /><!-- duration: 12ms -->
    <step title="Copying zip to SitePackages /home/data/SitePackages/20250828045942.zip from request body" date="2025-08-28T04:59:42.969" /><!-- duration: 81ms -->
    <step title="Writing multipart request body to /home/data/SitePackages/20250828045942.zip" date="2025-08-28T04:59:43.057" /><!-- duration: 21ms -->
    <step title="Start deployment in the background" date="2025-08-28T04:59:43.254" >
      <step title="Acquiring Deployment Lock" date="2025-08-28T04:59:43.291" /><!-- duration: 4ms -->
      <step title="Acquired Deployment Lock" date="2025-08-28T04:59:43.338" /><!-- duration: 4ms -->
    </step><!-- duration: 188ms -->
  </step><!-- duration: 590ms -->
  <step title="Outgoing response" date="2025-08-28T04:59:43.456" type="response" statusCode="202" statusText="Accepted" /><!-- duration: 4ms -->
</step><!-- duration: 637ms -->
