<step title="BackgroundTrace" date="2025-09-06T02:57:04.343" instance="0d31d1" url="/api/zipdeploy" method="POST" >
  <step title="Cleanup Xml Logs" date="2025-09-06T02:57:04.354" >
    <step title="Cleanup Infos" date="2025-09-06T02:57:04.370" totalFiles="418" totalCleanup="258" /><!-- duration: 8ms -->
  </step><!-- duration: 29ms -->
  <step title="Creating temporary deployment - FetchDeploymentManager" date="2025-09-06T02:57:04.507" /><!-- duration: 8ms -->
  <step title="Creating temporary deployment" date="2025-09-06T02:57:04.520" /><!-- duration: 358ms -->
  <step title="Performing fetch based deployment" date="2025-09-06T02:57:04.934" >
    <step title="Deployment timer started" date="2025-09-06T02:57:08.669" >
      <step title="DeploymentManager.Deploy(id:79601cf7-668b-41f1-af5c-084b3b2e2bdf)" date="2025-09-06T02:57:08.689" >
        <step title="Collecting changeset information" date="2025-09-06T02:57:08.758" /><!-- duration: 121ms -->
        <step title="Updating submodules" date="2025-09-06T02:57:08.898" /><!-- duration: 1164ms -->
        <step title="Determining deployment builder" date="2025-09-06T02:57:10.348" >
          <step title="Builder is RunFromZipSiteBuilder" date="2025-09-06T02:57:10.406" /><!-- duration: 31ms -->
        </step><!-- duration: 101ms -->
        <step title="PreDeployment: context.CleanOutputPath False" date="2025-09-06T02:57:10.520" >
          <step title="PreDeployment: context.OutputPath /home/site/wwwroot" date="2025-09-06T02:57:10.826" >
            <step title="Building" date="2025-09-06T02:57:11.042" >
              <step title="Triggering recycle (preview mode disabled)." date="2025-09-06T02:57:11.948" /><!-- duration: 47ms -->
              <step title="Modified file to trigger a restart of the app container." date="2025-09-06T02:57:12.126" /><!-- duration: 20ms -->
              <step title="Skip function trigger and logicapp sync because function is not enabled." date="2025-09-06T02:57:12.186" /><!-- duration: 31ms -->
              <step title="Purge deployment items" date="2025-09-06T02:57:16.691" >
                <step title="Remove fc6e15fa-, Success, received at 09/05/2025 11:28:38" date="2025-09-06T02:57:16.878" /><!-- duration: 30ms -->
              </step><!-- duration: 238ms -->
            </step><!-- duration: 6064ms -->
          </step><!-- duration: 6310ms -->
          <step title="Cleaning up temp files" date="2025-09-06T02:57:17.155" /><!-- duration: 20ms -->
          <step title="Cleaning up temp files" date="2025-09-06T02:57:17.219" /><!-- duration: 616ms -->
          <step title="Reloading status file with latest updates" date="2025-09-06T02:57:17.964" >
            <step title="WebHooksManager.PublishEventAsync: PostDeployment" date="2025-09-06T02:57:18.022" /><!-- duration: 240ms -->
          </step><!-- duration: 319ms -->
          <step title="Cleaning up temporary deployment - fetch deployment was successful" date="2025-09-06T02:57:18.332" /><!-- duration: 9ms -->
        </step><!-- duration: 7978ms -->
      </step><!-- duration: 9898ms -->
