<step title="Incoming Request" date="2025-08-29T02:16:13.681" instance="bf6391" url="/api/zipdeploy?isAsync=true" method="POST" type="request" pid="821,1,26" Accept="*/*" Host="emergencyassistance-sv-fbanemhrbshuf9bd.scm.japanwest-01.azurewebsites.net" User-Agent="AZURECLI/2.76.0 (DEB)" Accept-Encoding="gzip, deflate" Authorization="Bea..." Cache-Control="no-cache" Content-Type="application/octet-stream" Cookie="ARRAffinity=bf6391891f813fe54cfda5d2cacef026f295eea9a062d1fd7d073d9ea2164a6b; ARRAffinitySameSite=bf6391891f813fe54cfda5d2cacef026f295eea9a062d1fd7d073d9ea2164a6b" Content-Length="537781" x-ms-client-request-id="1c4f1558-847e-11f0-ac69-000d3aa5e17e" x-ms-artifact-checksum="dbd1c18a60759ab85552a407999aab01d75acea76adc8d6587f7060d68f85d6c" X-ARR-LOG-ID="1c4f1558-847e-11f0-ac69-000d3aa5e17e" CLIENT-IP="52.165.213.181:23553" X-SITE-DEPLOYMENT-ID="Emergencyassistance-sv" WAS-DEFAULT-HOSTNAME="emergencyassistance-sv-fbanemhrbshuf9bd.scm.japanwest-01.azurewebsites.net" X-Forwarded-Proto="https" X-AppService-Proto="https" X-Forwarded-TlsVersion="1.3" X-WAWS-Unencoded-URL="/api/zipdeploy?isAsync=true" X-Client-IP="52.165.213.181" X-Client-Port="23553" >
  <step title="ZipPushDeploy" date="2025-08-29T02:16:13.698" >
    <step title="ZipDeploy. Run from package." date="2025-08-29T02:16:13.706" /><!-- duration: 5ms -->
    <step title="Starting PushDeployAsync" date="2025-08-29T02:16:13.717" /><!-- duration: 3ms -->
    <step title="WEBSITE_RUN_FROM_PACKAGE is set to 1. Writing zip to SitePackagesPath" date="2025-08-29T02:16:13.747" /><!-- duration: 4ms -->
    <step title="Copying zip to SitePackages /home/data/SitePackages/20250829021613.zip from request body" date="2025-08-29T02:16:13.778" /><!-- duration: 11ms -->
    <step title="Writing multipart request body to /home/data/SitePackages/20250829021613.zip" date="2025-08-29T02:16:13.793" /><!-- duration: 15ms -->
    <step title="Deleting outdated zip file /home/data/SitePackages/20250829003722.zip" date="2025-08-29T02:16:14.247" /><!-- duration: 6ms -->
    <step title="Start deployment in the background" date="2025-08-29T02:16:14.268" >
      <step title="Acquiring Deployment Lock" date="2025-08-29T02:16:14.299" /><!-- duration: 3ms -->
      <step title="Acquired Deployment Lock" date="2025-08-29T02:16:14.328" /><!-- duration: 3ms -->
    </step><!-- duration: 182ms -->
  </step><!-- duration: 758ms -->
  <step title="Outgoing response" date="2025-08-29T02:16:14.460" type="response" statusCode="202" statusText="Accepted" /><!-- duration: 3ms -->
</step><!-- duration: 785ms -->
