<step title="Incoming Request" date="2025-08-29T01:35:27.774" instance="bf6391" url="/api/zipdeploy?isAsync=true" method="POST" type="request" pid="823,1,21" Accept="*/*" Host="emergencyassistance-sv-fbanemhrbshuf9bd.scm.japanwest-01.azurewebsites.net" User-Agent="AZURECLI/2.76.0 (DEB)" Accept-Encoding="gzip, deflate" Authorization="Bea..." Cache-Control="no-cache" Content-Type="application/octet-stream" Cookie="ARRAffinity=bf6391891f813fe54cfda5d2cacef026f295eea9a062d1fd7d073d9ea2164a6b; ARRAffinitySameSite=bf6391891f813fe54cfda5d2cacef026f295eea9a062d1fd7d073d9ea2164a6b" Content-Length="537781" x-ms-client-request-id="6a98219c-8478-11f0-ac69-000d3a3824a0" x-ms-artifact-checksum="b189f61f659f4b4bb211f23f5b3d7f77bdf58e3d8a815a9d7436e43b1070e79a" X-ARR-LOG-ID="6a98219c-8478-11f0-ac69-000d3a3824a0" CLIENT-IP="52.159.227.199:17409" X-SITE-DEPLOYMENT-ID="Emergencyassistance-sv" WAS-DEFAULT-HOSTNAME="emergencyassistance-sv-fbanemhrbshuf9bd.scm.japanwest-01.azurewebsites.net" X-Forwarded-Proto="https" X-AppService-Proto="https" X-Forwarded-TlsVersion="1.3" X-WAWS-Unencoded-URL="/api/zipdeploy?isAsync=true" X-Client-IP="52.159.227.199" X-Client-Port="17409" >
  <step title="ZipPushDeploy" date="2025-08-29T01:35:27.825" >
    <step title="ZipDeploy. Run from package." date="2025-08-29T01:35:27.839" /><!-- duration: 4ms -->
    <step title="Starting PushDeployAsync" date="2025-08-29T01:35:27.849" /><!-- duration: 19ms -->
    <step title="WEBSITE_RUN_FROM_PACKAGE is set to 1. Writing zip to SitePackagesPath" date="2025-08-29T01:35:27.906" /><!-- duration: 4ms -->
    <step title="Copying zip to SitePackages /home/data/SitePackages/20250829013527.zip from request body" date="2025-08-29T01:35:27.917" /><!-- duration: 10ms -->
    <step title="Writing multipart request body to /home/data/SitePackages/20250829013527.zip" date="2025-08-29T01:35:27.938" /><!-- duration: 10ms -->
    <step title="Deleting outdated zip file /home/data/SitePackages/20250828120913.zip" date="2025-08-29T01:35:28.061" /><!-- duration: 6ms -->
    <step title="Start deployment in the background" date="2025-08-29T01:35:28.089" >
      <step title="Acquiring Deployment Lock" date="2025-08-29T01:35:28.149" /><!-- duration: 4ms -->
      <step title="Acquired Deployment Lock" date="2025-08-29T01:35:28.197" /><!-- duration: 4ms -->
    </step><!-- duration: 211ms -->
  </step><!-- duration: 497ms -->
  <step title="Outgoing response" date="2025-08-29T01:35:28.329" type="response" statusCode="202" statusText="Accepted" /><!-- duration: 6ms -->
</step><!-- duration: 564ms -->
