<step title="Incoming Request" date="2025-08-28T06:45:05.682" instance="bf6391" url="/api/zipdeploy?isAsync=true" method="POST" type="request" pid="822,1,62" Accept="*/*" Host="emergencyassistance-sv-fbanemhrbshuf9bd.scm.japanwest-01.azurewebsites.net" User-Agent="AZURECLI/2.76.0 (DEB)" Accept-Encoding="gzip, deflate" Authorization="Bea..." Cache-Control="no-cache" Content-Type="application/octet-stream" Cookie="ARRAffinity=bf6391891f813fe54cfda5d2cacef026f295eea9a062d1fd7d073d9ea2164a6b; ARRAffinitySameSite=bf6391891f813fe54cfda5d2cacef026f295eea9a062d1fd7d073d9ea2164a6b" Content-Length="295461" x-ms-client-request-id="804ffc74-83da-11f0-ac69-7c1e527f16b3" x-ms-artifact-checksum="0d787b6717c8852ee13272331b04fa641670db9342f57a711c5af8f01cb80c00" X-ARR-LOG-ID="804ffc74-83da-11f0-ac69-7c1e527f16b3" CLIENT-IP="172.174.165.226:47105" X-SITE-DEPLOYMENT-ID="Emergencyassistance-sv" WAS-DEFAULT-HOSTNAME="emergencyassistance-sv-fbanemhrbshuf9bd.scm.japanwest-01.azurewebsites.net" X-Forwarded-Proto="https" X-AppService-Proto="https" X-Forwarded-TlsVersion="1.3" X-WAWS-Unencoded-URL="/api/zipdeploy?isAsync=true" X-Client-IP="172.174.165.226" X-Client-Port="47105" >
  <step title="ZipPushDeploy" date="2025-08-28T06:45:05.733" >
    <step title="ZipDeploy. Run from package." date="2025-08-28T06:45:05.761" /><!-- duration: 4ms -->
    <step title="None repository commit" date="2025-08-28T06:45:05.776" >
      <step title="Commit id: ce7d79e2-6db1-413e-b546-071a7a5b3c66" date="2025-08-28T06:45:05.779" Message="N/A" AuthorName="N/A" AuthorEmail="N/A" /><!-- duration: 4ms -->
    </step><!-- duration: 11ms -->
    <step title="Starting PushDeployAsync" date="2025-08-28T06:45:05.790" /><!-- duration: 3ms -->
    <step title="WEBSITE_RUN_FROM_PACKAGE is set to 1. Writing zip to SitePackagesPath" date="2025-08-28T06:45:05.807" /><!-- duration: 3ms -->
    <step title="Copying zip to SitePackages /home/data/SitePackages/20250828064505.zip from request body" date="2025-08-28T06:45:05.835" /><!-- duration: 19ms -->
    <step title="Writing multipart request body to /home/data/SitePackages/20250828064505.zip" date="2025-08-28T06:45:05.874" /><!-- duration: 15ms -->
    <step title="Start deployment in the background" date="2025-08-28T06:45:06.566" >
      <step title="Acquiring Deployment Lock" date="2025-08-28T06:45:06.587" /><!-- duration: 10ms -->
      <step title="Acquired Deployment Lock" date="2025-08-28T06:45:06.674" /><!-- duration: 3ms -->
    </step><!-- duration: 201ms -->
  </step><!-- duration: 1042ms -->
  <step title="Outgoing response" date="2025-08-28T06:45:06.787" type="response" statusCode="202" statusText="Accepted" /><!-- duration: 4ms -->
</step><!-- duration: 1113ms -->
