<step title="BackgroundTrace" date="2025-08-28T06:45:06.570" instance="bf6391" url="/api/zipdeploy" method="POST" >
  <step title="Creating temporary deployment - FetchDeploymentManager" date="2025-08-28T06:45:06.682" /><!-- duration: 4ms -->
  <step title="Creating temporary deployment" date="2025-08-28T06:45:06.692" /><!-- duration: 70ms -->
  <step title="Performing fetch based deployment" date="2025-08-28T06:45:06.809" >
    <step title="Deployment timer started" date="2025-08-28T06:45:10.809" >
      <step title="DeploymentManager.Deploy(id:ce7d79e2-6db1-413e-b546-071a7a5b3c66)" date="2025-08-28T06:45:10.817" >
        <step title="Collecting changeset information" date="2025-08-28T06:45:10.851" /><!-- duration: 137ms -->
        <step title="Updating submodules" date="2025-08-28T06:45:10.994" /><!-- duration: 1154ms -->
        <step title="Determining deployment builder" date="2025-08-28T06:45:12.358" >
          <step title="Builder is RunFromZipSiteBuilder" date="2025-08-28T06:45:12.373" /><!-- duration: 20ms -->
        </step><!-- duration: 39ms -->
        <step title="PreDeployment: context.CleanOutputPath False" date="2025-08-28T06:45:12.459" >
          <step title="PreDeployment: context.OutputPath /home/site/wwwroot" date="2025-08-28T06:45:12.561" >
            <step title="Building" date="2025-08-28T06:45:12.706" >
              <step title="Triggering recycle (preview mode disabled)." date="2025-08-28T06:45:13.057" /><!-- duration: 5ms -->
              <step title="Modified file to trigger a restart of the app container." date="2025-08-28T06:45:13.102" /><!-- duration: 9ms -->
              <step title="Skip function trigger and logicapp sync because function is not enabled." date="2025-08-28T06:45:13.123" /><!-- duration: 19ms -->
            </step><!-- duration: 2111ms -->
          </step><!-- duration: 2262ms -->
          <step title="Cleaning up temp files" date="2025-08-28T06:45:14.826" /><!-- duration: 5ms -->
          <step title="Cleaning up temp files" date="2025-08-28T06:45:14.842" /><!-- duration: 550ms -->
          <step title="Reloading status file with latest updates" date="2025-08-28T06:45:15.439" >
            <step title="WebHooksManager.PublishEventAsync: PostDeployment" date="2025-08-28T06:45:15.446" /><!-- duration: 79ms -->
          </step><!-- duration: 91ms -->
          <step title="Cleaning up temporary deployment - fetch deployment was successful" date="2025-08-28T06:45:15.536" /><!-- duration: 3ms -->
        </step><!-- duration: 3152ms -->
      </step><!-- duration: 4809ms -->
