<step title="Incoming Request" date="2025-08-29T03:01:13.974" instance="bf6391" url="/api/zipdeploy?isAsync=true" method="POST" type="request" pid="821,1,43" Accept="*/*" Host="emergencyassistance-sv-fbanemhrbshuf9bd.scm.japanwest-01.azurewebsites.net" User-Agent="AZURECLI/2.76.0 (DEB)" Accept-Encoding="gzip, deflate" Authorization="Bea..." Cache-Control="no-cache" Content-Type="application/octet-stream" Cookie="ARRAffinity=bf6391891f813fe54cfda5d2cacef026f295eea9a062d1fd7d073d9ea2164a6b; ARRAffinitySameSite=bf6391891f813fe54cfda5d2cacef026f295eea9a062d1fd7d073d9ea2164a6b" Content-Length="537801" x-ms-client-request-id="677fdb56-8484-11f0-ac69-7c1e52ec35ae" x-ms-artifact-checksum="7549265c0847e5592e47a7b7fdc07b3e6d8c9c9a4c7aa3908c4a2f1bacaa5a85" X-ARR-LOG-ID="677fdb56-8484-11f0-ac69-7c1e52ec35ae" CLIENT-IP="20.55.213.114:58385" X-SITE-DEPLOYMENT-ID="Emergencyassistance-sv" WAS-DEFAULT-HOSTNAME="emergencyassistance-sv-fbanemhrbshuf9bd.scm.japanwest-01.azurewebsites.net" X-Forwarded-Proto="https" X-AppService-Proto="https" X-Forwarded-TlsVersion="1.3" X-WAWS-Unencoded-URL="/api/zipdeploy?isAsync=true" X-Client-IP="20.55.213.114" X-Client-Port="58385" >
  <step title="ZipPushDeploy" date="2025-08-29T03:01:13.984" >
    <step title="ZipDeploy. Run from package." date="2025-08-29T03:01:13.996" /><!-- duration: 4ms -->
    <step title="Starting PushDeployAsync" date="2025-08-29T03:01:14.006" /><!-- duration: 4ms -->
    <step title="WEBSITE_RUN_FROM_PACKAGE is set to 1. Writing zip to SitePackagesPath" date="2025-08-29T03:01:14.029" /><!-- duration: 10ms -->
    <step title="Copying zip to SitePackages /home/data/SitePackages/20250829030113.zip from request body" date="2025-08-29T03:01:14.045" /><!-- duration: 3ms -->
    <step title="Writing multipart request body to /home/data/SitePackages/20250829030113.zip" date="2025-08-29T03:01:14.077" /><!-- duration: 11ms -->
    <step title="Deleting outdated zip file /home/data/SitePackages/20250829011723.zip" date="2025-08-29T03:01:14.753" /><!-- duration: 13ms -->
    <step title="Start deployment in the background" date="2025-08-29T03:01:14.774" >
      <step title="Acquiring Deployment Lock" date="2025-08-29T03:01:14.799" /><!-- duration: 4ms -->
      <step title="Acquired Deployment Lock" date="2025-08-29T03:01:14.841" /><!-- duration: 4ms -->
    </step><!-- duration: 194ms -->
  </step><!-- duration: 989ms -->
  <step title="Outgoing response" date="2025-08-29T03:01:14.978" type="response" statusCode="202" statusText="Accepted" /><!-- duration: 5ms -->
</step><!-- duration: 1013ms -->
