<step title="BackgroundTrace" date="2025-08-26T10:54:30.758" instance="bf6391" url="/api/zipdeploy" method="POST" >
  <step title="Creating temporary deployment - FetchDeploymentManager" date="2025-08-26T10:54:30.871" /><!-- duration: 3ms -->
  <step title="Creating temporary deployment" date="2025-08-26T10:54:30.881" /><!-- duration: 122ms -->
  <step title="Performing fetch based deployment" date="2025-08-26T10:54:31.072" >
    <step title="Cleaning up temp folders from previous zip deployments and extracting pushed zip file /tmp/zipdeploy/6598b917-47b6-4ca1-b420-7daf3ee9d746.zip (0.05 MB) to /tmp/zipdeploy/extracted" date="2025-08-26T10:54:32.295" >
      <step title="ChmodRecursive Process exited with total time taken in ms: 68" date="2025-08-26T10:54:32.440" /><!-- duration: 8ms -->
    </step><!-- duration: 159ms -->
    <step title="Deployment timer started" date="2025-08-26T10:54:34.514" >
      <step title="DeploymentManager.Deploy(id:e1c665ed-b15e-4d6f-8f8b-1b81612c4c78)" date="2025-08-26T10:54:34.546" >
        <step title="Collecting changeset information" date="2025-08-26T10:54:34.596" /><!-- duration: 125ms -->
        <step title="Updating submodules" date="2025-08-26T10:54:34.728" /><!-- duration: 1142ms -->
        <step title="Determining deployment builder" date="2025-08-26T10:54:36.141" >
          <step title="Builder is BasicBuilder" date="2025-08-26T10:54:36.176" /><!-- duration: 5ms -->
        </step><!-- duration: 46ms -->
        <step title="PreDeployment: context.CleanOutputPath False" date="2025-08-26T10:54:36.251" >
          <step title="PreDeployment: context.OutputPath /home/site/wwwroot" date="2025-08-26T10:54:36.477" >
            <step title="Building" date="2025-08-26T10:54:36.666" >
              <step title="Executing external process" date="2025-08-26T10:54:36.994" type="process" path="starter.sh" arguments="/opt/Kudu/Scripts/parallel_rsync.sh /tmp/zipdeploy/extracted /home/site/wwwroot 8 /tmp/ False True  " /><!-- duration: 2409ms -->
              <step title="Triggering recycle (preview mode disabled)." date="2025-08-26T10:54:39.768" /><!-- duration: 12ms -->
              <step title="Modified file to trigger a restart of the app container." date="2025-08-26T10:54:39.824" /><!-- duration: 4ms -->
              <step title="Skip function trigger and logicapp sync because function is not enabled." date="2025-08-26T10:54:39.847" /><!-- duration: 13ms -->
            </step><!-- duration: 3950ms -->
          </step><!-- duration: 4171ms -->
          <step title="Cleaning up temp files" date="2025-08-26T10:54:40.658" /><!-- duration: 48ms -->
          <step title="Cleaning up temp files" date="2025-08-26T10:54:40.737" /><!-- duration: 540ms -->
          <step title="Reloading status file with latest updates" date="2025-08-26T10:54:41.322" >
            <step title="WebHooksManager.PublishEventAsync: PostDeployment" date="2025-08-26T10:54:41.330" /><!-- duration: 93ms -->
          </step><!-- duration: 105ms -->
          <step title="Cleaning up temporary deployment - fetch deployment was successful" date="2025-08-26T10:54:41.434" /><!-- duration: 4ms -->
        </step><!-- duration: 5260ms -->
      </step><!-- duration: 6986ms -->
