<step title="Incoming Request" date="2025-08-29T11:09:02.130" instance="bf6391" url="/api/publish?async=true&amp;deployer=GITHUB_ONE_DEPLOY&amp;type=zip&amp;message=%7B%22type%22%3A%22deployment%22%2C%22sha%22%3A%22e8a3e1a220d3ef3dc07e39406db99441d9781656%22%2C%22repoName%22%3A%22Satoshi-Niina%2FEmergency-Assistance%22%2C%22actor%22%3A%22Satoshi-Niina%22%2C%22slotName%22%3A%22production%22%2C%22commitMessage%22%3A%22fix%3A%20login%20API%E5%91%BC%E3%81%B3%E5%87%BA%E3%81%97%E3%82%92VITE_API_BASE_URL%E3%83%99%E3%83%BC%E3%82%B9%E3%81%AB%E7%B5%B1%E4%B8%80%E3%83%98%E3%83%83%E3%83%80%E3%83%BC%E6%98%8E%E7%A4%BA%22%7D" method="POST" type="request" pid="820,1,23" Host="emergencyassistance-sv-fbanemhrbshuf9bd.scm.japanwest-01.azurewebsites.net" User-Agent="GITHUBACTIONS_DeployWebAppToAzure_6afaea893f47a147fa5dac857d1041ffd4a8f022e29971635168cd4dcb90f2c0" Authorization="Bea..." Content-Type="application/octet-stream" Cookie="ARRAffinity=bf6391891f813fe54cfda5d2cacef026f295eea9a062d1fd7d073d9ea2164a6b;Path=/;HttpOnly;Secure;Domain=emergencyassistance-sv-fbanemhrbshuf9bd.scm.japanwest-01.azurewebsites.net; ARRAffinitySameSite=bf6391891f813fe54cfda5d2cacef026f295eea9a062d1fd7d073d9ea2164a6b;Path=/;HttpOnly;SameSite=None;Secure;Domain=emergencyassistance-sv-fbanemhrbshuf9bd.scm.japanwest-01.azurewebsites.net" Transfer-Encoding="chunked" X-ARR-LOG-ID="3d68db77-3ca2-49e4-8e5b-a6254ffebb70" CLIENT-IP="4.227.173.115:60432" X-SITE-DEPLOYMENT-ID="Emergencyassistance-sv" WAS-DEFAULT-HOSTNAME="emergencyassistance-sv-fbanemhrbshuf9bd.scm.japanwest-01.azurewebsites.net" X-Forwarded-Proto="https" X-AppService-Proto="https" X-Forwarded-TlsVersion="1.3" X-WAWS-Unencoded-URL="/api/publish?async=true&amp;deployer=GITHUB_ONE_DEPLOY&amp;type=zip&amp;message=%7B%22type%22%3A%22deployment%22%2C%22sha%22%3A%22e8a3e1a220d3ef3dc07e39406db99441d9781656%22%2C%22repoName%22%3A%22Satoshi-Niina%2FEmergency-Assistance%22%2C%22actor%22%3A%22Satoshi-Niina%22%2C%22slotName%22%3A%22production%22%2C%22commitMessage%22%3A%22fix%3A%20login%20API%E5%91%BC%E3%81%B3%E5%87%BA%E3%81%97%E3%82%92VITE_API_BASE_URL%E3%83%99%E3%83%BC%E3%82%B9%E3%81%AB%E7%B5%B1%E4%B8%80%E3%83%98%E3%83%83%E3%83%80%E3%83%BC%E6%98%8E%E7%A4%BA%22%7D" X-Client-IP="4.227.173.115" X-Client-Port="60432" >
  <step title="OneDeploy" date="2025-08-29T11:09:02.242" >
    <step title="None repository commit" date="2025-08-29T11:09:02.256" >
      <step title="Commit id: 92d2fa74-995f-4e37-b1bc-67303764b869" date="2025-08-29T11:09:02.265" Message="N/A" AuthorName="N/A" AuthorEmail="N/A" /><!-- duration: 5ms -->
    </step><!-- duration: 17ms -->
    <step title="Starting PushDeployAsync" date="2025-08-29T11:09:02.277" /><!-- duration: 3ms -->
    <step title="WEBSITE_RUN_FROM_PACKAGE is set to 1. Writing zip to SitePackagesPath" date="2025-08-29T11:09:02.294" /><!-- duration: 18ms -->
    <step title="Copying zip to SitePackages /home/data/SitePackages/20250829110902.zip from request body" date="2025-08-29T11:09:02.322" /><!-- duration: 21ms -->
    <step title="Writing multipart request body to /home/data/SitePackages/20250829110902.zip" date="2025-08-29T11:09:02.348" /><!-- duration: 4ms -->
    <step title="Deleting outdated zip file /home/data/SitePackages/20250829090223.zip" date="2025-08-29T11:09:02.695" /><!-- duration: 30ms -->
    <step title="Start deployment in the background" date="2025-08-29T11:09:02.763" >
      <step title="Acquiring Deployment Lock" date="2025-08-29T11:09:02.805" /><!-- duration: 38ms -->
      <step title="Acquired Deployment Lock" date="2025-08-29T11:09:02.922" /><!-- duration: 4ms -->
    </step><!-- duration: 322ms -->
  </step><!-- duration: 854ms -->
  <step title="Outgoing response" date="2025-08-29T11:09:03.123" type="response" statusCode="202" statusText="Accepted" /><!-- duration: 4ms -->
</step><!-- duration: 1002ms -->
