<step title="BackgroundTrace" date="2025-08-28T04:59:43.261" instance="bf6391" url="/api/zipdeploy" method="POST" >
  <step title="Creating temporary deployment - FetchDeploymentManager" date="2025-08-28T04:59:43.346" /><!-- duration: 3ms -->
  <step title="Creating temporary deployment" date="2025-08-28T04:59:43.356" /><!-- duration: 82ms -->
  <step title="Performing fetch based deployment" date="2025-08-28T04:59:43.478" >
    <step title="Deployment timer started" date="2025-08-28T04:59:46.730" >
      <step title="DeploymentManager.Deploy(id:e93cdc78-6e6e-4101-a668-2287ee46653a)" date="2025-08-28T04:59:46.861" >
        <step title="Collecting changeset information" date="2025-08-28T04:59:47.059" /><!-- duration: 177ms -->
        <step title="Updating submodules" date="2025-08-28T04:59:47.242" /><!-- duration: 1164ms -->
        <step title="Determining deployment builder" date="2025-08-28T04:59:48.684" >
          <step title="Builder is RunFromZipSiteBuilder" date="2025-08-28T04:59:48.731" /><!-- duration: 5ms -->
        </step><!-- duration: 73ms -->
        <step title="PreDeployment: context.CleanOutputPath False" date="2025-08-28T04:59:48.850" >
          <step title="PreDeployment: context.OutputPath /home/site/wwwroot" date="2025-08-28T04:59:49.025" >
            <step title="Building" date="2025-08-28T04:59:49.166" >
              <step title="Triggering recycle (preview mode disabled)." date="2025-08-28T04:59:50.016" /><!-- duration: 12ms -->
              <step title="Modified file to trigger a restart of the app container." date="2025-08-28T04:59:50.063" /><!-- duration: 3ms -->
              <step title="Skip function trigger and logicapp sync because function is not enabled." date="2025-08-28T04:59:50.073" /><!-- duration: 11ms -->
            </step><!-- duration: 2225ms -->
          </step><!-- duration: 2374ms -->
          <step title="Cleaning up temp files" date="2025-08-28T04:59:51.403" /><!-- duration: 5ms -->
          <step title="Cleaning up temp files" date="2025-08-28T04:59:51.418" /><!-- duration: 531ms -->
          <step title="Reloading status file with latest updates" date="2025-08-28T04:59:52.003" >
            <step title="WebHooksManager.PublishEventAsync: PostDeployment" date="2025-08-28T04:59:52.009" /><!-- duration: 49ms -->
          </step><!-- duration: 59ms -->
          <step title="Cleaning up temporary deployment - fetch deployment was successful" date="2025-08-28T04:59:52.071" /><!-- duration: 4ms -->
        </step><!-- duration: 3309ms -->
      </step><!-- duration: 5318ms -->
