<step title="Incoming Request" date="2025-09-02T11:13:38.883" instance="0d31d1" url="/api/publish?async=true&amp;deployer=GITHUB_ONE_DEPLOY&amp;type=zip&amp;message=%7B%22type%22%3A%22deployment%22%2C%22sha%22%3A%229eaef8014c63c7044892ba232219b432d5284d11%22%2C%22repoName%22%3A%22Satoshi-Niina%2FEmergency-Assistance%22%2C%22actor%22%3A%22Satoshi-Niina%22%2C%22slotName%22%3A%22production%22%2C%22commitMessage%22%3A%22%20Clean%20up%20trigger.txt%20after%20deploy%22%7D" method="POST" type="request" pid="821,1,42" Host="emergencyassistance-sv-fbanemhrbshuf9bd.scm.japanwest-01.azurewebsites.net" User-Agent="GITHUBACTIONS_DeployWebAppToAzure_6afaea893f47a147fa5dac857d1041ffd4a8f022e29971635168cd4dcb90f2c0" Authorization="Bea..." Content-Type="application/octet-stream" Cookie="ARRAffinity=0d31d1e3b555b28bd1e1102783713510cb4a14cdd5a5d2b6e8d65e88240d42a3;Path=/;HttpOnly;Secure;Domain=emergencyassistance-sv-fbanemhrbshuf9bd.scm.japanwest-01.azurewebsites.net; ARRAffinitySameSite=0d31d1e3b555b28bd1e1102783713510cb4a14cdd5a5d2b6e8d65e88240d42a3;Path=/;HttpOnly;SameSite=None;Secure;Domain=emergencyassistance-sv-fbanemhrbshuf9bd.scm.japanwest-01.azurewebsites.net" Transfer-Encoding="chunked" X-ARR-LOG-ID="1a50cacc-f59c-4e23-92b1-45d76cbec803" CLIENT-IP="172.212.164.24:19520" X-SITE-DEPLOYMENT-ID="Emergencyassistance-sv" WAS-DEFAULT-HOSTNAME="emergencyassistance-sv-fbanemhrbshuf9bd.scm.japanwest-01.azurewebsites.net" X-Forwarded-Proto="https" X-AppService-Proto="https" X-Forwarded-TlsVersion="1.3" X-WAWS-Unencoded-URL="/api/publish?async=true&amp;deployer=GITHUB_ONE_DEPLOY&amp;type=zip&amp;message=%7B%22type%22%3A%22deployment%22%2C%22sha%22%3A%229eaef8014c63c7044892ba232219b432d5284d11%22%2C%22repoName%22%3A%22Satoshi-Niina%2FEmergency-Assistance%22%2C%22actor%22%3A%22Satoshi-Niina%22%2C%22slotName%22%3A%22production%22%2C%22commitMessage%22%3A%22%20Clean%20up%20trigger.txt%20after%20deploy%22%7D" X-Client-IP="172.212.164.24" X-Client-Port="19520" >
  <step title="OneDeploy" date="2025-09-02T11:13:39.024" >
    <step title="None repository commit" date="2025-09-02T11:13:39.054" >
      <step title="Commit id: 3b58cb18-7c8c-4716-b575-60c47d69d166" date="2025-09-02T11:13:39.063" Message="N/A" AuthorName="N/A" AuthorEmail="N/A" /><!-- duration: 5ms -->
    </step><!-- duration: 21ms -->
    <step title="Starting PushDeployAsync" date="2025-09-02T11:13:39.084" /><!-- duration: 5ms -->
    <step title="WEBSITE_RUN_FROM_PACKAGE is set to 1. Writing zip to SitePackagesPath" date="2025-09-02T11:13:39.115" /><!-- duration: 5ms -->
    <step title="Copying zip to SitePackages /home/data/SitePackages/20250902111339.zip from request body" date="2025-09-02T11:13:39.133" /><!-- duration: 5ms -->
    <step title="Writing multipart request body to /home/data/SitePackages/20250902111339.zip" date="2025-09-02T11:13:39.165" /><!-- duration: 29ms -->
    <step title="Deleting outdated zip file /home/data/SitePackages/20250830080511.zip" date="2025-09-02T11:13:43.928" /><!-- duration: 15ms -->
    <step title="Start deployment in the background" date="2025-09-02T11:13:43.967" >
      <step title="Acquiring Deployment Lock" date="2025-09-02T11:13:44.038" /><!-- duration: 8ms -->
      <step title="Acquired Deployment Lock" date="2025-09-02T11:13:44.138" /><!-- duration: 10ms -->
    </step><!-- duration: 396ms -->
  </step><!-- duration: 5359ms -->
  <step title="Outgoing response" date="2025-09-02T11:13:44.392" type="response" statusCode="202" statusText="Accepted" /><!-- duration: 5ms -->
</step><!-- duration: 5519ms -->
