<step title="Incoming Request" date="2025-08-30T07:10:17.656" instance="bf6391" url="/api/publish?async=true&amp;deployer=GITHUB_ONE_DEPLOY&amp;type=zip&amp;message=%7B%22type%22%3A%22deployment%22%2C%22sha%22%3A%229b29b58a55e502c12da06f917345e00cec2db22b%22%2C%22repoName%22%3A%22Satoshi-Niina%2FEmergency-Assistance%22%2C%22actor%22%3A%22Satoshi-Niina%22%2C%22slotName%22%3A%22production%22%2C%22commitMessage%22%3A%22feat%3A%20unify%20CORS%2FDB%2F%E3%83%9E%E3%82%A4%E3%82%B0%E3%83%AC%E3%83%BC%E3%82%B7%E3%83%A7%E3%83%B3%E6%A7%8B%E6%88%90%20(express%20CORS%2C%20drizzle%20ssl%2C%20migrate%20on%20start)%22%7D" method="POST" type="request" pid="823,1,58" Host="emergencyassistance-sv-fbanemhrbshuf9bd.scm.japanwest-01.azurewebsites.net" User-Agent="GITHUBACTIONS_DeployWebAppToAzure_6afaea893f47a147fa5dac857d1041ffd4a8f022e29971635168cd4dcb90f2c0" Authorization="Bea..." Content-Type="application/octet-stream" Cookie="ARRAffinity=bf6391891f813fe54cfda5d2cacef026f295eea9a062d1fd7d073d9ea2164a6b;Path=/;HttpOnly;Secure;Domain=emergencyassistance-sv-fbanemhrbshuf9bd.scm.japanwest-01.azurewebsites.net; ARRAffinitySameSite=bf6391891f813fe54cfda5d2cacef026f295eea9a062d1fd7d073d9ea2164a6b;Path=/;HttpOnly;SameSite=None;Secure;Domain=emergencyassistance-sv-fbanemhrbshuf9bd.scm.japanwest-01.azurewebsites.net" Transfer-Encoding="chunked" X-ARR-LOG-ID="551807a0-383c-4e0f-8b91-b38b3db70397" CLIENT-IP="135.232.224.80:41984" X-SITE-DEPLOYMENT-ID="Emergencyassistance-sv" WAS-DEFAULT-HOSTNAME="emergencyassistance-sv-fbanemhrbshuf9bd.scm.japanwest-01.azurewebsites.net" X-Forwarded-Proto="https" X-AppService-Proto="https" X-Forwarded-TlsVersion="1.3" X-WAWS-Unencoded-URL="/api/publish?async=true&amp;deployer=GITHUB_ONE_DEPLOY&amp;type=zip&amp;message=%7B%22type%22%3A%22deployment%22%2C%22sha%22%3A%229b29b58a55e502c12da06f917345e00cec2db22b%22%2C%22repoName%22%3A%22Satoshi-Niina%2FEmergency-Assistance%22%2C%22actor%22%3A%22Satoshi-Niina%22%2C%22slotName%22%3A%22production%22%2C%22commitMessage%22%3A%22feat%3A%20unify%20CORS%2FDB%2F%E3%83%9E%E3%82%A4%E3%82%B0%E3%83%AC%E3%83%BC%E3%82%B7%E3%83%A7%E3%83%B3%E6%A7%8B%E6%88%90%20(express%20CORS%2C%20drizzle%20ssl%2C%20migrate%20on%20start)%22%7D" X-Client-IP="135.232.224.80" X-Client-Port="41984" >
  <step title="OneDeploy" date="2025-08-30T07:10:17.776" >
    <step title="None repository commit" date="2025-08-30T07:10:17.802" >
      <step title="Commit id: 011b7ea5-7c6c-43a9-9b84-02e0a6974fa4" date="2025-08-30T07:10:17.809" Message="N/A" AuthorName="N/A" AuthorEmail="N/A" /><!-- duration: 5ms -->
    </step><!-- duration: 18ms -->
    <step title="Starting PushDeployAsync" date="2025-08-30T07:10:17.826" /><!-- duration: 5ms -->
    <step title="WEBSITE_RUN_FROM_PACKAGE is set to 1. Writing zip to SitePackagesPath" date="2025-08-30T07:10:17.849" /><!-- duration: 8ms -->
    <step title="Copying zip to SitePackages /home/data/SitePackages/20250830071017.zip from request body" date="2025-08-30T07:10:17.877" /><!-- duration: 6ms -->
    <step title="Writing multipart request body to /home/data/SitePackages/20250830071017.zip" date="2025-08-30T07:10:17.889" /><!-- duration: 55ms -->
    <step title="Deleting outdated zip file /home/data/SitePackages/20250830023946.zip" date="2025-08-30T07:10:18.159" /><!-- duration: 14ms -->
    <step title="Start deployment in the background" date="2025-08-30T07:10:18.189" >
      <step title="Acquiring Deployment Lock" date="2025-08-30T07:10:18.205" /><!-- duration: 11ms -->
      <step title="Acquired Deployment Lock" date="2025-08-30T07:10:18.317" /><!-- duration: 5ms -->
    </step><!-- duration: 256ms -->
  </step><!-- duration: 685ms -->
  <step title="Outgoing response" date="2025-08-30T07:10:18.470" type="response" statusCode="202" statusText="Accepted" /><!-- duration: 7ms -->
</step><!-- duration: 825ms -->
