<step title="BackgroundTrace" date="2025-09-06T07:55:20.927" instance="0d31d1" url="/api/publish" method="POST" >
  <step title="Cleanup Xml Logs" date="2025-09-06T07:55:20.937" >
    <step title="Cleanup Infos" date="2025-09-06T07:55:20.961" totalFiles="439" totalCleanup="279" /><!-- duration: 15ms -->
  </step><!-- duration: 44ms -->
  <step title="Creating temporary deployment - FetchDeploymentManager" date="2025-09-06T07:55:21.050" /><!-- duration: 5ms -->
  <step title="Creating temporary deployment" date="2025-09-06T07:55:21.098" /><!-- duration: 103ms -->
  <step title="Performing fetch based deployment" date="2025-09-06T07:55:21.264" >
    <step title="Deployment timer started" date="2025-09-06T07:55:25.920" >
      <step title="DeploymentManager.Deploy(id:a0ffb559-7c99-4349-bcc5-b2e321793091)" date="2025-09-06T07:55:25.930" >
        <step title="Collecting changeset information" date="2025-09-06T07:55:25.990" /><!-- duration: 154ms -->
        <step title="Updating submodules" date="2025-09-06T07:55:26.192" /><!-- duration: 1201ms -->
        <step title="Determining deployment builder" date="2025-09-06T07:55:27.679" >
          <step title="Builder is RunFromZipSiteBuilder" date="2025-09-06T07:55:27.699" /><!-- duration: 12ms -->
        </step><!-- duration: 38ms -->
        <step title="PreDeployment: context.CleanOutputPath False" date="2025-09-06T07:55:27.783" >
          <step title="PreDeployment: context.OutputPath /home/site/wwwroot" date="2025-09-06T07:55:27.900" >
            <step title="Building" date="2025-09-06T07:55:28.042" >
              <step title="Modified file to trigger a restart of the app container." date="2025-09-06T07:55:28.562" /><!-- duration: 9ms -->
              <step title="Skip function trigger and logicapp sync because function is not enabled." date="2025-09-06T07:55:28.579" /><!-- duration: 39ms -->
              <step title="Purge deployment items" date="2025-09-06T07:55:31.144" >
                <step title="Remove 213e0f04-, Success, received at 09/05/2025 11:58:22" date="2025-09-06T07:55:31.217" /><!-- duration: 5ms -->
              </step><!-- duration: 83ms -->
            </step><!-- duration: 3267ms -->
          </step><!-- duration: 3417ms -->
          <step title="Cleaning up temp files" date="2025-09-06T07:55:31.321" /><!-- duration: 13ms -->
          <step title="Cleaning up temp files" date="2025-09-06T07:55:31.347" /><!-- duration: 520ms -->
          <step title="Reloading status file with latest updates" date="2025-09-06T07:55:31.902" >
            <step title="WebHooksManager.PublishEventAsync: PostDeployment" date="2025-09-06T07:55:31.908" /><!-- duration: 55ms -->
          </step><!-- duration: 65ms -->
          <step title="Cleaning up temporary deployment - fetch deployment was successful" date="2025-09-06T07:55:31.977" /><!-- duration: 5ms -->
        </step><!-- duration: 4264ms -->
      </step><!-- duration: 6146ms -->
