<step title="Incoming Request" date="2025-08-28T05:28:32.172" instance="bf6391" url="/api/zipdeploy?isAsync=true" method="POST" type="request" pid="821,1,86" Accept="*/*" Host="emergencyassistance-sv-fbanemhrbshuf9bd.scm.japanwest-01.azurewebsites.net" User-Agent="AZURECLI/2.76.0 (DEB)" Accept-Encoding="gzip, deflate" Authorization="Bea..." Cache-Control="no-cache" Content-Type="application/octet-stream" Cookie="ARRAffinity=bf6391891f813fe54cfda5d2cacef026f295eea9a062d1fd7d073d9ea2164a6b; ARRAffinitySameSite=bf6391891f813fe54cfda5d2cacef026f295eea9a062d1fd7d073d9ea2164a6b" Content-Length="294833" x-ms-client-request-id="d241d968-83cf-11f0-ac69-7ced8d565781" x-ms-artifact-checksum="bee55f04382332d7f2bb99e1445145551683379aa7c26f8c87f7b0d71f707d17" X-ARR-LOG-ID="d241d968-83cf-11f0-ac69-7ced8d565781" CLIENT-IP="64.236.133.182:58369" X-SITE-DEPLOYMENT-ID="Emergencyassistance-sv" WAS-DEFAULT-HOSTNAME="emergencyassistance-sv-fbanemhrbshuf9bd.scm.japanwest-01.azurewebsites.net" X-Forwarded-Proto="https" X-AppService-Proto="https" X-Forwarded-TlsVersion="1.3" X-WAWS-Unencoded-URL="/api/zipdeploy?isAsync=true" X-Client-IP="64.236.133.182" X-Client-Port="58369" >
  <step title="ZipPushDeploy" date="2025-08-28T05:28:32.262" >
    <step title="ZipDeploy. Run from package." date="2025-08-28T05:28:32.275" /><!-- duration: 4ms -->
    <step title="Starting PushDeployAsync" date="2025-08-28T05:28:32.285" /><!-- duration: 4ms -->
    <step title="WEBSITE_RUN_FROM_PACKAGE is set to 1. Writing zip to SitePackagesPath" date="2025-08-28T05:28:32.301" /><!-- duration: 4ms -->
    <step title="Copying zip to SitePackages /home/data/SitePackages/20250828052832.zip from request body" date="2025-08-28T05:28:32.311" /><!-- duration: 4ms -->
    <step title="Writing multipart request body to /home/data/SitePackages/20250828052832.zip" date="2025-08-28T05:28:32.320" /><!-- duration: 4ms -->
    <step title="Start deployment in the background" date="2025-08-28T05:28:32.705" >
      <step title="Acquiring Deployment Lock" date="2025-08-28T05:28:32.746" /><!-- duration: 26ms -->
      <step title="Acquired Deployment Lock" date="2025-08-28T05:28:32.825" /><!-- duration: 4ms -->
    </step><!-- duration: 229ms -->
  </step><!-- duration: 678ms -->
  <step title="Outgoing response" date="2025-08-28T05:28:32.945" type="response" statusCode="202" statusText="Accepted" /><!-- duration: 9ms -->
</step><!-- duration: 786ms -->
