<step title="Incoming Request" date="2025-08-28T10:39:04.278" instance="bf6391" url="/api/zipdeploy?isAsync=true" method="POST" type="request" pid="823,1,49" Accept="*/*" Host="emergencyassistance-sv-fbanemhrbshuf9bd.scm.japanwest-01.azurewebsites.net" User-Agent="AZURECLI/2.76.0 (DEB)" Accept-Encoding="gzip, deflate" Authorization="Bea..." Cache-Control="no-cache" Content-Type="application/octet-stream" Cookie="ARRAffinity=bf6391891f813fe54cfda5d2cacef026f295eea9a062d1fd7d073d9ea2164a6b; ARRAffinitySameSite=bf6391891f813fe54cfda5d2cacef026f295eea9a062d1fd7d073d9ea2164a6b" Content-Length="301613" x-ms-client-request-id="323940ec-83fb-11f0-ac69-7ced8d7039ab" x-ms-artifact-checksum="a0638ffa9531b721a62d06ab9729936635ec66d7e163ca2d026dac84bb6134e9" X-ARR-LOG-ID="323940ec-83fb-11f0-ac69-7ced8d7039ab" CLIENT-IP="52.159.244.87:1025" X-SITE-DEPLOYMENT-ID="Emergencyassistance-sv" WAS-DEFAULT-HOSTNAME="emergencyassistance-sv-fbanemhrbshuf9bd.scm.japanwest-01.azurewebsites.net" X-Forwarded-Proto="https" X-AppService-Proto="https" X-Forwarded-TlsVersion="1.3" X-WAWS-Unencoded-URL="/api/zipdeploy?isAsync=true" X-Client-IP="52.159.244.87" X-Client-Port="1025" >
  <step title="ZipPushDeploy" date="2025-08-28T10:39:04.483" >
    <step title="ZipDeploy. Run from package." date="2025-08-28T10:39:04.496" /><!-- duration: 4ms -->
    <step title="None repository commit" date="2025-08-28T10:39:04.523" >
      <step title="Commit id: 78e34e97-26be-4d27-820b-27a798ce3c4d" date="2025-08-28T10:39:04.528" Message="N/A" AuthorName="N/A" AuthorEmail="N/A" /><!-- duration: 5ms -->
    </step><!-- duration: 13ms -->
    <step title="Starting PushDeployAsync" date="2025-08-28T10:39:04.542" /><!-- duration: 4ms -->
    <step title="WEBSITE_RUN_FROM_PACKAGE is set to 1. Writing zip to SitePackagesPath" date="2025-08-28T10:39:04.585" /><!-- duration: 4ms -->
    <step title="Copying zip to SitePackages /home/data/SitePackages/20250828103904.zip from request body" date="2025-08-28T10:39:04.604" /><!-- duration: 18ms -->
    <step title="Writing multipart request body to /home/data/SitePackages/20250828103904.zip" date="2025-08-28T10:39:04.642" /><!-- duration: 4ms -->
    <step title="Deleting outdated zip file /home/data/SitePackages/20250828052832.zip" date="2025-08-28T10:39:04.859" /><!-- duration: 7ms -->
    <step title="Start deployment in the background" date="2025-08-28T10:39:04.887" >
      <step title="Acquiring Deployment Lock" date="2025-08-28T10:39:04.943" /><!-- duration: 4ms -->
      <step title="Acquired Deployment Lock" date="2025-08-28T10:39:05.000" /><!-- duration: 4ms -->
    </step><!-- duration: 231ms -->
  </step><!-- duration: 648ms -->
  <step title="Outgoing response" date="2025-08-28T10:39:05.140" type="response" statusCode="202" statusText="Accepted" /><!-- duration: 5ms -->
</step><!-- duration: 872ms -->
