<step title="Incoming Request" date="2025-08-29T10:54:46.550" instance="bf6391" url="/api/publish?async=true&amp;deployer=GITHUB_ONE_DEPLOY&amp;type=zip&amp;message=%7B%22type%22%3A%22deployment%22%2C%22sha%22%3A%22361abd55a02bba91cbce81c6850ec8c00dff3133%22%2C%22repoName%22%3A%22Satoshi-Niina%2FEmergency-Assistance%22%2C%22actor%22%3A%22Satoshi-Niina%22%2C%22slotName%22%3A%22production%22%2C%22commitMessage%22%3A%22fix%3A%20%E3%82%B5%E3%83%8B%E3%83%86%E3%82%A3%E3%83%81%E3%82%A7%E3%83%83%E3%82%AFYAML%E6%A7%8B%E9%80%A0%E4%BF%AE%E6%AD%A3%EF%BC%88%E3%82%A4%E3%83%B3%E3%83%87%E3%83%B3%E3%83%88%E6%A7%8B%E9%80%A0%E3%82%A8%E3%83%A9%E3%83%BC%E5%AF%BE%E5%BF%9C%EF%BC%89%22%7D" method="POST" type="request" pid="821,1,27" Host="emergencyassistance-sv-fbanemhrbshuf9bd.scm.japanwest-01.azurewebsites.net" User-Agent="GITHUBACTIONS_DeployWebAppToAzure_6afaea893f47a147fa5dac857d1041ffd4a8f022e29971635168cd4dcb90f2c0" Authorization="Bea..." Content-Type="application/octet-stream" Cookie="ARRAffinity=bf6391891f813fe54cfda5d2cacef026f295eea9a062d1fd7d073d9ea2164a6b;Path=/;HttpOnly;Secure;Domain=emergencyassistance-sv-fbanemhrbshuf9bd.scm.japanwest-01.azurewebsites.net; ARRAffinitySameSite=bf6391891f813fe54cfda5d2cacef026f295eea9a062d1fd7d073d9ea2164a6b;Path=/;HttpOnly;SameSite=None;Secure;Domain=emergencyassistance-sv-fbanemhrbshuf9bd.scm.japanwest-01.azurewebsites.net" Transfer-Encoding="chunked" X-ARR-LOG-ID="c275ba67-ea42-4e4b-b09f-bad5069c3a38" CLIENT-IP="48.214.54.57:20520" X-SITE-DEPLOYMENT-ID="Emergencyassistance-sv" WAS-DEFAULT-HOSTNAME="emergencyassistance-sv-fbanemhrbshuf9bd.scm.japanwest-01.azurewebsites.net" X-Forwarded-Proto="https" X-AppService-Proto="https" X-Forwarded-TlsVersion="1.3" X-WAWS-Unencoded-URL="/api/publish?async=true&amp;deployer=GITHUB_ONE_DEPLOY&amp;type=zip&amp;message=%7B%22type%22%3A%22deployment%22%2C%22sha%22%3A%22361abd55a02bba91cbce81c6850ec8c00dff3133%22%2C%22repoName%22%3A%22Satoshi-Niina%2FEmergency-Assistance%22%2C%22actor%22%3A%22Satoshi-Niina%22%2C%22slotName%22%3A%22production%22%2C%22commitMessage%22%3A%22fix%3A%20%E3%82%B5%E3%83%8B%E3%83%86%E3%82%A3%E3%83%81%E3%82%A7%E3%83%83%E3%82%AFYAML%E6%A7%8B%E9%80%A0%E4%BF%AE%E6%AD%A3%EF%BC%88%E3%82%A4%E3%83%B3%E3%83%87%E3%83%B3%E3%83%88%E6%A7%8B%E9%80%A0%E3%82%A8%E3%83%A9%E3%83%BC%E5%AF%BE%E5%BF%9C%EF%BC%89%22%7D" X-Client-IP="48.214.54.57" X-Client-Port="20520" >
  <step title="OneDeploy" date="2025-08-29T10:54:46.559" >
    <step title="Starting PushDeployAsync" date="2025-08-29T10:54:46.567" /><!-- duration: 4ms -->
    <step title="WEBSITE_RUN_FROM_PACKAGE is set to 1. Writing zip to SitePackagesPath" date="2025-08-29T10:54:46.577" /><!-- duration: 10ms -->
    <step title="Copying zip to SitePackages /home/data/SitePackages/20250829105446.zip from request body" date="2025-08-29T10:54:46.593" /><!-- duration: 16ms -->
    <step title="Writing multipart request body to /home/data/SitePackages/20250829105446.zip" date="2025-08-29T10:54:46.619" /><!-- duration: 39ms -->
    <step title="Deleting outdated zip file /home/data/SitePackages/20250829084810.zip" date="2025-08-29T10:54:47.046" /><!-- duration: 14ms -->
    <step title="Start deployment in the background" date="2025-08-29T10:54:47.073" >
      <step title="Acquiring Deployment Lock" date="2025-08-29T10:54:47.084" /><!-- duration: 7ms -->
      <step title="Acquired Deployment Lock" date="2025-08-29T10:54:47.146" /><!-- duration: 3ms -->
    </step><!-- duration: 159ms -->
  </step><!-- duration: 676ms -->
  <step title="Outgoing response" date="2025-08-29T10:54:47.241" type="response" statusCode="202" statusText="Accepted" /><!-- duration: 3ms -->
</step><!-- duration: 697ms -->
