<step title="BackgroundTrace" date="2025-09-06T05:32:47.579" instance="0d31d1" url="/api/zipdeploy" method="POST" >
  <step title="Cleanup Xml Logs" date="2025-09-06T05:32:47.584" >
    <step title="Cleanup Infos" date="2025-09-06T05:32:47.605" totalFiles="425" totalCleanup="265" /><!-- duration: 8ms -->
  </step><!-- duration: 34ms -->
  <step title="Creating temporary deployment - FetchDeploymentManager" date="2025-09-06T05:32:47.733" /><!-- duration: 5ms -->
  <step title="Creating temporary deployment" date="2025-09-06T05:32:47.751" /><!-- duration: 111ms -->
  <step title="Performing fetch based deployment" date="2025-09-06T05:32:47.918" >
    <step title="Deployment timer started" date="2025-09-06T05:32:52.538" >
      <step title="DeploymentManager.Deploy(id:0906de36-9208-49c6-a7cf-4da8abfeaa6d)" date="2025-09-06T05:32:52.549" >
        <step title="Collecting changeset information" date="2025-09-06T05:32:52.591" /><!-- duration: 137ms -->
        <step title="Updating submodules" date="2025-09-06T05:32:52.736" /><!-- duration: 1151ms -->
        <step title="Determining deployment builder" date="2025-09-06T05:32:54.156" >
          <step title="Builder is RunFromZipSiteBuilder" date="2025-09-06T05:32:54.191" /><!-- duration: 11ms -->
        </step><!-- duration: 52ms -->
        <step title="PreDeployment: context.CleanOutputPath False" date="2025-09-06T05:32:54.282" >
          <step title="PreDeployment: context.OutputPath /home/site/wwwroot" date="2025-09-06T05:32:54.415" >
            <step title="Building" date="2025-09-06T05:32:54.604" >
              <step title="Triggering recycle (preview mode disabled)." date="2025-09-06T05:32:55.270" /><!-- duration: 26ms -->
              <step title="Modified file to trigger a restart of the app container." date="2025-09-06T05:32:55.392" /><!-- duration: 12ms -->
              <step title="Skip function trigger and logicapp sync because function is not enabled." date="2025-09-06T05:32:55.417" /><!-- duration: 26ms -->
              <step title="Purge deployment items" date="2025-09-06T05:32:56.891" >
                <step title="Remove 4065556e-, Success, received at 09/05/2025 11:42:19" date="2025-09-06T05:32:57.006" /><!-- duration: 5ms -->
              </step><!-- duration: 126ms -->
            </step><!-- duration: 2508ms -->
          </step><!-- duration: 2705ms -->
          <step title="Cleaning up temp files" date="2025-09-06T05:32:57.124" /><!-- duration: 10ms -->
          <step title="Cleaning up temp files" date="2025-09-06T05:32:57.146" /><!-- duration: 539ms -->
          <step title="Reloading status file with latest updates" date="2025-09-06T05:32:58.013" >
            <step title="WebHooksManager.PublishEventAsync: PostDeployment" date="2025-09-06T05:32:58.025" /><!-- duration: 115ms -->
          </step><!-- duration: 132ms -->
          <step title="Cleaning up temporary deployment - fetch deployment was successful" date="2025-09-06T05:32:58.161" /><!-- duration: 9ms -->
        </step><!-- duration: 4231ms -->
      </step><!-- duration: 5991ms -->
