﻿<?xml version="1.0" encoding="utf-8"?>
<deployment>
  <id>91e5275d-9ae6-48b4-be23-22246361088c</id>
  <author>N/A</author>
  <deployer>GITHUB_ZIP_DEPLOY</deployer>
  <authorEmail>N/A</authorEmail>
  <message>{"type":"deployment","sha":"c07d6411fa7d44a7d92c4882d1f13d521a46da55","repoName":"Satoshi-Niina/Emergency-Assistance","actor":"Satoshi-Niina","slotName":"production","commitMessage":"Add or update the Azure App Service build and deployment workflow config"}</message>
  <progress></progress>
  <status>Success</status>
  <statusText></statusText>
  <lastSuccessEndTime>2025-07-04T01:55:15.1771015Z</lastSuccessEndTime>
  <receivedTime>2025-07-04T01:52:06.481697Z</receivedTime>
  <startTime>2025-07-04T01:52:07.8054562Z</startTime>
  <endTime>2025-07-04T01:55:15.1771015Z</endTime>
  <complete>True</complete>
  <is_temp>False</is_temp>
  <is_readonly>True</is_readonly>
  <buildSummary />
</deployment>