﻿<?xml version="1.0" encoding="utf-8"?>
<deployment>
  <id>cb12e8f83b6b8a2bd7649aa478ee5a666c132f31</id>
  <author>satoshi_niina</author>
  <deployer>GitHub</deployer>
  <authorEmail>s.niina@takabeni.com</authorEmail>
  <message>修正: ログインエラーハンドリング改善＆デバッグ機能追加</message>
  <progress></progress>
  <status>Failed</status>
  <statusText>Deployment has been stopped due to SCM container restart. The restart can happen due to a management operation on site. Do not perform a management operation and a deployment operation in quick succession. Adding a small delay can help avoid any conflicts.</statusText>
  <lastSuccessEndTime />
  <receivedTime>2025-08-21T01:47:28.888639Z</receivedTime>
  <startTime>2025-08-21T01:47:30.2850281Z</startTime>
  <endTime>2025-08-21T01:49:22.3877469Z</endTime>
  <complete>True</complete>
  <is_temp>False</is_temp>
  <is_readonly>False</is_readonly>
  <buildSummary />
</deployment>