﻿<?xml version="1.0" encoding="utf-8"?>
<deployment>
  <id>bd258ca1f76fa87a4a3702896b27071edef164281759641784749</id>
  <author>Satoshi-Niina</author>
  <deployer>GitHub</deployer>
  <authorEmail />
  <message>{"type":"Deployment","sha":"bd258ca1f76fa87a4a3702896b27071edef16428","repoName":"Satoshi-Niina/Emergency-Assistance","actor":"Satoshi-Niina","slotName":"production"}</message>
  <progress />
  <status>Success</status>
  <statusText />
  <lastSuccessEndTime>2025-10-05T05:23:04.9300832Z</lastSuccessEndTime>
  <receivedTime>2025-10-05T05:23:04.9300832Z</receivedTime>
  <startTime>2025-10-05T05:23:04.9300832Z</startTime>
  <endTime>2025-10-05T05:23:04.9300832Z</endTime>
  <complete>True</complete>
  <is_temp>False</is_temp>
  <is_readonly>True</is_readonly>
  <buildSummary />
</deployment>