﻿<?xml version="1.0" encoding="utf-8"?>
<deployment>
  <id>temp-1ff8c3fa</id>
  <author>N/A</author>
  <deployer>GitHub</deployer>
  <authorEmail>N/A</authorEmail>
  <message>Fetch from https://github.com/Satoshi-Niina/Emergency-Assistance</message>
  <progress></progress>
  <status>Failed</status>
  <statusText>Deployment has been stopped due to SCM container restart. The restart can happen due to a management operation on site. Do not perform a management operation and a deployment operation in quick succession. Adding a small delay can help avoid any conflicts.</statusText>
  <lastSuccessEndTime />
  <receivedTime>2025-08-21T01:47:13.7798014Z</receivedTime>
  <startTime>2025-08-21T01:47:13.7798014Z</startTime>
  <endTime>2025-08-21T01:49:22.5489508Z</endTime>
  <complete>True</complete>
  <is_temp>True</is_temp>
  <is_readonly>False</is_readonly>
  <buildSummary />
</deployment>