﻿<?xml version="1.0" encoding="utf-8"?>
<deployment>
  <id>a3c51d67-a0fe-4eb9-87ee-5594b8949401</id>
  <author>N/A</author>
  <deployer>OneDeploy</deployer>
  <authorEmail>N/A</authorEmail>
  <message>OneDeploy</message>
  <progress></progress>
  <status>Success</status>
  <statusText></statusText>
  <lastSuccessEndTime>2025-09-23T11:17:49.5790121Z</lastSuccessEndTime>
  <receivedTime>2025-09-23T11:16:45.4701518Z</receivedTime>
  <startTime>2025-09-23T11:16:46.8127982Z</startTime>
  <endTime>2025-09-23T11:17:49.5790121Z</endTime>
  <complete>True</complete>
  <is_temp>False</is_temp>
  <is_readonly>True</is_readonly>
  <buildSummary />
</deployment>