﻿<?xml version="1.0" encoding="utf-8"?>
<deployment>
  <id>defef2ac-7a3a-4e1d-a183-b8723b1266b7</id>
  <author>N/A</author>
  <deployer>Push-Deployer</deployer>
  <authorEmail>N/A</authorEmail>
  <message>Created via a push deployment</message>
  <progress></progress>
  <status>Success</status>
  <statusText></statusText>
  <lastSuccessEndTime>2025-09-30T02:25:59.0997939Z</lastSuccessEndTime>
  <receivedTime>2025-09-30T02:25:53.7662135Z</receivedTime>
  <startTime>2025-09-30T02:25:55.463312Z</startTime>
  <endTime>2025-09-30T02:25:59.0997939Z</endTime>
  <complete>True</complete>
  <is_temp>False</is_temp>
  <is_readonly>True</is_readonly>
  <buildSummary />
</deployment>