﻿<?xml version="1.0" encoding="utf-8"?>
<deployment>
  <id>f532d238-8942-4bbf-a984-c5a6502f7b6b</id>
  <author>N/A</author>
  <deployer>OneDeploy</deployer>
  <authorEmail>N/A</authorEmail>
  <message>OneDeploy</message>
  <progress></progress>
  <status>Success</status>
  <statusText></statusText>
  <lastSuccessEndTime>2025-11-10T12:05:16.5106909Z</lastSuccessEndTime>
  <receivedTime>2025-11-10T12:00:56.8346763Z</receivedTime>
  <startTime>2025-11-10T12:00:58.2808837Z</startTime>
  <endTime>2025-11-10T12:05:16.5106909Z</endTime>
  <complete>True</complete>
  <is_temp>False</is_temp>
  <is_readonly>True</is_readonly>
  <buildSummary />
</deployment>