﻿<?xml version="1.0" encoding="utf-8"?>
<deployment>
  <id>f199836a-5f44-4b8b-b470-921dcbd231c1</id>
  <author>N/A</author>
  <deployer>OneDeploy</deployer>
  <authorEmail>N/A</authorEmail>
  <message>OneDeploy</message>
  <progress></progress>
  <status>Success</status>
  <statusText></statusText>
  <lastSuccessEndTime>2025-09-24T06:08:50.3740646Z</lastSuccessEndTime>
  <receivedTime>2025-09-24T06:05:33.6148518Z</receivedTime>
  <startTime>2025-09-24T06:05:35.0415025Z</startTime>
  <endTime>2025-09-24T06:08:50.3740646Z</endTime>
  <complete>True</complete>
  <is_temp>False</is_temp>
  <is_readonly>True</is_readonly>
  <buildSummary />
</deployment>