﻿<?xml version="1.0" encoding="utf-8"?>
<deployment>
  <id>4606fde9-4767-48bc-a795-79fc552802fe</id>
  <author>N/A</author>
  <deployer>Push-Deployer</deployer>
  <authorEmail>N/A</authorEmail>
  <message>Created via a push deployment</message>
  <progress></progress>
  <status>Success</status>
  <statusText></statusText>
  <lastSuccessEndTime>2025-09-30T02:55:20.9493341Z</lastSuccessEndTime>
  <receivedTime>2025-09-30T02:55:13.4012614Z</receivedTime>
  <startTime>2025-09-30T02:55:16.0607319Z</startTime>
  <endTime>2025-09-30T02:55:20.9493341Z</endTime>
  <complete>True</complete>
  <is_temp>False</is_temp>
  <is_readonly>True</is_readonly>
  <buildSummary />
</deployment>