﻿<?xml version="1.0" encoding="utf-8"?>
<deployment>
  <id>703a02c14737385aba719e81ab70fc035227f7e71759644006480</id>
  <author>Satoshi-Niina</author>
  <deployer>GitHub</deployer>
  <authorEmail />
  <message>{"type":"Deployment","sha":"703a02c14737385aba719e81ab70fc035227f7e7","repoName":"Satoshi-Niina/Emergency-Assistance","actor":"Satoshi-Niina","slotName":"production"}</message>
  <progress />
  <status>Success</status>
  <statusText />
  <lastSuccessEndTime>2025-10-05T06:00:06.6557475Z</lastSuccessEndTime>
  <receivedTime>2025-10-05T06:00:06.6557475Z</receivedTime>
  <startTime>2025-10-05T06:00:06.6557475Z</startTime>
  <endTime>2025-10-05T06:00:06.6557475Z</endTime>
  <complete>True</complete>
  <is_temp>False</is_temp>
  <is_readonly>True</is_readonly>
  <buildSummary />
</deployment>