﻿<?xml version="1.0" encoding="utf-8"?>
<deployment>
  <id>776a3b7d-8c6b-4d63-a4ce-4c9d96c55af7</id>
  <author>N/A</author>
  <deployer>OneDeploy</deployer>
  <authorEmail>N/A</authorEmail>
  <message>OneDeploy</message>
  <progress></progress>
  <status>Success</status>
  <statusText></statusText>
  <lastSuccessEndTime>2025-09-23T11:01:18.6745269Z</lastSuccessEndTime>
  <receivedTime>2025-09-23T10:58:35.1865988Z</receivedTime>
  <startTime>2025-09-23T10:58:36.5231939Z</startTime>
  <endTime>2025-09-23T11:01:18.6745269Z</endTime>
  <complete>True</complete>
  <is_temp>False</is_temp>
  <is_readonly>True</is_readonly>
  <buildSummary />
</deployment>