﻿<?xml version="1.0" encoding="utf-8"?>
<deployment>
  <id>4978c948-2f0a-4fac-a359-178b78140ff2</id>
  <author>N/A</author>
  <deployer>OneDeploy</deployer>
  <authorEmail>N/A</authorEmail>
  <message>OneDeploy</message>
  <progress></progress>
  <status>Success</status>
  <statusText></statusText>
  <lastSuccessEndTime>2025-11-10T11:48:06.8395949Z</lastSuccessEndTime>
  <receivedTime>2025-11-10T11:43:53.939571Z</receivedTime>
  <startTime>2025-11-10T11:43:55.3137891Z</startTime>
  <endTime>2025-11-10T11:48:06.8395949Z</endTime>
  <complete>True</complete>
  <is_temp>False</is_temp>
  <is_readonly>True</is_readonly>
  <buildSummary />
</deployment>