﻿<?xml version="1.0" encoding="utf-8"?>
<deployment>
  <id>48ef86c6-104b-40b2-a7ff-e93bc450e3e6</id>
  <author>N/A</author>
  <deployer>OneDeploy</deployer>
  <authorEmail>N/A</authorEmail>
  <message>OneDeploy</message>
  <progress></progress>
  <status>Success</status>
  <statusText></statusText>
  <lastSuccessEndTime>2025-11-12T08:08:21.1276096Z</lastSuccessEndTime>
  <receivedTime>2025-11-12T08:07:27.2230699Z</receivedTime>
  <startTime>2025-11-12T08:07:29.0639691Z</startTime>
  <endTime>2025-11-12T08:08:21.1276096Z</endTime>
  <complete>True</complete>
  <is_temp>False</is_temp>
  <is_readonly>True</is_readonly>
  <buildSummary />
</deployment>