﻿<?xml version="1.0" encoding="utf-8"?>
<deployment>
  <id>da71a5ca-1897-4789-a53f-caaaf59e0035</id>
  <author>N/A</author>
  <deployer>OneDeploy</deployer>
  <authorEmail>N/A</authorEmail>
  <message>OneDeploy</message>
  <progress></progress>
  <status>Success</status>
  <statusText></statusText>
  <lastSuccessEndTime>2025-09-23T11:10:30.6280951Z</lastSuccessEndTime>
  <receivedTime>2025-09-23T11:09:52.1599454Z</receivedTime>
  <startTime>2025-09-23T11:09:53.5773989Z</startTime>
  <endTime>2025-09-23T11:10:30.6280951Z</endTime>
  <complete>True</complete>
  <is_temp>False</is_temp>
  <is_readonly>True</is_readonly>
  <buildSummary />
</deployment>