﻿<?xml version="1.0" encoding="utf-8"?>
<deployment>
  <id>c3ecb9f9-d288-4933-9338-349ee1b92832</id>
  <author>N/A</author>
  <deployer>OneDeploy</deployer>
  <authorEmail>N/A</authorEmail>
  <message>OneDeploy</message>
  <progress></progress>
  <status>Success</status>
  <statusText></statusText>
  <lastSuccessEndTime>2025-11-10T05:36:46.1407377Z</lastSuccessEndTime>
  <receivedTime>2025-11-10T05:32:20.0954145Z</receivedTime>
  <startTime>2025-11-10T05:32:22.0415278Z</startTime>
  <endTime>2025-11-10T05:36:46.1407377Z</endTime>
  <complete>True</complete>
  <is_temp>False</is_temp>
  <is_readonly>True</is_readonly>
  <buildSummary />
</deployment>