<step title="Incoming Request" date="2025-11-08T00:59:56.333" instance="22b10c" url="/api/publish?async=true&amp;deployer=GITHUB_ONE_DEPLOY&amp;type=zip&amp;message=%7B%22type%22%3A%22deployment%22%2C%22sha%22%3A%2292050a6832e32efaf85420ac8f8ded1fc0158e29%22%2C%22repoName%22%3A%22Satoshi-Niina%2FEmergency-Assistance%22%2C%22actor%22%3A%22Satoshi-Niina%22%2C%22slotName%22%3A%22production%22%2C%22commitMessage%22%3A%22Fix%20Azure%20WebApp%20Deploy%20action%20parameters%20-%20remove%20invalid%20resource-group%20parameter%20and%20update%20to%20v3%22%7D" method="POST" type="request" pid="831,1,5" Host="emergency-assistance-bfckhjejb3fbf9du.scm.japanwest-01.azurewebsites.net" User-Agent="GITHUBACTIONS_DeployWebAppToAzure_6afaea893f47a147fa5dac857d1041ffd4a8f022e29971635168cd4dcb90f2c0" Authorization="Bea..." Content-Type="application/octet-stream" Cookie="ARRAffinity=22b10c938bfb8149b35fcbcb38624f0710e5df8fb4c8f5ac3083a96e2b0cc607;Path=/;HttpOnly;Secure;Domain=emergency-assistance-bfckhjejb3fbf9du.scm.japanwest-01.azurewebsites.net; ARRAffinitySameSite=22b10c938bfb8149b35fcbcb38624f0710e5df8fb4c8f5ac3083a96e2b0cc607;Path=/;HttpOnly;SameSite=None;Secure;Domain=emergency-assistance-bfckhjejb3fbf9du.scm.japanwest-01.azurewebsites.net" Transfer-Encoding="chunked" X-ARR-LOG-ID="56c9a7db-c36d-496d-ad60-600711961f1e" CLIENT-IP="20.55.223.211:2072" X-SITE-DEPLOYMENT-ID="Emergency-Assistance" WAS-DEFAULT-HOSTNAME="emergency-assistance-bfckhjejb3fbf9du.scm.japanwest-01.azurewebsites.net" X-Forwarded-Proto="https" X-AppService-Proto="https" X-Forwarded-TlsVersion="1.3" X-WAWS-Unencoded-URL="/api/publish?async=true&amp;deployer=GITHUB_ONE_DEPLOY&amp;type=zip&amp;message=%7B%22type%22%3A%22deployment%22%2C%22sha%22%3A%2292050a6832e32efaf85420ac8f8ded1fc0158e29%22%2C%22repoName%22%3A%22Satoshi-Niina%2FEmergency-Assistance%22%2C%22actor%22%3A%22Satoshi-Niina%22%2C%22slotName%22%3A%22production%22%2C%22commitMessage%22%3A%22Fix%20Azure%20WebApp%20Deploy%20action%20parameters%20-%20remove%20invalid%20resource-group%20parameter%20and%20update%20to%20v3%22%7D" X-Client-IP="20.55.223.211" X-Client-Port="2072" >
  <step title="Cleanup Xml Logs" date="2025-11-08T00:59:56.341" /><!-- duration: 7ms -->
  <step title="OneDeploy" date="2025-11-08T00:59:56.423" >
    <step title="None repository commit" date="2025-11-08T00:59:56.436" >
      <step title="Commit id: a1cc6bcb-18db-4fd5-b433-1e8ddcdf6c5a" date="2025-11-08T00:59:56.440" Message="N/A" AuthorName="N/A" AuthorEmail="N/A" /><!-- duration: 3ms -->
    </step><!-- duration: 10ms -->
    <step title="Starting PushDeployAsync" date="2025-11-08T00:59:56.451" /><!-- duration: 4ms -->
    <step title="Writing artifact to /tmp/zipdeploy/8e8a3e24-a10c-4a87-bb8c-51ee59a19fe5.zip" date="2025-11-08T00:59:56.474" >
      <step title="Writing multipart request body to /tmp/zipdeploy/8e8a3e24-a10c-4a87-bb8c-51ee59a19fe5.zip" date="2025-11-08T00:59:56.491" /><!-- duration: 11ms -->
    </step><!-- duration: 2890ms -->
    <step title="Start deployment in the background" date="2025-11-08T00:59:59.384" >
      <step title="Acquiring Deployment Lock" date="2025-11-08T00:59:59.417" /><!-- duration: 15ms -->
      <step title="Acquired Deployment Lock" date="2025-11-08T00:59:59.484" /><!-- duration: 17ms -->
    </step><!-- duration: 225ms -->
  </step><!-- duration: 3197ms -->
  <step title="Outgoing response" date="2025-11-08T00:59:59.635" type="response" statusCode="202" statusText="Accepted" /><!-- duration: 4ms -->
</step><!-- duration: 3310ms -->
