<step title="BackgroundTrace" date="2025-11-08T00:59:59.394" instance="22b10c" url="/api/publish" method="POST" >
  <step title="Cleanup Xml Logs" date="2025-11-08T00:59:59.397" /><!-- duration: 9ms -->
  <step title="Creating temporary deployment - FetchDeploymentManager" date="2025-11-08T00:59:59.514" /><!-- duration: 3ms -->
  <step title="Creating temporary deployment" date="2025-11-08T00:59:59.524" /><!-- duration: 77ms -->
  <step title="Performing fetch based deployment" date="2025-11-08T00:59:59.658" >
    <step title="Cleaning up temp folders from previous zip deployments and extracting pushed zip file /tmp/zipdeploy/8e8a3e24-a10c-4a87-bb8c-51ee59a19fe5.zip (41.94 MB) to /tmp/zipdeploy/extracted" date="2025-11-08T01:00:00.857" >
      <step title="ChmodRecursive Process exited with total time taken in ms: 479" date="2025-11-08T01:00:07.041" /><!-- duration: 11ms -->
    </step><!-- duration: 6243ms -->
    <step title="Deployment timer started" date="2025-11-08T01:00:09.162" >
      <step title="DeploymentManager.Deploy(id:a1cc6bcb-18db-4fd5-b433-1e8ddcdf6c5a)" date="2025-11-08T01:00:09.171" >
        <step title="Collecting changeset information" date="2025-11-08T01:00:09.237" /><!-- duration: 111ms -->
        <step title="Updating submodules" date="2025-11-08T01:00:09.354" /><!-- duration: 1173ms -->
        <step title="Determining deployment builder" date="2025-11-08T01:00:10.822" >
          <step title="Builder is OneDeployBuilder" date="2025-11-08T01:00:10.849" /><!-- duration: 4ms -->
        </step><!-- duration: 35ms -->
        <step title="PreDeployment: context.CleanOutputPath False" date="2025-11-08T01:00:10.926" >
          <step title="PreDeployment: context.OutputPath /home/site/wwwroot" date="2025-11-08T01:00:11.093" >
            <step title="Building" date="2025-11-08T01:00:11.254" >
              <step title="Executing external process" date="2025-11-08T01:00:12.061" type="process" path="starter.sh" arguments="/opt/Kudu/Scripts/absoluteTar.sh /tmp/zipdeploy/extracted/node_modules /tmp/zipdeploy/extracted/node_modules.tar.gz" /><!-- duration: 1677ms -->
              <step title="Executing external process" date="2025-11-08T01:00:14.331" type="process" path="starter.sh" arguments="/opt/Kudu/Scripts/parallel_rsync.sh /tmp/zipdeploy/extracted /home/site/wwwroot 8 /tmp/ False False node_modules " /><!-- duration: 12060ms -->
              <step title="Modified file to trigger a restart of the app container." date="2025-11-08T01:00:27.268" /><!-- duration: 6ms -->
              <step title="Skip function trigger and logicapp sync because function is not enabled." date="2025-11-08T01:00:27.288" /><!-- duration: 22ms -->
            </step><!-- duration: 16833ms -->
          </step><!-- duration: 17002ms -->
          <step title="Cleaning up temp files" date="2025-11-08T01:00:28.098" /><!-- duration: 5ms -->
          <step title="Cleaning up temp files" date="2025-11-08T01:00:28.120" /><!-- duration: 511ms -->
          <step title="Reloading status file with latest updates" date="2025-11-08T01:00:28.659" >
            <step title="WebHooksManager.PublishEventAsync: PostDeployment" date="2025-11-08T01:00:28.664" /><!-- duration: 107ms -->
          </step><!-- duration: 115ms -->
          <step title="Cleaning up temporary deployment - fetch deployment was successful" date="2025-11-08T01:00:28.780" /><!-- duration: 4ms -->
        </step><!-- duration: 17936ms -->
      </step><!-- duration: 19711ms -->
