<step title="Incoming Request" date="2025-11-08T00:55:26.621" instance="22b10c" url="/api/zipdeploy?isAsync=true&amp;deployer=GITHUB_ZIP_DEPLOY&amp;message=%7B%22type%22%3A%22deployment%22%2C%22sha%22%3A%222c640fee11300b3eb369558c284105aa40d5ca2c%22%2C%22repoName%22%3A%22Satoshi-Niina%2FEmergency-Assistance%22%2C%22actor%22%3A%22Satoshi-Niina%22%2C%22slotName%22%3A%22production%22%2C%22commitMessage%22%3A%22Complete%20migration%20to%20ZIP%20deployment%20-%20Remove%20all%20Docker%20code%20and%20configure%20Node.js%20runtime%22%7D" method="POST" type="request" pid="831,1,5" Host="emergency-assistance-bfckhjejb3fbf9du.scm.japanwest-01.azurewebsites.net" User-Agent="GITHUBACTIONS_DeployWebAppToAzure_6afaea893f47a147fa5dac857d1041ffd4a8f022e29971635168cd4dcb90f2c0" Authorization="Bea..." Content-Type="application/octet-stream" Cookie="ARRAffinity=22b10c938bfb8149b35fcbcb38624f0710e5df8fb4c8f5ac3083a96e2b0cc607;Path=/;HttpOnly;Secure;Domain=emergency-assistance-bfckhjejb3fbf9du.scm.japanwest-01.azurewebsites.net; ARRAffinitySameSite=22b10c938bfb8149b35fcbcb38624f0710e5df8fb4c8f5ac3083a96e2b0cc607;Path=/;HttpOnly;SameSite=None;Secure;Domain=emergency-assistance-bfckhjejb3fbf9du.scm.japanwest-01.azurewebsites.net" Transfer-Encoding="chunked" X-ARR-LOG-ID="fa23f96a-639f-40d3-8bca-90775fdfba8a" CLIENT-IP="20.236.100.2:19456" X-SITE-DEPLOYMENT-ID="Emergency-Assistance" WAS-DEFAULT-HOSTNAME="emergency-assistance-bfckhjejb3fbf9du.scm.japanwest-01.azurewebsites.net" X-Forwarded-Proto="https" X-AppService-Proto="https" X-Forwarded-TlsVersion="1.3" X-WAWS-Unencoded-URL="/api/zipdeploy?isAsync=true&amp;deployer=GITHUB_ZIP_DEPLOY&amp;message=%7B%22type%22%3A%22deployment%22%2C%22sha%22%3A%222c640fee11300b3eb369558c284105aa40d5ca2c%22%2C%22repoName%22%3A%22Satoshi-Niina%2FEmergency-Assistance%22%2C%22actor%22%3A%22Satoshi-Niina%22%2C%22slotName%22%3A%22production%22%2C%22commitMessage%22%3A%22Complete%20migration%20to%20ZIP%20deployment%20-%20Remove%20all%20Docker%20code%20and%20configure%20Node.js%20runtime%22%7D" X-Client-IP="20.236.100.2" X-Client-Port="19456" >
  <step title="Cleanup Xml Logs" date="2025-11-08T00:55:26.625" /><!-- duration: 6ms -->
  <step title="ZipPushDeploy" date="2025-11-08T00:55:26.711" >
    <step title="ZipDeploy. Extract zip." date="2025-11-08T00:55:26.740" /><!-- duration: 9ms -->
    <step title="None repository commit" date="2025-11-08T00:55:26.758" >
      <step title="Commit id: 5c929f6f-6f6b-441f-bf82-1c9e48b000fa" date="2025-11-08T00:55:26.763" Message="N/A" AuthorName="N/A" AuthorEmail="N/A" /><!-- duration: 6ms -->
    </step><!-- duration: 15ms -->
    <step title="Starting PushDeployAsync" date="2025-11-08T00:55:26.777" /><!-- duration: 4ms -->
    <step title="Writing artifact to /tmp/zipdeploy/516c6bf6-ef22-4c50-85c4-9922227c0c71.zip" date="2025-11-08T00:55:26.809" >
      <step title="Writing multipart request body to /tmp/zipdeploy/516c6bf6-ef22-4c50-85c4-9922227c0c71.zip" date="2025-11-08T00:55:26.813" /><!-- duration: 7ms -->
    </step><!-- duration: 2590ms -->
    <step title="Start deployment in the background" date="2025-11-08T00:55:29.417" >
      <step title="Acquiring Deployment Lock" date="2025-11-08T00:55:29.439" /><!-- duration: 11ms -->
      <step title="Acquired Deployment Lock" date="2025-11-08T00:55:29.518" /><!-- duration: 4ms -->
    </step><!-- duration: 212ms -->
  </step><!-- duration: 2923ms -->
  <step title="Outgoing response" date="2025-11-08T00:55:29.656" type="response" statusCode="202" statusText="Accepted" /><!-- duration: 4ms -->
</step><!-- duration: 3043ms -->
