﻿<?xml version="1.0" encoding="utf-8"?>
<deployment>
  <id>5147e140-5bf0-476b-9285-cdf748d9da4c</id>
  <author>N/A</author>
  <deployer>OneDeploy</deployer>
  <authorEmail>N/A</authorEmail>
  <message>OneDeploy</message>
  <progress></progress>
  <status>Success</status>
  <statusText></statusText>
  <lastSuccessEndTime>2025-09-23T12:04:32.3772715Z</lastSuccessEndTime>
  <receivedTime>2025-09-23T12:01:16.5090649Z</receivedTime>
  <startTime>2025-09-23T12:01:17.8988449Z</startTime>
  <endTime>2025-09-23T12:04:32.3772715Z</endTime>
  <complete>True</complete>
  <is_temp>False</is_temp>
  <is_readonly>True</is_readonly>
  <buildSummary />
</deployment>