﻿<?xml version="1.0" encoding="utf-8"?>
<deployment>
  <id>cee5be0f-5af3-4d70-b079-f95c7aa5a85a</id>
  <author>N/A</author>
  <deployer>Push-Deployer</deployer>
  <authorEmail>N/A</authorEmail>
  <message>N/A</message>
  <progress></progress>
  <status>Failed</status>
  <statusText></statusText>
  <lastSuccessEndTime />
  <receivedTime>2025-08-20T11:35:20.1514611Z</receivedTime>
  <startTime>2025-08-20T11:35:21.6611935Z</startTime>
  <endTime>2025-08-20T11:39:02.079027Z</endTime>
  <complete>True</complete>
  <is_temp>False</is_temp>
  <is_readonly>True</is_readonly>
  <buildSummary />
</deployment>