﻿<?xml version="1.0" encoding="utf-8"?>
<deployment>
  <id>5158a709-6004-487d-bda4-3cca009c9ee2</id>
  <author>N/A</author>
  <deployer>OneDeploy</deployer>
  <authorEmail>N/A</authorEmail>
  <message>OneDeploy</message>
  <progress>Running oryx build...</progress>
  <status>Building</status>
  <statusText>Building and Deploying '5158a709-6004-487d-bda4-3cca009c9ee2'.</statusText>
  <lastSuccessEndTime />
  <receivedTime>2025-11-12T04:05:33.2612916Z</receivedTime>
  <startTime>2025-11-12T04:05:35.1704776Z</startTime>
  <endTime />
  <complete>False</complete>
  <is_temp>False</is_temp>
  <is_readonly>True</is_readonly>
  <buildSummary />
</deployment>