﻿<?xml version="1.0" encoding="utf-8"?>
<deployment>
  <id>4d4241a0-e96a-4dfb-a05a-baf4f3233617</id>
  <author>N/A</author>
  <deployer>OneDeploy</deployer>
  <authorEmail>N/A</authorEmail>
  <message>OneDeploy</message>
  <progress></progress>
  <status>Success</status>
  <statusText></statusText>
  <lastSuccessEndTime>2025-09-30T01:55:29.8560449Z</lastSuccessEndTime>
  <receivedTime>2025-09-30T01:49:52.5575392Z</receivedTime>
  <startTime>2025-09-30T01:49:53.9054593Z</startTime>
  <endTime>2025-09-30T01:55:29.8560449Z</endTime>
  <complete>True</complete>
  <is_temp>False</is_temp>
  <is_readonly>True</is_readonly>
  <buildSummary />
</deployment>