﻿<?xml version="1.0" encoding="utf-8"?>
<deployment>
  <id>cb3e317b-59f7-4305-b4db-76fdb934d1ea</id>
  <author>N/A</author>
  <deployer>Push-Deployer</deployer>
  <authorEmail>N/A</authorEmail>
  <message>Created via a push deployment</message>
  <progress></progress>
  <status>Failed</status>
  <statusText></statusText>
  <lastSuccessEndTime />
  <receivedTime>2025-11-08T00:15:16.9906645Z</receivedTime>
  <startTime>2025-11-08T00:15:18.5424865Z</startTime>
  <endTime>2025-11-08T00:19:36.4634289Z</endTime>
  <complete>True</complete>
  <is_temp>False</is_temp>
  <is_readonly>True</is_readonly>
  <buildSummary />
</deployment>