﻿<?xml version="1.0" encoding="utf-8"?>
<deployment>
  <id>2771c2ad-a9f8-467d-9b46-c8fa5a579561</id>
  <author>N/A</author>
  <deployer>GITHUB_ZIP_DEPLOY</deployer>
  <authorEmail>N/A</authorEmail>
  <message>{"type":"deployment","sha":"1a24a6ec7f74c4959badd8af6073baef4328d586","repoName":"Satoshi-Niina/Emergency-Assistance","actor":"Satoshi-Niina","slotName":"production","commitMessage":"Fix: Correct YAML indentation in backend workflow\n\n- Fixed indentation issues in steps section\n- Resolves 'Invalid workflow file' error at line 17\n- Backend workflow should now execute properly"}</message>
  <progress></progress>
  <status>Success</status>
  <statusText></statusText>
  <lastSuccessEndTime>2025-10-02T00:49:33.5865433Z</lastSuccessEndTime>
  <receivedTime>2025-10-02T00:49:29.8239615Z</receivedTime>
  <startTime>2025-10-02T00:49:31.729073Z</startTime>
  <endTime>2025-10-02T00:49:33.5865433Z</endTime>
  <complete>True</complete>
  <is_temp>False</is_temp>
  <is_readonly>True</is_readonly>
  <buildSummary />
</deployment>