{
  "name": "emergency-assistance-azure-server",
  "version": "1.0.0",
  "type": "module",
  "description": "Azure App Service専用サーバー",
  "main": "azure-server.js",
  "scripts": {
    "start": "node azure-server.js"
  },
  "dependencies": {
    "express": "^4.18.2",
    "cors": "^2.8.5",
    "pg": "^8.11.3",
    "helmet": "^7.1.0",
    "morgan": "^1.10.0",
    "express-session": "^1.17.3",
    "cookie-parser": "^1.4.6",
    "jsonwebtoken": "^9.0.2",
    "bcryptjs": "^2.4.3"
  },
  "engines": {
    "node": ">=20.0.0"
  },
  "keywords": ["azure", "app-service", "linux", "production"],
  "author": "Emergency Assistance Team",
  "license": "MIT"
}
