﻿<?xml version="1.0" encoding="utf-8"?>
<deployment>
  <id>47954ba5-d2e2-495e-b74c-3e1d943c9a2f</id>
  <author>N/A</author>
  <deployer>OneDeploy</deployer>
  <authorEmail>N/A</authorEmail>
  <message>OneDeploy</message>
  <progress></progress>
  <status>Success</status>
  <statusText></statusText>
  <lastSuccessEndTime>2025-11-10T21:48:34.1436648Z</lastSuccessEndTime>
  <receivedTime>2025-11-10T21:45:05.2750132Z</receivedTime>
  <startTime>2025-11-10T21:45:06.7078849Z</startTime>
  <endTime>2025-11-10T21:48:34.1436648Z</endTime>
  <complete>True</complete>
  <is_temp>False</is_temp>
  <is_readonly>True</is_readonly>
  <buildSummary />
</deployment>