<step title="BackgroundTrace" date="2025-08-21T01:47:12.585" instance="66379d" url="/deploy" method="POST" >
  <step title="Creating temporary deployment - FetchDeploymentManager" date="2025-08-21T01:47:13.668" /><!-- duration: 12ms -->
  <step title="Creating temporary deployment" date="2025-08-21T01:47:13.700" /><!-- duration: 261ms -->
  <step title="Performing fetch based deployment" date="2025-08-21T01:47:14.772" >
    <step title="Deployment timer started" date="2025-08-21T01:47:28.750" >
      <step title="DeploymentManager.Deploy(id:cb12e8f83b6b8a2bd7649aa478ee5a666c132f31)" date="2025-08-21T01:47:28.762" >
        <step title="Collecting changeset information" date="2025-08-21T01:47:28.822" /><!-- duration: 128ms -->
        <step title="Updating submodules" date="2025-08-21T01:47:28.959" /><!-- duration: 1157ms -->
        <step title="Determining deployment builder" date="2025-08-21T01:47:30.361" >
          <step title="Builder is OryxBuilder" date="2025-08-21T01:47:30.368" /><!-- duration: 19ms -->
        </step><!-- duration: 33ms -->
        <step title="PreDeployment: context.CleanOutputPath False" date="2025-08-21T01:47:30.451" >
          <step title="PreDeployment: context.OutputPath /home/site/wwwroot" date="2025-08-21T01:47:30.589" >
            <step title="Building" date="2025-08-21T01:47:30.755" >
              <step title="Executing external process" date="2025-08-21T01:47:31.104" type="process" path="bash" arguments="-c &quot;oryx build /home/site/repository -o /home/site/wwwroot --platform nodejs --platform-version 18 -p virtualenv_name= --log-file /tmp/build-debug.log  -i /tmp/8dde054b0c56cba -p compress_node_modules=tar-gz | tee /tmp/oryx-build.log ; exit $PIPESTATUS &quot;" 