<step title="Incoming Request" date="2025-08-20T11:29:15.691" instance="66379d" url="/deploy?scmType=ExternalGit&amp;isAsync=true" method="POST" type="request" pid="770,1,7" Host="emergency-backend-app.scm.azurewebsites.net" User-Agent="Azure-WebSites-Controller/105.0.7.92" Authorization="Bas..." Expect="100-continue" Content-Length="93" x-ms-request-id="d1c8541e-b823-4866-b25e-8f7c0e6056b4" X-ARR-LOG-ID="d1c8541e-b823-4866-b25e-8f7c0e6056b4" CLIENT-IP="40.74.100.143:48576" X-SITE-DEPLOYMENT-ID="emergency-backend-app" WAS-DEFAULT-HOSTNAME="emergency-backend-app.scm.azurewebsites.net" X-MS-PLATFORM-INTERNAL="True" X-Forwarded-Proto="https" X-AppService-Proto="https" X-Forwarded-TlsVersion="1.3" X-WAWS-Unencoded-URL="/deploy?scmType=ExternalGit&amp;isAsync=true" X-Client-IP="40.74.100.143" X-Client-Port="48576" >
  <step title="FetchHandler" date="2025-08-20T11:29:15.783" >
    <step title="GitExeRepository.Initialize" date="2025-08-20T11:29:15.926" >
      <step title="Executing external process" date="2025-08-20T11:29:15.944" type="process" path="git" arguments="init" >
        <step title="Process dump" date="2025-08-20T11:29:16.058" exitCode="128" type="processOutput" /><!-- duration: 10ms -->
      </step><!-- duration: 135ms -->
    </step><!-- duration: 166ms -->
  </step><!-- duration: 319ms -->
  <step title="Error occurred" date="2025-08-20T11:29:16.171" type="error" text="fatal: cannot copy &apos;/usr/share/git-core/templates/description&apos; to &apos;/home/site/repository/.git/description&apos;: File exists

/usr/bin/git init" stackTrace="   at Kudu.Core.Infrastructure.Executable.Execute(ITracer tracer, String arguments, Object[] args) in /tmp/KuduLite/Kudu.Core/Infrastructure/Executable.cs:line 79
   at Kudu.Core.SourceControl.Git.GitExeRepository.Initialize() in /tmp/KuduLite/Kudu.Core/SourceControl/Git/GitExeRepository.cs:line 123
   at Kudu.Core.SourceControl.RepositoryFactory.EnsureRepository(RepositoryType repositoryType) in /tmp/KuduLite/Kudu.Core/SourceControl/RepositoryFactory.cs:line 91
   at Kudu.Core.Deployment.FetchDeploymentManager.GetDeploymentTracer(DeploymentInfoBase deploymentInfo, ITracer tracer) in /tmp/KuduLite/Kudu.Core/Deployment/FetchDeploymentManager.cs:line 489
   at Kudu.Core.Deployment.FetchDeploymentManager.FetchDeploy(DeploymentInfoBase deployInfo, Boolean asyncRequested, Uri requestUri, String targetBranch) in /tmp/KuduLite/Kudu.Core/Deployment/FetchDeploymentManager.cs:line 86
   at Kudu.Services.FetchHandlerMiddleware.Invoke(HttpContext context, ITracer tracer, IDeploymentSettingsManager settings, IFetchDeploymentManager manager, IEnumerable`1 serviceHookHandlers) in /tmp/KuduLite/Kudu.Services/ServiceHookHandlers/FetchHandlerMiddleware.cs:line 79
   at Microsoft.AspNetCore.Builder.Extensions.MapMiddleware.InvokeCore(HttpContext context, PathString matchedPath, PathString remainingPath)
   at Kudu.Services.Web.Tracing.TraceMiddleware.Invoke(HttpContext context) in /tmp/KuduLite/Kudu.Services.Web/Tracing/TraceMiddleware.cs:line 101" /><!-- duration: 31ms -->
  <step title="Incoming Request" date="2025-08-20T11:29:16.301" url="/Error?scmType=ExternalGit&amp;isAsync=true" method="POST" type="request" pid="770,1,7" Host="emergency-backend-app.scm.azurewebsites.net" User-Agent="Azure-WebSites-Controller/105.0.7.92" Authorization="Bas..." Expect="100-continue" Content-Length="93" x-ms-request-id="d1c8541e-b823-4866-b25e-8f7c0e6056b4" X-ARR-LOG-ID="d1c8541e-b823-4866-b25e-8f7c0e6056b4" CLIENT-IP="40.74.100.143:48576" X-SITE-DEPLOYMENT-ID="emergency-backend-app" WAS-DEFAULT-HOSTNAME="emergency-backend-app.scm.azurewebsites.net" X-MS-PLATFORM-INTERNAL="True" X-Forwarded-Proto="https" X-AppService-Proto="https" X-Forwarded-TlsVersion="1.3" X-WAWS-Unencoded-URL="/deploy?scmType=ExternalGit&amp;isAsync=true" X-Client-IP="40.74.100.143" X-Client-Port="48576" >
    <step title="Outgoing response" date="2025-08-20T11:29:16.381" type="response" statusCode="400" statusText="BadRequest" /><!-- duration: 21ms -->
  </step><!-- duration: 119ms -->
