<step title="Incoming Request" date="2025-08-21T01:47:11.291" instance="66379d" url="/deploy?scmType=ExternalGit&amp;isAsync=true" method="POST" type="request" pid="767,1,23" Host="emergency-backend-app.scm.azurewebsites.net" User-Agent="Azure-WebSites-Controller/105.0.7.92" Authorization="Bas..." Expect="100-continue" Content-Length="93" x-ms-request-id="2a5b5650-f998-49eb-a532-60066530f33f" X-ARR-LOG-ID="2a5b5650-f998-49eb-a532-60066530f33f" CLIENT-IP="40.74.100.143:48579" X-SITE-DEPLOYMENT-ID="emergency-backend-app" WAS-DEFAULT-HOSTNAME="emergency-backend-app.scm.azurewebsites.net" X-MS-PLATFORM-INTERNAL="True" X-Forwarded-Proto="https" X-AppService-Proto="https" X-Forwarded-TlsVersion="1.3" X-WAWS-Unencoded-URL="/deploy?scmType=ExternalGit&amp;isAsync=true" X-Client-IP="40.74.100.143" X-Client-Port="48579" >
  <step title="Cleanup Xml Logs" date="2025-08-21T01:47:11.309" /><!-- duration: 42ms -->
  <step title="FetchHandler" date="2025-08-21T01:47:11.450" >
    <step title="Executing external process" date="2025-08-21T01:47:11.661" type="process" path="git" arguments="rev-parse --git-dir" /><!-- duration: 191ms -->
    <step title="Executing external process" date="2025-08-21T01:47:11.902" type="process" path="git" arguments="rev-parse --git-dir" /><!-- duration: 59ms -->
    <step title="Executing external process" date="2025-08-21T01:47:11.991" type="process" path="git" arguments="log -n 1 main --" /><!-- duration: 504ms -->
    <step title="Start deployment in the background" date="2025-08-21T01:47:12.553" >
      <step title="Executing external process" date="2025-08-21T01:47:12.675" type="process" path="git" arguments="rev-parse --git-dir" /><!-- duration: 71ms -->
      <step title="Executing external process" date="2025-08-21T01:47:13.026" type="process" path="git" arguments="rev-parse --git-dir" /><!-- duration: 141ms -->
      <step title="Executing external process" date="2025-08-21T01:47:13.189" type="process" path="git" arguments="log -n 1 main --" /><!-- duration: 219ms -->
      <step title="Acquiring Deployment Lock" date="2025-08-21T01:47:13.439" /><!-- duration: 20ms -->
      <step title="Acquired Deployment Lock" date="2025-08-21T01:47:13.618" /><!-- duration: 33ms -->
    </step><!-- duration: 1437ms -->
  </step><!-- duration: 2579ms -->
  <step title="Outgoing response" date="2025-08-21T01:47:14.060" type="response" statusCode="202" statusText="Accepted" /><!-- duration: 39ms -->
</step><!-- duration: 2819ms -->
