<step title="Incoming Request" date="2025-08-20T11:29:15.692" instance="66379d" url="/deploy?scmType=ExternalGit&amp;isAsync=true" method="POST" type="request" pid="770,1,5" Host="emergency-backend-app.scm.azurewebsites.net" User-Agent="Azure-WebSites-Controller/105.0.7.92" Authorization="Bas..." Expect="100-continue" Content-Length="93" x-ms-request-id="4df73091-14df-4aa7-9913-a20e5bf87fbb" X-ARR-LOG-ID="4df73091-14df-4aa7-9913-a20e5bf87fbb" CLIENT-IP="40.74.100.143:48577" X-SITE-DEPLOYMENT-ID="emergency-backend-app" WAS-DEFAULT-HOSTNAME="emergency-backend-app.scm.azurewebsites.net" X-MS-PLATFORM-INTERNAL="True" X-Forwarded-Proto="https" X-AppService-Proto="https" X-Forwarded-TlsVersion="1.3" X-WAWS-Unencoded-URL="/deploy?scmType=ExternalGit&amp;isAsync=true" X-Client-IP="40.74.100.143" X-Client-Port="48577" >
  <step title="FetchHandler" date="2025-08-20T11:29:15.754" >
    <step title="GitExeRepository.Initialize" date="2025-08-20T11:29:15.925" >
      <step title="Executing external process" date="2025-08-20T11:29:15.943" type="process" path="git" arguments="init" /><!-- duration: 666ms -->
      <step title="Executing external process" date="2025-08-20T11:29:16.615" type="process" path="git" arguments="config core.autocrlf false" /><!-- duration: 36ms -->
      <step title="Executing external process" date="2025-08-20T11:29:16.661" type="process" path="git" arguments="config core.preloadindex true" /><!-- duration: 25ms -->
      <step title="Executing external process" date="2025-08-20T11:29:16.691" type="process" path="git" arguments="config user.name &quot;unknown&quot;" /><!-- duration: 31ms -->
      <step title="Executing external process" date="2025-08-20T11:29:16.743" type="process" path="git" arguments="config user.email &quot;unknown&quot;" /><!-- duration: 26ms -->
      <step title="Executing external process" date="2025-08-20T11:29:16.776" type="process" path="git" arguments="config filter.lfs.clean &quot;git-lfs clean %f&quot;" /><!-- duration: 25ms -->
      <step title="Executing external process" date="2025-08-20T11:29:16.807" type="process" path="git" arguments="config filter.lfs.smudge &quot;git-lfs smudge %f&quot;" /><!-- duration: 30ms -->
      <step title="Executing external process" date="2025-08-20T11:29:16.843" type="process" path="git" arguments="config filter.lfs.required true" /><!-- duration: 24ms -->
      <step title="Configure git server" date="2025-08-20T11:29:16.873" >
        <step title="Executing external process" date="2025-08-20T11:29:16.880" type="process" path="git" arguments="config receive.denyCurrentBranch ignore" /><!-- duration: 26ms -->
      </step><!-- duration: 39ms -->
      <step title="Create deny users for .git folder" date="2025-08-20T11:29:16.918" /><!-- duration: 52ms -->
      <step title="Configure git-credential" date="2025-08-20T11:29:16.977" >
        <step title="Executing external process" date="2025-08-20T11:29:17.014" type="process" path="git" arguments="config credential.helper &quot;!&apos;/home/site/repository/.git/hooks/git-credential-invalid.sh&apos;&quot;" /><!-- duration: 31ms -->
      </step><!-- duration: 73ms -->
      <step title="Setup post receive hook" date="2025-08-20T11:29:17.056" >
        <step title="Non-Windows enviroment, granting 755 permission to post-receive hook file" date="2025-08-20T11:29:17.080" /><!-- duration: 28ms -->
      </step><!-- duration: 59ms -->
    </step><!-- duration: 1195ms -->
    <step title="Executing external process" date="2025-08-20T11:29:17.128" type="process" path="git" arguments="log -n 1 main --" >
      <step title="Process dump" date="2025-08-20T11:29:17.156" exitCode="128" type="processOutput" /><!-- duration: 7ms -->
    </step><!-- duration: 41ms -->
    <step title="Start deployment in the background" date="2025-08-20T11:29:17.176" >
      <step title="Executing external process" date="2025-08-20T11:29:17.219" type="process" path="git" arguments="rev-parse --git-dir" /><!-- duration: 20ms -->
      <step title="Executing external process" date="2025-08-20T11:29:17.245" type="process" path="git" arguments="rev-parse --git-dir" /><!-- duration: 19ms -->
      <step title="Executing external process" date="2025-08-20T11:29:17.274" type="process" path="git" arguments="log -n 1 main --" >
        <step title="Process dump" date="2025-08-20T11:29:17.302" exitCode="128" type="processOutput" /><!-- duration: 12ms -->
      </step><!-- duration: 52ms -->
      <step title="Acquiring Deployment Lock" date="2025-08-20T11:29:17.342" /><!-- duration: 5ms -->
      <step title="Acquired Deployment Lock" date="2025-08-20T11:29:17.403" /><!-- duration: 6ms -->
    </step><!-- duration: 340ms -->
  </step><!-- duration: 1767ms -->
  <step title="Outgoing response" date="2025-08-20T11:29:17.528" type="response" statusCode="202" statusText="Accepted" /><!-- duration: 21ms -->
</step><!-- duration: 1865ms -->
