﻿<?xml version="1.0" encoding="utf-8"?>
<deployment>
  <id>d5042e39-7bc7-41b9-bf9c-058ac1d96115</id>
  <author>N/A</author>
  <deployer>OneDeploy</deployer>
  <authorEmail>N/A</authorEmail>
  <message>OneDeploy</message>
  <progress></progress>
  <status>Success</status>
  <statusText></statusText>
  <lastSuccessEndTime>2025-11-10T05:30:39.8833033Z</lastSuccessEndTime>
  <receivedTime>2025-11-10T05:26:31.5400797Z</receivedTime>
  <startTime>2025-11-10T05:26:33.0267675Z</startTime>
  <endTime>2025-11-10T05:30:39.8833033Z</endTime>
  <complete>True</complete>
  <is_temp>False</is_temp>
  <is_readonly>True</is_readonly>
  <buildSummary />
</deployment>