﻿<?xml version="1.0" encoding="utf-8"?>
<deployment>
  <id>051ab3fb-6373-4bec-bdb9-5b68ddbea6f8</id>
  <author>N/A</author>
  <deployer>OneDeploy</deployer>
  <authorEmail>N/A</authorEmail>
  <message>OneDeploy</message>
  <progress></progress>
  <status>Success</status>
  <statusText></statusText>
  <lastSuccessEndTime>2025-09-23T11:37:24.80124Z</lastSuccessEndTime>
  <receivedTime>2025-09-23T11:33:59.8872312Z</receivedTime>
  <startTime>2025-09-23T11:34:01.3237376Z</startTime>
  <endTime>2025-09-23T11:37:24.80124Z</endTime>
  <complete>True</complete>
  <is_temp>False</is_temp>
  <is_readonly>True</is_readonly>
  <buildSummary />
</deployment>