﻿<?xml version="1.0" encoding="utf-8"?>
<deployment>
  <id>7c1730f6-4ffb-46b9-b059-64aa66a27816</id>
  <author>N/A</author>
  <deployer>OneDeploy</deployer>
  <authorEmail>N/A</authorEmail>
  <message>OneDeploy</message>
  <progress></progress>
  <status>Success</status>
  <statusText></statusText>
  <lastSuccessEndTime>2025-07-03T11:59:04.88274Z</lastSuccessEndTime>
  <receivedTime>2025-07-03T11:55:20.490102Z</receivedTime>
  <startTime>2025-07-03T11:55:21.7338919Z</startTime>
  <endTime>2025-07-03T11:59:04.88274Z</endTime>
  <complete>True</complete>
  <is_temp>False</is_temp>
  <is_readonly>True</is_readonly>
  <buildSummary />
</deployment>